match_id,balls_per_over,city,date,event,gender,match_type,season,toss_decision,toss_winner,venue,winner,team1,team2,team1_won,team1_win_rate,team2_win_rate,team1_recent_form,team2_recent_form,team1_venue_win_rate,team2_venue_win_rate,toss_won_by_team1,team1_bat_first,win_rate_diff,h2h_win_rate_team1,team1_batting_strength,team2_batting_strength,batting_diff,team1_bowling_strength,team2_bowling_strength
335982,6,Bangalore,2008-04-18,Indian Premier League,male,T20,2007/08,field,Royal Challengers Bangalore,M Chinnaswamy Stadium,Kolkata Knight Riders,Royal Challengers Bengaluru,Kolkata Knight Riders,0,0.5,0.5,0.5,0.5,0.5,0.5,0,0,0.0,0.5,160.0,160.0,0.0,160.0,160.0
335983,6,Chandigarh,2008-04-19,Indian Premier League,male,T20,2007/08,bat,Chennai Super Kings,"""Punjab Cricket Association Stadium, Mohali""",Chennai Super Kings,Punjab Kings,Chennai Super Kings,0,0.5,0.5,0.5,0.5,0.5,0.5,0,0,0.0,0.5,160.0,160.0,0.0,160.0,160.0
335984,6,Delhi,2008-04-19,Indian Premier League,male,T20,2007/08,bat,Rajasthan Royals,Feroz Shah Kotla,Delhi Capitals,Delhi Capitals,Rajasthan Royals,1,0.5,0.5,0.5,0.5,0.5,0.5,0,0,0.0,0.5,160.0,160.0,0.0,160.0,160.0
335986,6,Kolkata,2008-04-20,Indian Premier League,male,T20,2007/08,bat,Deccan Chargers,Eden Gardens,Kolkata Knight Riders,Kolkata Knight Riders,Deccan Chargers,1,1.0,0.5,1.0,0.5,0.5,0.5,0,0,0.5,0.5,222.0,160.0,62.0,82.0,160.0
335985,6,Mumbai,2008-04-20,Indian Premier League,male,T20,2007/08,bat,Mumbai Indians,Wankhede Stadium,Royal Challengers Bengaluru,Mumbai Indians,Royal Challengers Bengaluru,0,0.5,0.0,0.5,0.0,0.5,0.5,1,1,0.5,0.5,160.0,82.0,78.0,160.0,222.0
335987,6,Jaipur,2008-04-21,Indian Premier League,male,T20,2007/08,bat,Kings XI Punjab,Sawai Mansingh Stadium,Rajasthan Royals,Rajasthan Royals,Punjab Kings,1,0.0,0.0,0.0,0.0,0.5,0.5,0,0,0.0,0.5,129.0,207.0,-78.0,132.0,240.0
335988,6,Hyderabad,2008-04-22,Indian Premier League,male,T20,2007/08,bat,Deccan Chargers,"""Rajiv Gandhi International Stadium, Uppal""",Delhi Capitals,Deccan Chargers,Delhi Capitals,0,0.0,1.0,0.0,1.0,0.5,0.5,1,1,-1.0,0.5,110.0,132.0,-22.0,112.0,129.0
335989,6,Chennai,2008-04-23,Indian Premier League,male,T20,2007/08,field,Mumbai Indians,"""MA Chidambaram Stadium, Chepauk""",Chennai Super Kings,Chennai Super Kings,Mumbai Indians,1,1.0,0.0,1.0,0.0,0.5,0.5,0,0,1.0,0.5,240.0,165.0,75.0,207.0,166.0
335990,6,Hyderabad,2008-04-24,Indian Premier League,male,T20,2007/08,field,Rajasthan Royals,"""Rajiv Gandhi International Stadium, Uppal""",Rajasthan Royals,Deccan Chargers,Rajasthan Royals,0,0.0,0.5,0.0,0.5,0.0,0.5,0,0,-0.5,0.5,126.0,148.5,-22.5,127.5,149.0
335991,6,Chandigarh,2008-04-25,Indian Premier League,male,T20,2007/08,field,Mumbai Indians,"""Punjab Cricket Association Stadium, Mohali""",Punjab Kings,Punjab Kings,Mumbai Indians,1,0.0,0.0,0.0,0.0,0.0,0.5,0,0,0.0,0.5,186.5,183.5,3.0,204.0,187.0
335993,6,Chennai,2008-04-26,Indian Premier League,male,T20,2007/08,bat,Kolkata Knight Riders,"""MA Chidambaram Stadium, Chepauk""",Chennai Super Kings,Chennai Super Kings,Kolkata Knight Riders,1,1.0,1.0,1.0,1.0,1.0,0.5,0,0,0.0,0.5,224.0,167.0,57.0,204.5,96.0
335992,6,Bangalore,2008-04-26,Indian Premier League,male,T20,2007/08,field,Rajasthan Royals,M Chinnaswamy Stadium,Rajasthan Royals,Royal Challengers Bengaluru,Rajasthan Royals,0,0.5,0.6666666666666666,0.5,0.6666666666666666,0.0,0.5,0,0,-0.16666666666666663,0.5,124.0,171.33333333333334,-47.33333333333334,193.5,170.66666666666666
335994,6,Mumbai,2008-04-27,Indian Premier League,male,T20,2007/08,field,Deccan Chargers,Dr DY Patil Sports Academy,Deccan Chargers,Mumbai Indians,Deccan Chargers,0,0.0,0.0,0.0,0.0,0.5,0.5,0,0,0.0,0.5,161.0,155.33333333333334,5.666666666666657,185.33333333333334,157.33333333333334
335995,6,Chandigarh,2008-04-27,Indian Premier League,male,T20,2007/08,bat,Delhi Daredevils,"""Punjab Cricket Association Stadium, Mohali""",Punjab Kings,Punjab Kings,Delhi Capitals,1,0.3333333333333333,1.0,0.3333333333333333,1.0,0.5,0.5,0,0,-0.6666666666666667,0.5,185.0,137.5,47.5,174.66666666666666,135.5
335996,6,Bangalore,2008-04-28,Indian Premier League,male,T20,2007/08,bat,Chennai Super Kings,M Chinnaswamy Stadium,Chennai Super Kings,Royal Challengers Bengaluru,Chennai Super Kings,0,0.3333333333333333,1.0,0.3333333333333333,1.0,0.0,0.5,0,0,-0.6666666666666667,0.5,127.66666666666667,200.0,-72.33333333333333,175.0,185.33333333333334
335997,6,Kolkata,2008-04-29,Indian Premier League,male,T20,2007/08,bat,Kolkata Knight Riders,Eden Gardens,Mumbai Indians,Kolkata Knight Riders,Mumbai Indians,0,0.6666666666666666,0.0,0.6666666666666666,0.0,1.0,0.5,1,1,0.6666666666666666,0.5,160.33333333333334,159.25,1.0833333333333428,114.66666666666667,177.75
335998,6,Delhi,2008-04-30,Indian Premier League,male,T20,2007/08,field,Royal Challengers Bangalore,Feroz Shah Kotla,Delhi Capitals,Delhi Capitals,Royal Challengers Bengaluru,1,0.6666666666666666,0.25,0.6666666666666666,0.25,1.0,0.5,0,0,0.41666666666666663,0.5,144.33333333333334,137.0,7.333333333333343,144.33333333333334,175.75
336000,6,Jaipur,2008-05-01,Indian Premier League,male,T20,2007/08,bat,Rajasthan Royals,Sawai Mansingh Stadium,Rajasthan Royals,Rajasthan Royals,Kolkata Knight Riders,1,0.75,0.5,0.75,0.5,1.0,0.5,1,1,0.25,0.5,163.0,154.5,8.5,161.75,120.5
335999,6,Hyderabad,2008-05-01,Indian Premier League,male,T20,2007/08,field,Kings XI Punjab,"""Rajiv Gandhi International Stadium, Uppal""",Punjab Kings,Deccan Chargers,Punjab Kings,0,0.25,0.5,0.25,0.5,0.0,0.5,0,0,-0.25,0.5,155.25,179.25,-24.0,156.5,170.5
336001,6,Chennai,2008-05-02,Indian Premier League,male,T20,2007/08,bat,Chennai Super Kings,"""MA Chidambaram Stadium, Chepauk""",Delhi Capitals,Chennai Super Kings,Delhi Capitals,0,1.0,0.75,1.0,0.75,1.0,0.5,1,1,0.25,0.5,194.5,156.0,38.5,180.25,153.5
336034,6,Bangalore,2008-05-03,Indian Premier League,male,T20,2007/08,field,Deccan Chargers,M Chinnaswamy Stadium,Royal Challengers Bengaluru,Royal Challengers Bengaluru,Deccan Chargers,1,0.2,0.2,0.2,0.2,0.0,0.5,0,0,0.0,0.5,145.8,157.0,-11.199999999999989,178.8,158.6
336003,6,Chandigarh,2008-05-03,Indian Premier League,male,T20,2007/08,bat,Kings XI Punjab,"""Punjab Cricket Association Stadium, Mohali""",Punjab Kings,Punjab Kings,Kolkata Knight Riders,1,0.6,0.4,0.6,0.4,0.6666666666666666,0.5,0,0,0.19999999999999996,0.5,176.8,153.8,23.0,169.2,135.6
336004,6,Mumbai,2008-05-04,Indian Premier League,male,T20,2007/08,field,Delhi Daredevils,Dr DY Patil Sports Academy,Mumbai Indians,Mumbai Indians,Delhi Capitals,1,0.2,0.8,0.2,0.8,0.0,0.5,0,0,-0.6000000000000001,0.5,155.0,159.2,-4.199999999999989,169.6,156.6
336005,6,Jaipur,2008-05-04,Indian Premier League,male,T20,2007/08,bat,Chennai Super Kings,Sawai Mansingh Stadium,Rajasthan Royals,Rajasthan Royals,Chennai Super Kings,1,0.8,0.8,0.8,0.8,1.0,0.5,0,0,0.0,0.5,169.6,189.4,-19.80000000000001,159.6,178.6
336006,6,Bangalore,2008-05-05,Indian Premier League,male,T20,2007/08,field,Kings XI Punjab,M Chinnaswamy Stadium,Punjab Kings,Royal Challengers Bengaluru,Punjab Kings,0,0.3333333333333333,0.6666666666666666,0.4,0.8,0.25,0.5,0,0,-0.3333333333333333,0.5,160.6,171.0,-10.400000000000006,165.0,155.0
336007,6,Chennai,2008-05-06,Indian Premier League,male,T20,2007/08,field,Deccan Chargers,"""MA Chidambaram Stadium, Chepauk""",Deccan Chargers,Chennai Super Kings,Deccan Chargers,0,0.6666666666666666,0.16666666666666666,0.6,0.2,0.6666666666666666,0.5,0,0,0.5,0.5,163.2,165.6,-2.4000000000000057,159.2,167.4
336008,6,Mumbai,2008-05-07,Indian Premier League,male,T20,2007/08,field,Mumbai Indians,Dr DY Patil Sports Academy,Mumbai Indians,Mumbai Indians,Rajasthan Royals,1,0.3333333333333333,0.8333333333333334,0.4,1.0,0.5,0.5,1,0,-0.5,0.5,154.4,165.8,-11.400000000000006,163.0,155.0
336009,6,Delhi,2008-05-08,Indian Premier League,male,T20,2007/08,field,Chennai Super Kings,Feroz Shah Kotla,Chennai Super Kings,Delhi Capitals,Chennai Super Kings,0,0.6666666666666666,0.5714285714285714,0.6,0.4,1.0,0.5,0,0,0.09523809523809523,1.0,159.4,150.4,9.0,163.2,148.4
336010,6,Kolkata,2008-05-08,Indian Premier League,male,T20,2007/08,bat,Kolkata Knight Riders,Eden Gardens,Kolkata Knight Riders,Kolkata Knight Riders,Royal Challengers Bengaluru,1,0.3333333333333333,0.2857142857142857,0.2,0.2,0.5,0.5,1,1,0.047619047619047616,1.0,143.2,152.6,-9.400000000000006,154.8,157.4
336011,6,Jaipur,2008-05-09,Indian Premier League,male,T20,2007/08,field,Rajasthan Royals,Sawai Mansingh Stadium,Rajasthan Royals,Rajasthan Royals,Deccan Chargers,1,0.7142857142857143,0.2857142857142857,0.8,0.4,1.0,0.5,1,0,0.4285714285714286,1.0,152.8,166.8,-14.0,142.6,167.6
336013,6,Chennai,2008-05-10,Indian Premier League,male,T20,2007/08,field,Kings XI Punjab,"""MA Chidambaram Stadium, Chepauk""",Chennai Super Kings,Chennai Super Kings,Punjab Kings,1,0.625,0.7142857142857143,0.4,1.0,0.5,0.5,0,0,-0.0892857142857143,1.0,157.6,163.2,-5.599999999999994,156.4,146.6
336014,6,Hyderabad,2008-05-11,Indian Premier League,male,T20,2007/08,bat,Kolkata Knight Riders,"""Rajiv Gandhi International Stadium, Uppal""",Kolkata Knight Riders,Deccan Chargers,Kolkata Knight Riders,0,0.25,0.42857142857142855,0.4,0.2,0.0,0.5,0,0,-0.17857142857142855,0.0,152.0,146.6,5.400000000000006,152.4,157.6
336015,6,Jaipur,2008-05-11,Indian Premier League,male,T20,2007/08,field,Rajasthan Royals,Sawai Mansingh Stadium,Rajasthan Royals,Rajasthan Royals,Delhi Capitals,1,0.75,0.5714285714285714,0.8,0.4,1.0,0.5,1,0,0.1785714285714286,0.0,137.6,168.2,-30.599999999999994,127.8,172.4
336016,6,Chandigarh,2008-05-12,Indian Premier League,male,T20,2007/08,bat,Royal Challengers Bangalore,"""Punjab Cricket Association Stadium, Mohali""",Punjab Kings,Punjab Kings,Royal Challengers Bengaluru,1,0.625,0.25,0.8,0.2,0.75,0.5,0,0,0.375,1.0,159.4,150.4,9.0,159.6,155.6
336017,6,Kolkata,2008-05-13,Indian Premier League,male,T20,2007/08,bat,Kolkata Knight Riders,Eden Gardens,Kolkata Knight Riders,Kolkata Knight Riders,Delhi Capitals,1,0.5,0.5,0.4,0.4,0.6666666666666666,0.5,1,1,0.0,0.5,158.0,167.8,-9.800000000000011,163.4,171.8
336018,6,Mumbai,2008-05-14,Indian Premier League,male,T20,2007/08,field,Mumbai Indians,Wankhede Stadium,Mumbai Indians,Mumbai Indians,Chennai Super Kings,1,0.42857142857142855,0.6666666666666666,0.6,0.4,0.0,0.5,1,0,-0.23809523809523808,0.0,134.8,158.2,-23.399999999999977,142.0,156.0
336020,6,Delhi,2008-05-15,Indian Premier League,male,T20,2007/08,field,Deccan Chargers,Feroz Shah Kotla,Delhi Capitals,Delhi Capitals,Deccan Chargers,1,0.4444444444444444,0.2222222222222222,0.2,0.2,0.6666666666666666,0.5,0,0,0.2222222222222222,1.0,151.6,157.2,-5.599999999999994,162.2,162.4
336021,6,Mumbai,2008-05-16,Indian Premier League,male,T20,2007/08,field,Mumbai Indians,Wankhede Stadium,Mumbai Indians,Mumbai Indians,Kolkata Knight Riders,1,0.5,0.5555555555555556,0.8,0.6,0.5,0.5,1,0,-0.05555555555555558,1.0,143.2,157.2,-14.0,136.8,157.8
336023,6,Jaipur,2008-05-17,Indian Premier League,male,T20,2007/08,field,Royal Challengers Bangalore,Sawai Mansingh Stadium,Rajasthan Royals,Rajasthan Royals,Royal Challengers Bengaluru,1,0.7777777777777778,0.2222222222222222,0.8,0.2,1.0,0.5,0,0,0.5555555555555556,1.0,141.8,146.0,-4.199999999999989,132.0,148.8
336022,6,Delhi,2008-05-17,Indian Premier League,male,T20,2007/08,bat,Delhi Daredevils,Feroz Shah Kotla,Punjab Kings,Delhi Capitals,Punjab Kings,0,0.5,0.6666666666666666,0.2,0.8,0.75,0.5,0,0,-0.16666666666666663,0.0,156.0,155.8,0.19999999999998863,164.8,156.6
336025,6,Kolkata,2008-05-18,Indian Premier League,male,T20,2007/08,bat,Kolkata Knight Riders,Eden Gardens,Chennai Super Kings,Kolkata Knight Riders,Chennai Super Kings,0,0.5,0.6,0.6,0.4,0.75,0.5,1,1,-0.09999999999999998,0.0,140.4,155.6,-15.199999999999989,132.2,153.2
336024,6,Hyderabad,2008-05-18,Indian Premier League,male,T20,2007/08,field,Deccan Chargers,"""Rajiv Gandhi International Stadium, Uppal""",Mumbai Indians,Deccan Chargers,Mumbai Indians,0,0.2,0.5555555555555556,0.2,1.0,0.0,0.5,1,0,-0.35555555555555557,1.0,160.8,126.0,34.80000000000001,167.8,119.2
336026,6,Bangalore,2008-05-19,Indian Premier League,male,T20,2007/08,field,Delhi Daredevils,M Chinnaswamy Stadium,Delhi Capitals,Royal Challengers Bengaluru,Delhi Capitals,0,0.2,0.45454545454545453,0.2,0.2,0.2,0.5,0,0,-0.2545454545454545,0.0,136.2,153.0,-16.80000000000001,150.0,151.2
336027,6,Kolkata,2008-05-20,Indian Premier League,male,T20,2007/08,field,Rajasthan Royals,Eden Gardens,Rajasthan Royals,Kolkata Knight Riders,Rajasthan Royals,0,0.45454545454545453,0.8,0.6,0.8,0.6,0.5,0,0,-0.3454545454545455,0.0,136.4,142.0,-5.599999999999994,107.6,128.2
336028,6,Mumbai,2008-05-21,Indian Premier League,male,T20,2007/08,field,Mumbai Indians,Wankhede Stadium,Punjab Kings,Mumbai Indians,Punjab Kings,0,0.6,0.7,1.0,0.8,0.6666666666666666,0.5,1,0,-0.09999999999999998,0.0,134.0,141.2,-7.199999999999989,122.4,147.4
336029,6,Chennai,2008-05-21,Indian Premier League,male,T20,2007/08,bat,Royal Challengers Bangalore,"""MA Chidambaram Stadium, Chepauk""",Royal Challengers Bengaluru,Chennai Super Kings,Royal Challengers Bengaluru,0,0.6363636363636364,0.18181818181818182,0.6,0.0,0.6,0.5,0,0,0.45454545454545453,1.0,144.8,135.8,9.0,161.0,151.0
336031,6,Chandigarh,2008-05-23,Indian Premier League,male,T20,2007/08,field,Kings XI Punjab,"""Punjab Cricket Association Stadium, Mohali""",Punjab Kings,Punjab Kings,Deccan Chargers,1,0.7272727272727273,0.18181818181818182,0.8,0.2,0.8,0.5,0,0,0.5454545454545454,1.0,143.4,160.8,-17.400000000000006,151.2,172.2
336032,6,Delhi,2008-05-24,Indian Premier League,male,T20,2007/08,field,Delhi Daredevils,Feroz Shah Kotla,Delhi Capitals,Delhi Capitals,Mumbai Indians,1,0.5,0.5454545454545454,0.4,0.8,0.6,0.5,0,0,-0.045454545454545414,0.0,147.2,139.2,8.0,144.4,133.6
336033,6,Chennai,2008-05-24,Indian Premier League,male,T20,2007/08,bat,Rajasthan Royals,"""MA Chidambaram Stadium, Chepauk""",Rajasthan Royals,Chennai Super Kings,Rajasthan Royals,0,0.5833333333333334,0.8181818181818182,0.6,0.8,0.5,0.5,0,0,-0.23484848484848486,0.0,138.4,150.0,-11.599999999999994,156.6,135.8
336002,6,Hyderabad,2008-05-25,Indian Premier League,male,T20,2007/08,bat,Deccan Chargers,"""Rajiv Gandhi International Stadium, Uppal""",Royal Challengers Bengaluru,Deccan Chargers,Royal Challengers Bengaluru,0,0.16666666666666666,0.25,0.0,0.2,0.0,0.5,1,1,-0.08333333333333334,0.0,166.2,135.8,30.399999999999977,179.0,148.0
336035,6,Kolkata,2008-05-25,Indian Premier League,male,T20,2007/08,bat,Kings XI Punjab,Eden Gardens,Kolkata Knight Riders,Kolkata Knight Riders,Punjab Kings,1,0.4166666666666667,0.75,0.4,0.8,0.5,0.5,0,0,-0.3333333333333333,0.0,140.0,153.6,-13.599999999999994,112.8,161.0
336036,6,Jaipur,2008-05-26,Indian Premier League,male,T20,2007/08,field,Rajasthan Royals,Sawai Mansingh Stadium,Rajasthan Royals,Rajasthan Royals,Mumbai Indians,1,0.8333333333333334,0.5,1.0,0.6,1.0,0.5,1,0,0.33333333333333337,0.0,171.6,153.6,18.0,155.2,148.8
336037,6,Hyderabad,2008-05-27,Indian Premier League,male,T20,2007/08,bat,Deccan Chargers,"""Rajiv Gandhi International Stadium, Uppal""",Chennai Super Kings,Deccan Chargers,Chennai Super Kings,0,0.15384615384615385,0.5384615384615384,0.0,0.4,0.0,0.5,1,1,-0.3846153846153846,1.0,171.2,141.0,30.19999999999999,185.0,161.4
336019,6,Chandigarh,2008-05-28,Indian Premier League,male,T20,2007/08,field,Rajasthan Royals,"""Punjab Cricket Association Stadium, Mohali""",Punjab Kings,Punjab Kings,Rajasthan Royals,1,0.6923076923076923,0.8461538461538461,0.8,1.0,0.8333333333333334,0.5,0,0,-0.15384615384615385,0.0,155.8,172.6,-16.799999999999983,159.8,156.2
336012,6,Bangalore,2008-05-28,Indian Premier League,male,T20,2007/08,field,Mumbai Indians,M Chinnaswamy Stadium,Mumbai Indians,Royal Challengers Bengaluru,Mumbai Indians,0,0.3076923076923077,0.46153846153846156,0.4,0.4,0.16666666666666666,0.5,0,0,-0.15384615384615385,1.0,145.2,151.0,-5.800000000000011,155.2,146.8
336038,6,Mumbai,2008-05-30,Indian Premier League,male,T20,2007/08,field,Delhi Daredevils,Wankhede Stadium,Rajasthan Royals,Delhi Capitals,Rajasthan Royals,0,0.5384615384615384,0.7857142857142857,0.6,0.8,0.5,0.5,0,0,-0.24725274725274726,0.5,151.8,176.8,-25.0,147.8,169.2
336039,6,Mumbai,2008-05-31,Indian Premier League,male,T20,2007/08,bat,Kings XI Punjab,Wankhede Stadium,Chennai Super Kings,Chennai Super Kings,Punjab Kings,1,0.5714285714285714,0.7142857142857143,0.4,0.8,0.0,1.0,0,0,-0.1428571428571429,1.0,134.4,171.2,-36.79999999999998,158.2,167.2
336040,6,Mumbai,2008-06-01,Indian Premier League,male,T20,2007/08,field,Rajasthan Royals,Dr DY Patil Sports Academy,Rajasthan Royals,Chennai Super Kings,Rajasthan Royals,0,0.6,0.8,0.6,0.8,0.5,0.0,0,0,-0.20000000000000007,0.0,126.4,175.8,-49.400000000000006,149.0,160.2
392181,6,Cape Town,2009-04-18,Indian Premier League,male,T20,2009,field,Chennai Super Kings,Newlands,Mumbai Indians,Chennai Super Kings,Mumbai Indians,0,0.5625,0.5,0.4,0.4,0.5,0.5,1,0,0.0625,0.5,148.0,162.6,-14.599999999999994,152.0,157.8
392182,6,Cape Town,2009-04-18,Indian Premier League,male,T20,2009,bat,Royal Challengers Bangalore,Newlands,Royal Challengers Bengaluru,Royal Challengers Bengaluru,Rajasthan Royals,1,0.2857142857142857,0.8125,0.4,0.8,0.5,0.5,0,0,-0.5267857142857143,0.0,141.0,178.6,-37.599999999999994,151.6,163.4
392184,6,Cape Town,2009-04-19,Indian Premier League,male,T20,2009,bat,Kolkata Knight Riders,Newlands,Deccan Chargers,Deccan Chargers,Kolkata Knight Riders,1,0.14285714285714285,0.46153846153846156,0.0,0.4,0.5,0.5,0,0,-0.3186813186813187,0.0,164.4,134.2,30.200000000000017,173.8,111.4
392183,6,Cape Town,2009-04-19,Indian Premier League,male,T20,2009,field,Delhi Daredevils,Newlands,Delhi Capitals,Delhi Capitals,Punjab Kings,1,0.5,0.6666666666666666,0.6,0.6,0.5,0.5,0,0,-0.16666666666666663,0.0,147.2,174.8,-27.600000000000023,159.6,166.8
392185,6,Port Elizabeth,2009-04-20,Indian Premier League,male,T20,2009,bat,Chennai Super Kings,St George's Park,Chennai Super Kings,Royal Challengers Bengaluru,Chennai Super Kings,0,0.3333333333333333,0.5294117647058824,0.6,0.4,0.5,0.5,0,0,-0.19607843137254904,0.5,141.2,154.8,-13.600000000000023,123.8,159.8
392186,6,Durban,2009-04-21,Indian Premier League,male,T20,2009,field,Kolkata Knight Riders,Kingsmead,Kolkata Knight Riders,Punjab Kings,Kolkata Knight Riders,0,0.625,0.42857142857142855,0.4,0.2,0.5,0.5,0,0,0.19642857142857145,0.5,157.8,127.8,30.000000000000014,140.8,110.2
392188,6,Cape Town,2009-04-22,Indian Premier League,male,T20,2009,bat,Deccan Chargers,Newlands,Deccan Chargers,Royal Challengers Bengaluru,Deccan Chargers,0,0.3125,0.2,0.6,0.2,1.0,1.0,0,0,0.11249999999999999,1.0,127.8,148.8,-21.000000000000014,128.0,155.2
392189,6,Durban,2009-04-23,Indian Premier League,male,T20,2009,bat,Delhi Daredevils,Kingsmead,Delhi Capitals,Chennai Super Kings,Delhi Capitals,0,0.5555555555555556,0.5333333333333333,0.6,0.6,0.5,0.5,0,0,0.022222222222222254,0.5,150.4,120.0,30.400000000000006,135.0,144.0
392191,6,Durban,2009-04-24,Indian Premier League,male,T20,2009,bat,Royal Challengers Bangalore,Kingsmead,Punjab Kings,Royal Challengers Bengaluru,Punjab Kings,0,0.29411764705882354,0.5882352941176471,0.4,0.2,0.5,0.0,0,0,-0.29411764705882354,0.0,134.6,153.8,-19.200000000000017,142.4,121.6
392192,6,Durban,2009-04-25,Indian Premier League,male,T20,2009,bat,Deccan Chargers,Kingsmead,Deccan Chargers,Deccan Chargers,Mumbai Indians,1,0.25,0.5333333333333333,0.4,0.4,0.5,0.5,1,1,-0.2833333333333333,0.5,155.0,160.0,-5.0,151.6,156.4
392194,6,Port Elizabeth,2009-04-26,Indian Premier League,male,T20,2009,bat,Royal Challengers Bangalore,St George's Park,Delhi Capitals,Royal Challengers Bengaluru,Delhi Capitals,0,0.2777777777777778,0.5625,0.2,0.8,0.0,0.5,0,0,-0.2847222222222222,0.0,134.0,134.2,-0.19999999999998863,144.0,161.2
392195,6,Cape Town,2009-04-26,Indian Premier League,male,T20,2009,bat,Kings XI Punjab,Newlands,Punjab Kings,Punjab Kings,Rajasthan Royals,1,0.6111111111111112,0.7647058823529411,0.4,0.6,0.0,0.0,0,0,-0.15359477124182996,0.5,153.6,148.0,5.599999999999994,120.2,149.8
392196,6,Durban,2009-04-27,Indian Premier League,male,T20,2009,field,Deccan Chargers,Kingsmead,Deccan Chargers,Chennai Super Kings,Deccan Chargers,0,0.5263157894736842,0.29411764705882354,0.4,0.6,0.0,1.0,0,0,0.23219814241486064,0.5,156.8,153.6,3.200000000000017,143.4,147.2
392197,6,Port Elizabeth,2009-04-27,Indian Premier League,male,T20,2009,bat,Mumbai Indians,St George's Park,Mumbai Indians,Kolkata Knight Riders,Mumbai Indians,0,0.4666666666666667,0.5,0.4,0.4,0.5,0.5,0,0,-0.033333333333333326,0.0,130.2,153.6,-23.400000000000006,128.2,152.2
392198,6,Centurion,2009-04-28,Indian Premier League,male,T20,2009,bat,Delhi Daredevils,SuperSport Park,Rajasthan Royals,Delhi Capitals,Rajasthan Royals,0,0.5882352941176471,0.7222222222222222,0.8,0.4,0.5,0.5,0,0,-0.13398692810457513,0.3333333333333333,132.6,141.2,-8.599999999999994,160.2,148.6
392200,6,Durban,2009-04-29,Indian Premier League,male,T20,2009,bat,Kings XI Punjab,Kingsmead,Punjab Kings,Punjab Kings,Mumbai Indians,1,0.631578947368421,0.5294117647058824,0.4,0.6,0.5,0.0,0,0,0.10216718266253866,1.0,137.2,155.8,-18.600000000000023,106.6,135.4
392199,6,Durban,2009-04-29,Indian Premier League,male,T20,2009,bat,Kolkata Knight Riders,Kingsmead,Royal Challengers Bengaluru,Royal Challengers Bengaluru,Kolkata Knight Riders,1,0.2631578947368421,0.4375,0.2,0.4,0.0,1.0,0,0,-0.1743421052631579,0.0,139.4,119.4,20.0,148.8,154.6
392201,6,Centurion,2009-04-30,Indian Premier League,male,T20,2009,field,Delhi Daredevils,SuperSport Park,Delhi Capitals,Deccan Chargers,Delhi Capitals,0,0.3333333333333333,0.5555555555555556,0.8,0.6,0.5,0.0,0,0,-0.22222222222222227,0.0,154.4,125.4,29.0,146.0,154.4
392202,6,Centurion,2009-04-30,Indian Premier League,male,T20,2009,field,Rajasthan Royals,SuperSport Park,Chennai Super Kings,Chennai Super Kings,Rajasthan Royals,1,0.5,0.7368421052631579,0.2,0.6,0.5,1.0,0,0,-0.23684210526315785,0.0,166.6,134.6,32.0,154.8,133.0
392203,6,East London,2009-05-01,Indian Premier League,male,T20,2009,bat,Mumbai Indians,Buffalo Park,Mumbai Indians,Kolkata Knight Riders,Mumbai Indians,0,0.4117647058823529,0.5,0.4,0.6,0.5,0.5,0,0,-0.08823529411764708,0.0,117.8,150.0,-32.2,153.2,130.0
392204,6,Durban,2009-05-01,Indian Premier League,male,T20,2009,bat,Royal Challengers Bangalore,Kingsmead,Royal Challengers Bengaluru,Royal Challengers Bengaluru,Punjab Kings,1,0.3,0.65,0.2,0.6,0.5,0.6666666666666666,0,0,-0.35000000000000003,0.0,141.4,138.6,2.8000000000000114,165.0,106.6
392205,6,Port Elizabeth,2009-05-02,Indian Premier League,male,T20,2009,bat,Deccan Chargers,St George's Park,Rajasthan Royals,Deccan Chargers,Rajasthan Royals,0,0.3157894736842105,0.7,0.8,0.4,0.5,0.5,1,1,-0.38421052631578945,0.0,154.6,121.4,33.19999999999999,146.4,148.4
392206,6,Johannesburg,2009-05-02,Indian Premier League,male,T20,2009,field,Delhi Daredevils,New Wanderers Stadium,Chennai Super Kings,Chennai Super Kings,Delhi Capitals,1,0.5238095238095238,0.5789473684210527,0.4,0.8,0.5,0.5,0,0,-0.05513784461152882,0.3333333333333333,166.8,138.0,28.80000000000001,147.2,145.6
392208,6,Johannesburg,2009-05-03,Indian Premier League,male,T20,2009,bat,Mumbai Indians,New Wanderers Stadium,Royal Challengers Bengaluru,Royal Challengers Bengaluru,Mumbai Indians,1,0.3333333333333333,0.5263157894736842,0.4,0.6,0.5,0.5,0,0,-0.19298245614035087,0.5,153.0,154.4,-1.4000000000000057,156.6,133.4
392207,6,Port Elizabeth,2009-05-03,Indian Premier League,male,T20,2009,bat,Kolkata Knight Riders,St George's Park,Punjab Kings,Punjab Kings,Kolkata Knight Riders,1,0.6190476190476191,0.3888888888888889,0.6,0.2,0.5,0.0,0,0,0.23015873015873017,0.3333333333333333,145.2,110.6,34.599999999999994,124.0,148.0
392209,6,East London,2009-05-04,Indian Premier League,male,T20,2009,bat,Chennai Super Kings,Buffalo Park,Chennai Super Kings,Chennai Super Kings,Deccan Chargers,1,0.5454545454545454,0.3,0.6,0.6,0.5,0.5,1,1,0.24545454545454543,0.3333333333333333,170.2,162.0,8.199999999999989,143.2,154.6
392211,6,Durban,2009-05-05,Indian Premier League,male,T20,2009,bat,Kolkata Knight Riders,Kingsmead,Delhi Capitals,Delhi Capitals,Kolkata Knight Riders,1,0.55,0.3684210526315789,0.6,0.2,1.0,0.5,0,0,0.18157894736842112,0.0,155.4,121.0,34.400000000000006,157.4,158.0
392210,6,Durban,2009-05-05,Indian Premier League,male,T20,2009,field,Kings XI Punjab,Kingsmead,Rajasthan Royals,Punjab Kings,Rajasthan Royals,0,0.6363636363636364,0.7142857142857143,0.8,0.4,0.5,0.5,0,0,-0.07792207792207795,0.6666666666666666,144.4,117.0,27.400000000000006,138.8,144.0
392212,6,Centurion,2009-05-06,Indian Premier League,male,T20,2009,bat,Deccan Chargers,SuperSport Park,Deccan Chargers,Deccan Chargers,Mumbai Indians,1,0.2857142857142857,0.5,0.4,0.4,0.0,0.5,1,1,-0.2142857142857143,0.6666666666666666,145.2,151.2,-6.0,158.2,134.2
392213,6,Centurion,2009-05-07,Indian Premier League,male,T20,2009,field,Rajasthan Royals,SuperSport Park,Rajasthan Royals,Royal Challengers Bengaluru,Rajasthan Royals,0,0.36363636363636365,0.7272727272727273,0.6,0.6,0.5,0.5,0,0,-0.36363636363636365,0.3333333333333333,151.0,147.6,3.4000000000000057,149.6,144.0
392214,6,Centurion,2009-05-07,Indian Premier League,male,T20,2009,bat,Chennai Super Kings,SuperSport Park,Chennai Super Kings,Chennai Super Kings,Punjab Kings,1,0.5652173913043478,0.6086956521739131,0.6,0.6,1.0,0.5,1,1,-0.0434782608695653,1.0,170.0,136.4,33.599999999999994,145.8,147.4
392215,6,East London,2009-05-08,Indian Premier League,male,T20,2009,bat,Mumbai Indians,Buffalo Park,Delhi Capitals,Delhi Capitals,Mumbai Indians,1,0.5714285714285714,0.47619047619047616,0.6,0.4,0.5,1.0,0,0,0.09523809523809523,0.5,149.0,145.2,3.8000000000000114,152.2,129.6
392216,6,Kimberley,2009-05-09,Indian Premier League,male,T20,2009,field,Kings XI Punjab,De Beers Diamond Oval,Punjab Kings,Deccan Chargers,Punjab Kings,0,0.3181818181818182,0.5833333333333334,0.4,0.4,0.5,0.5,0,0,-0.2651515151515152,0.0,140.6,143.4,-2.8000000000000114,152.2,162.0
392217,6,Kimberley,2009-05-09,Indian Premier League,male,T20,2009,bat,Rajasthan Royals,De Beers Diamond Oval,Chennai Super Kings,Chennai Super Kings,Rajasthan Royals,1,0.5833333333333334,0.7391304347826086,0.8,0.8,0.5,0.5,0,0,-0.15579710144927528,0.25,171.0,146.6,24.400000000000006,142.8,137.2
392218,6,Port Elizabeth,2009-05-10,Indian Premier League,male,T20,2009,bat,Mumbai Indians,St George's Park,Mumbai Indians,Royal Challengers Bengaluru,Mumbai Indians,0,0.34782608695652173,0.45454545454545453,0.6,0.2,0.0,1.0,0,0,-0.1067193675889328,0.6666666666666666,138.4,131.0,7.400000000000006,136.4,134.2
392219,6,Johannesburg,2009-05-10,Indian Premier League,male,T20,2009,field,Delhi Daredevils,New Wanderers Stadium,Delhi Capitals,Delhi Capitals,Kolkata Knight Riders,1,0.5909090909090909,0.35,0.6,0.0,0.0,0.5,0,0,0.24090909090909096,0.5,142.6,136.0,6.599999999999994,145.6,157.8
392220,6,Kimberley,2009-05-11,Indian Premier League,male,T20,2009,bat,Deccan Chargers,De Beers Diamond Oval,Deccan Chargers,Deccan Chargers,Rajasthan Royals,1,0.30434782608695654,0.7083333333333334,0.2,0.6,0.0,0.0,1,1,-0.40398550724637683,0.0,140.4,145.2,-4.799999999999983,153.0,136.8
392221,6,Centurion,2009-05-12,Indian Premier League,male,T20,2009,field,Royal Challengers Bangalore,SuperSport Park,Royal Challengers Bengaluru,Royal Challengers Bengaluru,Kolkata Knight Riders,1,0.3333333333333333,0.3333333333333333,0.6,0.0,0.0,0.5,0,0,0.0,0.3333333333333333,136.8,141.6,-4.799999999999983,137.8,145.4
392222,6,Centurion,2009-05-12,Indian Premier League,male,T20,2009,bat,Kings XI Punjab,SuperSport Park,Mumbai Indians,Punjab Kings,Mumbai Indians,0,0.6,0.4782608695652174,0.4,0.4,0.0,0.0,0,0,0.12173913043478257,1.0,153.4,139.2,14.200000000000017,172.4,138.6
392223,6,Durban,2009-05-13,Indian Premier League,male,T20,2009,field,Deccan Chargers,Kingsmead,Delhi Capitals,Deccan Chargers,Delhi Capitals,0,0.3333333333333333,0.6086956521739131,0.4,0.8,1.0,1.0,1,0,-0.27536231884057977,0.0,144.0,139.0,5.0,145.6,140.8
392224,6,Durban,2009-05-14,Indian Premier League,male,T20,2009,bat,Chennai Super Kings,Kingsmead,Royal Challengers Bengaluru,Royal Challengers Bengaluru,Chennai Super Kings,1,0.36,0.6,0.6,1.0,0.6666666666666666,0.0,0,0,-0.24,0.3333333333333333,143.4,166.2,-22.799999999999983,144.6,137.0
392225,6,Durban,2009-05-14,Indian Premier League,male,T20,2009,bat,Rajasthan Royals,Kingsmead,Rajasthan Royals,Mumbai Indians,Rajasthan Royals,0,0.5,0.68,0.4,0.6,0.0,1.0,0,0,-0.18000000000000005,0.5,134.0,142.6,-8.599999999999994,134.6,137.2
392226,6,Bloemfontein,2009-05-15,Indian Premier League,male,T20,2009,field,Kings XI Punjab,OUTsurance Oval,Punjab Kings,Delhi Capitals,Punjab Kings,0,0.625,0.5769230769230769,0.8,0.4,0.5,0.5,0,0,0.04807692307692313,0.3333333333333333,143.6,149.8,-6.200000000000017,143.4,167.8
392227,6,Port Elizabeth,2009-05-16,Indian Premier League,male,T20,2009,bat,Mumbai Indians,St George's Park,Chennai Super Kings,Chennai Super Kings,Mumbai Indians,1,0.5769230769230769,0.48,0.8,0.4,1.0,1.0,0,0,0.09692307692307689,0.3333333333333333,159.2,132.8,26.399999999999977,138.2,133.6
392228,6,Johannesburg,2009-05-16,Indian Premier League,male,T20,2009,field,Deccan Chargers,New Wanderers Stadium,Deccan Chargers,Deccan Chargers,Kolkata Knight Riders,1,0.32,0.3181818181818182,0.4,0.0,0.5,0.0,1,0,0.0018181818181818299,0.3333333333333333,148.0,148.4,-0.4000000000000057,151.8,152.0
392230,6,Bloemfontein,2009-05-17,Indian Premier League,male,T20,2009,bat,Delhi Daredevils,OUTsurance Oval,Delhi Capitals,Delhi Capitals,Rajasthan Royals,1,0.6,0.6923076923076923,0.8,0.6,0.0,0.5,0,0,-0.09230769230769231,0.25,138.6,143.2,-4.599999999999994,135.4,137.6
392229,6,Johannesburg,2009-05-17,Indian Premier League,male,T20,2009,field,Deccan Chargers,New Wanderers Stadium,Punjab Kings,Deccan Chargers,Punjab Kings,0,0.34615384615384615,0.5925925925925926,0.6,0.4,1.0,0.5,1,0,-0.24643874643874641,0.0,161.2,143.6,17.599999999999994,148.2,161.2
392231,6,Centurion,2009-05-18,Indian Premier League,male,T20,2009,bat,Chennai Super Kings,SuperSport Park,Kolkata Knight Riders,Chennai Super Kings,Kolkata Knight Riders,0,0.5925925925925926,0.30434782608695654,0.8,0.0,1.0,0.0,1,1,0.288244766505636,1.0,156.8,152.6,4.200000000000017,138.6,155.6
392232,6,Johannesburg,2009-05-19,Indian Premier League,male,T20,2009,bat,Delhi Daredevils,New Wanderers Stadium,Royal Challengers Bengaluru,Royal Challengers Bengaluru,Delhi Capitals,1,0.38461538461538464,0.6153846153846154,0.6,0.8,1.0,0.5,0,0,-0.23076923076923078,0.0,140.8,137.2,3.6000000000000227,143.0,131.8
392233,6,Durban,2009-05-20,Indian Premier League,male,T20,2009,field,Kolkata Knight Riders,Kingsmead,Kolkata Knight Riders,Kolkata Knight Riders,Rajasthan Royals,1,0.3333333333333333,0.6666666666666666,0.2,0.4,0.3333333333333333,1.0,1,0,-0.3333333333333333,0.0,159.8,128.2,31.600000000000023,162.4,141.0
392234,6,Durban,2009-05-20,Indian Premier League,male,T20,2009,bat,Chennai Super Kings,Kingsmead,Chennai Super Kings,Chennai Super Kings,Punjab Kings,1,0.5714285714285714,0.6071428571428571,0.6,0.6,0.0,0.4,1,1,-0.0357142857142857,1.0,158.8,143.8,15.0,156.4,145.6
392236,6,Centurion,2009-05-21,Indian Premier League,male,T20,2009,bat,Royal Challengers Bangalore,SuperSport Park,Royal Challengers Bengaluru,Royal Challengers Bengaluru,Deccan Chargers,1,0.4074074074074074,0.3333333333333333,0.6,0.4,0.5,0.5,0,0,0.07407407407407407,0.6666666666666666,137.8,158.8,-21.0,140.0,149.8
392235,6,Centurion,2009-05-21,Indian Premier League,male,T20,2009,field,Delhi Daredevils,SuperSport Park,Delhi Capitals,Delhi Capitals,Mumbai Indians,1,0.5925925925925926,0.46153846153846156,0.6,0.4,0.5,0.5,0,0,0.131054131054131,0.6666666666666666,140.4,137.0,3.4000000000000057,135.6,134.8
392237,6,Centurion,2009-05-22,Indian Premier League,male,T20,2009,field,Deccan Chargers,SuperSport Park,Deccan Chargers,Delhi Capitals,Deccan Chargers,0,0.6071428571428571,0.32142857142857145,0.6,0.4,0.6666666666666666,0.3333333333333333,0,0,0.28571428571428564,1.0,148.6,156.8,-8.200000000000017,144.0,150.0
392238,6,Johannesburg,2009-05-23,Indian Premier League,male,T20,2009,field,Royal Challengers Bangalore,New Wanderers Stadium,Royal Challengers Bengaluru,Royal Challengers Bengaluru,Chennai Super Kings,1,0.42857142857142855,0.5862068965517241,0.8,0.6,1.0,1.0,0,0,-0.15763546798029554,0.5,150.8,145.0,5.800000000000011,150.2,140.0
392239,6,Johannesburg,2009-05-24,Indian Premier League,male,T20,2009,field,Royal Challengers Bangalore,New Wanderers Stadium,Deccan Chargers,Royal Challengers Bengaluru,Deccan Chargers,0,0.4482758620689655,0.3448275862068966,1.0,0.4,1.0,0.5,0,0,0.10344827586206895,0.75,152.4,154.4,-2.0,148.0,158.0
419106,6,Mumbai,2010-03-12,Indian Premier League,male,T20,2009/10,field,Deccan Chargers,Dr DY Patil Sports Academy,Kolkata Knight Riders,Deccan Chargers,Kolkata Knight Riders,0,0.36666666666666664,0.36,0.6,0.4,1.0,0.5,1,0,0.006666666666666654,0.5,150.8,149.4,1.4000000000000057,150.8,151.2
419107,6,Mumbai,2010-03-13,Indian Premier League,male,T20,2009/10,bat,Mumbai Indians,Brabourne Stadium,Mumbai Indians,Mumbai Indians,Rajasthan Royals,1,0.4444444444444444,0.6428571428571429,0.4,0.2,0.5,0.5,1,1,-0.19841269841269848,0.3333333333333333,146.8,127.0,19.80000000000001,144.4,140.4
419108,6,Chandigarh,2010-03-13,Indian Premier League,male,T20,2009/10,field,Delhi Daredevils,"""Punjab Cricket Association Stadium, Mohali""",Delhi Capitals,Punjab Kings,Delhi Capitals,0,0.5862068965517241,0.5862068965517241,0.6,0.4,0.8571428571428571,0.0,0,0,0.0,0.75,127.4,144.6,-17.19999999999999,131.8,142.6
419109,6,Kolkata,2010-03-14,Indian Premier League,male,T20,2009/10,field,Kolkata Knight Riders,Eden Gardens,Kolkata Knight Riders,Kolkata Knight Riders,Royal Challengers Bengaluru,1,0.38461538461538464,0.43333333333333335,0.6,0.8,0.5714285714285714,0.0,1,0,-0.04871794871794871,0.5,157.0,144.6,12.400000000000006,156.2,142.0
419110,6,Chennai,2010-03-14,Indian Premier League,male,T20,2009/10,bat,Deccan Chargers,"""MA Chidambaram Stadium, Chepauk""",Deccan Chargers,Chennai Super Kings,Deccan Chargers,0,0.5666666666666667,0.3548387096774194,0.4,0.4,0.42857142857142855,1.0,0,0,0.21182795698924728,0.5,146.0,147.6,-1.5999999999999943,141.8,151.0
419111,6,Ahmedabad,2010-03-15,Indian Premier League,male,T20,2009/10,field,Delhi Daredevils,"""Sardar Patel Stadium, Motera""",Delhi Capitals,Rajasthan Royals,Delhi Capitals,0,0.6206896551724138,0.6,0.2,0.6,0.5,0.5,0,0,0.020689655172413834,0.6,140.6,149.8,-9.200000000000017,154.6,146.4
419112,6,Bangalore,2010-03-16,Indian Premier League,male,T20,2009/10,bat,Kings XI Punjab,M Chinnaswamy Stadium,Royal Challengers Bengaluru,Royal Challengers Bengaluru,Punjab Kings,1,0.41935483870967744,0.5666666666666667,0.6,0.4,0.14285714285714285,1.0,0,0,-0.14731182795698922,0.25,145.2,122.0,23.19999999999999,143.4,127.4
419113,6,Kolkata,2010-03-16,Indian Premier League,male,T20,2009/10,bat,Chennai Super Kings,Eden Gardens,Chennai Super Kings,Kolkata Knight Riders,Chennai Super Kings,0,0.4074074074074074,0.5483870967741935,0.8,0.4,0.625,1.0,0,0,-0.14097968936678612,0.3333333333333333,149.6,152.0,-2.4000000000000057,148.0,153.4
419114,6,Delhi,2010-03-17,Indian Premier League,male,T20,2009/10,field,Delhi Daredevils,Feroz Shah Kotla,Mumbai Indians,Delhi Capitals,Mumbai Indians,0,0.6129032258064516,0.4642857142857143,0.6,0.4,0.6666666666666666,0.0,0,0,0.14861751152073732,0.75,148.2,157.8,-9.600000000000023,147.4,157.8
419115,6,Bangalore,2010-03-18,Indian Premier League,male,T20,2009/10,field,Royal Challengers Bangalore,M Chinnaswamy Stadium,Royal Challengers Bengaluru,Royal Challengers Bengaluru,Rajasthan Royals,1,0.4375,0.6,0.6,0.2,0.25,1.0,0,0,-0.16249999999999998,0.25,159.0,146.2,12.800000000000011,157.2,149.8
419116,6,Delhi,2010-03-19,Indian Premier League,male,T20,2009/10,bat,Delhi Daredevils,Feroz Shah Kotla,Chennai Super Kings,Delhi Capitals,Chennai Super Kings,0,0.59375,0.5625,0.6,0.4,0.5714285714285714,1.0,0,0,0.03125,0.5,145.4,154.6,-9.199999999999989,164.0,145.8
419117,6,Cuttack,2010-03-19,Indian Premier League,male,T20,2009/10,field,Kings XI Punjab,Barabati Stadium,Deccan Chargers,Deccan Chargers,Punjab Kings,1,0.375,0.5483870967741935,0.6,0.4,0.5,0.5,0,0,-0.1733870967741935,0.0,159.0,138.8,20.19999999999999,156.0,143.8
419118,6,Ahmedabad,2010-03-20,Indian Premier League,male,T20,2009/10,bat,Rajasthan Royals,"""Sardar Patel Stadium, Motera""",Rajasthan Royals,Rajasthan Royals,Kolkata Knight Riders,1,0.5806451612903226,0.39285714285714285,0.0,0.8,0.0,0.5,1,1,0.18778801843317977,0.6666666666666666,135.6,139.4,-3.8000000000000114,139.8,147.6
419119,6,Mumbai,2010-03-20,Indian Premier League,male,T20,2009/10,bat,Mumbai Indians,Brabourne Stadium,Royal Challengers Bengaluru,Mumbai Indians,Royal Challengers Bengaluru,0,0.4827586206896552,0.45454545454545453,0.4,0.6,1.0,0.5,1,1,0.028213166144200663,0.5,177.0,143.6,33.400000000000006,158.0,144.0
419120,6,Cuttack,2010-03-21,Indian Premier League,male,T20,2009/10,bat,Deccan Chargers,Barabati Stadium,Deccan Chargers,Deccan Chargers,Delhi Capitals,1,0.3939393939393939,0.5757575757575758,0.8,0.4,1.0,0.5,1,1,-0.18181818181818188,0.2,161.4,149.2,12.200000000000017,154.8,169.0
419122,6,Mumbai,2010-03-22,Indian Premier League,male,T20,2009/10,bat,Kolkata Knight Riders,Brabourne Stadium,Mumbai Indians,Mumbai Indians,Kolkata Knight Riders,1,0.4666666666666667,0.3793103448275862,0.4,0.6,0.5,0.5,0,0,0.08735632183908049,1.0,178.6,128.4,50.19999999999999,160.0,143.6
419123,6,Bangalore,2010-03-23,Indian Premier League,male,T20,2009/10,field,Chennai Super Kings,M Chinnaswamy Stadium,Royal Challengers Bengaluru,Royal Challengers Bengaluru,Chennai Super Kings,1,0.47058823529411764,0.5757575757575758,0.6,0.6,0.3333333333333333,1.0,0,0,-0.10516934046345816,0.6,144.8,155.0,-10.199999999999989,145.0,145.0
419124,6,Chandigarh,2010-03-24,Indian Premier League,male,T20,2009/10,field,Kings XI Punjab,"""Punjab Cricket Association Stadium, Mohali""",Rajasthan Royals,Punjab Kings,Rajasthan Royals,0,0.53125,0.59375,0.2,0.2,0.75,0.0,0,0,-0.0625,0.5,147.0,142.0,5.0,153.8,136.6
419128,6,Bangalore,2010-03-25,Indian Premier League,male,T20,2009/10,field,Royal Challengers Bangalore,M Chinnaswamy Stadium,Delhi Capitals,Royal Challengers Bengaluru,Delhi Capitals,0,0.4857142857142857,0.5588235294117647,0.8,0.4,0.4,1.0,0,0,-0.07310924369747901,0.25,151.6,150.8,0.799999999999983,143.4,172.4
419125,6,Mumbai,2010-03-25,Indian Premier League,male,T20,2009/10,field,Mumbai Indians,"""Brabourne Stadium, Mumbai""",Mumbai Indians,Chennai Super Kings,Mumbai Indians,0,0.5588235294117647,0.4838709677419355,0.4,0.6,0.5,0.5,0,0,0.07495256166982922,0.5,158.8,180.4,-21.599999999999994,160.8,160.8
419126,6,Ahmedabad,2010-03-26,Indian Premier League,male,T20,2009/10,bat,Deccan Chargers,"""Sardar Patel Stadium, Motera""",Rajasthan Royals,Rajasthan Royals,Deccan Chargers,1,0.6060606060606061,0.4117647058823529,0.4,0.8,0.5,0.5,0,0,0.19429590017825316,0.75,158.4,164.8,-6.400000000000006,146.6,156.4
419127,6,Chandigarh,2010-03-27,Indian Premier League,male,T20,2009/10,bat,Kolkata Knight Riders,"""Punjab Cricket Association Stadium, Mohali""",Kolkata Knight Riders,Punjab Kings,Kolkata Knight Riders,0,0.5151515151515151,0.36666666666666664,0.0,0.4,0.6666666666666666,0.0,0,0,0.1484848484848485,0.5,150.6,139.0,11.599999999999994,163.8,154.6
419129,6,Ahmedabad,2010-03-28,Indian Premier League,male,T20,2009/10,bat,Rajasthan Royals,"""Sardar Patel Stadium, Motera""",Rajasthan Royals,Rajasthan Royals,Chennai Super Kings,1,0.6176470588235294,0.5428571428571428,0.6,0.4,0.6666666666666666,0.5,1,1,0.07478991596638662,0.6,147.0,165.6,-18.599999999999994,133.8,167.2
419130,6,Mumbai,2010-03-28,Indian Premier League,male,T20,2009/10,field,Deccan Chargers,Dr DY Patil Sports Academy,Mumbai Indians,Deccan Chargers,Mumbai Indians,0,0.4,0.5,0.6,0.8,0.5,0.6666666666666666,1,0,-0.09999999999999998,0.75,165.8,183.6,-17.799999999999983,159.2,163.6
419131,6,Delhi,2010-03-29,Indian Premier League,male,T20,2009/10,bat,Delhi Daredevils,Feroz Shah Kotla,Delhi Capitals,Delhi Capitals,Kolkata Knight Riders,1,0.5714285714285714,0.3870967741935484,0.4,0.4,0.5,0.5,0,0,0.18433179723502302,0.6666666666666666,158.2,143.4,14.799999999999983,177.2,153.4
419132,6,Mumbai,2010-03-30,Indian Premier League,male,T20,2009/10,field,Mumbai Indians,Brabourne Stadium,Mumbai Indians,Mumbai Indians,Punjab Kings,1,0.5151515151515151,0.5,0.8,0.0,0.6666666666666666,0.5,1,0,0.015151515151515138,0.25,175.6,161.0,14.599999999999994,148.2,177.2
419133,6,Chennai,2010-03-31,Indian Premier League,male,T20,2009/10,bat,Royal Challengers Bangalore,"""MA Chidambaram Stadium, Chepauk""",Chennai Super Kings,Chennai Super Kings,Royal Challengers Bengaluru,1,0.5277777777777778,0.4722222222222222,0.4,0.8,0.375,1.0,0,0,0.05555555555555558,0.3333333333333333,165.8,157.8,8.0,164.6,152.8
419134,6,Delhi,2010-03-31,Indian Premier League,male,T20,2009/10,bat,Delhi Daredevils,Feroz Shah Kotla,Delhi Capitals,Delhi Capitals,Rajasthan Royals,1,0.5833333333333334,0.6285714285714286,0.4,0.8,0.5555555555555556,0.0,0,0,-0.04523809523809519,0.5,165.2,154.2,11.0,176.4,137.4
419135,6,Kolkata,2010-04-01,Indian Premier League,male,T20,2009/10,bat,Kolkata Knight Riders,Eden Gardens,Kolkata Knight Riders,Kolkata Knight Riders,Deccan Chargers,1,0.375,0.3888888888888889,0.2,0.6,0.5555555555555556,0.0,1,1,-0.013888888888888895,0.6,143.6,162.0,-18.400000000000006,161.8,161.4
419136,6,Chandigarh,2010-04-02,Indian Premier League,male,T20,2009/10,bat,Kings XI Punjab,"""Punjab Cricket Association Stadium, Mohali""",Royal Challengers Bengaluru,Punjab Kings,Royal Challengers Bengaluru,0,0.4857142857142857,0.4594594594594595,0.0,0.6,0.6,0.0,0,0,0.026254826254826225,0.6,165.2,149.2,16.0,180.8,144.6
419138,6,Mumbai,2010-04-03,Indian Premier League,male,T20,2009/10,bat,Mumbai Indians,Brabourne Stadium,Mumbai Indians,Mumbai Indians,Deccan Chargers,1,0.5294117647058824,0.3783783783783784,0.8,0.4,0.75,0.5,1,1,0.15103338632750396,0.4,164.8,155.4,9.400000000000006,156.8,165.8
419137,6,Chennai,2010-04-03,Indian Premier League,male,T20,2009/10,bat,Chennai Super Kings,"""MA Chidambaram Stadium, Chepauk""",Chennai Super Kings,Chennai Super Kings,Rajasthan Royals,1,0.5405405405405406,0.6111111111111112,0.4,0.8,0.4444444444444444,1.0,1,1,-0.07057057057057059,0.3333333333333333,165.4,160.0,5.400000000000006,175.0,156.4
419139,6,Kolkata,2010-04-04,Indian Premier League,male,T20,2009/10,bat,Kolkata Knight Riders,Eden Gardens,Punjab Kings,Kolkata Knight Riders,Punjab Kings,0,0.3939393939393939,0.4722222222222222,0.4,0.0,0.6,0.0,1,1,-0.07828282828282829,0.6,158.0,160.8,-2.8000000000000114,160.4,176.8
419140,6,Delhi,2010-04-04,Indian Premier League,male,T20,2009/10,bat,Delhi Daredevils,Feroz Shah Kotla,Delhi Capitals,Delhi Capitals,Royal Challengers Bengaluru,1,0.5945945945945946,0.47368421052631576,0.6,0.6,0.6,0.0,0,0,0.12091038406827886,0.8,178.8,167.4,11.400000000000006,157.0,162.4
419141,6,Nagpur,2010-04-05,Indian Premier League,male,T20,2009/10,bat,Rajasthan Royals,"""Vidarbha Cricket Association Stadium, Jamtha""",Rajasthan Royals,Deccan Chargers,Rajasthan Royals,0,0.3684210526315789,0.5945945945945946,0.2,0.6,0.5,0.5,0,0,-0.2261735419630157,0.2,144.4,171.0,-26.599999999999994,168.6,178.8
419142,6,Chennai,2010-04-06,Indian Premier League,male,T20,2009/10,bat,Chennai Super Kings,"""MA Chidambaram Stadium, Chepauk""",Chennai Super Kings,Chennai Super Kings,Mumbai Indians,1,0.5526315789473685,0.5428571428571428,0.4,1.0,0.5,0.0,1,1,0.009774436090225658,0.4,176.6,170.2,6.400000000000006,182.6,148.8
419143,6,Jaipur,2010-04-07,Indian Premier League,male,T20,2009/10,bat,Kings XI Punjab,Sawai Mansingh Stadium,Rajasthan Royals,Rajasthan Royals,Punjab Kings,1,0.6052631578947368,0.4864864864864865,0.6,0.2,1.0,0.0,0,0,0.11877667140825032,0.6,166.2,168.8,-2.6000000000000227,179.8,182.8
419144,6,Kolkata,2010-04-07,Indian Premier League,male,T20,2009/10,bat,Kolkata Knight Riders,Eden Gardens,Kolkata Knight Riders,Kolkata Knight Riders,Delhi Capitals,1,0.38235294117647056,0.6052631578947368,0.4,0.8,0.5454545454545454,0.0,1,1,-0.22291021671826627,0.25,171.2,178.6,-7.400000000000006,167.6,148.4
419145,6,Bangalore,2010-04-08,Indian Premier League,male,T20,2009/10,field,Deccan Chargers,M Chinnaswamy Stadium,Deccan Chargers,Royal Challengers Bengaluru,Deccan Chargers,0,0.46153846153846156,0.358974358974359,0.4,0.0,0.36363636363636365,0.0,0,0,0.10256410256410259,0.6,165.8,141.6,24.200000000000017,169.0,168.2
419146,6,Chandigarh,2010-04-09,Indian Premier League,male,T20,2009/10,bat,Mumbai Indians,"""Punjab Cricket Association Stadium, Mohali""",Punjab Kings,Punjab Kings,Mumbai Indians,1,0.47368421052631576,0.5277777777777778,0.2,0.8,0.5454545454545454,0.0,0,0,-0.05409356725146203,0.6,169.0,167.2,1.8000000000000114,177.6,150.8
419147,6,Nagpur,2010-04-10,Indian Premier League,male,T20,2009/10,bat,Chennai Super Kings,"""Vidarbha Cricket Association Stadium, Jamtha""",Deccan Chargers,Deccan Chargers,Chennai Super Kings,1,0.375,0.5641025641025641,0.2,0.6,0.0,0.5,0,0,-0.1891025641025641,0.6,149.2,182.6,-33.400000000000006,174.8,176.6
419148,6,Bangalore,2010-04-10,Indian Premier League,male,T20,2009/10,field,Royal Challengers Bangalore,M Chinnaswamy Stadium,Royal Challengers Bengaluru,Royal Challengers Bengaluru,Kolkata Knight Riders,1,0.45,0.4,0.2,0.6,0.3333333333333333,1.0,0,0,0.04999999999999999,0.4,168.4,176.4,-8.0,179.2,169.8
419149,6,Delhi,2010-04-11,Indian Premier League,male,T20,2009/10,bat,Delhi Daredevils,Feroz Shah Kotla,Punjab Kings,Delhi Capitals,Punjab Kings,0,0.5897435897435898,0.48717948717948717,0.8,0.4,0.6363636363636364,1.0,0,0,0.10256410256410259,0.4,179.8,171.8,8.0,150.4,171.8
419150,6,Jaipur,2010-04-11,Indian Premier League,male,T20,2009/10,field,Rajasthan Royals,Sawai Mansingh Stadium,Mumbai Indians,Rajasthan Royals,Mumbai Indians,0,0.6153846153846154,0.5135135135135135,0.6,0.6,1.0,0.0,1,0,0.10187110187110193,0.5,167.4,161.8,5.599999999999994,180.8,146.4
419151,6,Nagpur,2010-04-12,Indian Premier League,male,T20,2009/10,field,Royal Challengers Bangalore,"""Vidarbha Cricket Association Stadium, Jamtha""",Deccan Chargers,Deccan Chargers,Royal Challengers Bengaluru,1,0.3902439024390244,0.4634146341463415,0.4,0.4,0.5,0.5,0,0,-0.07317073170731708,0.5,150.8,167.6,-16.799999999999983,168.0,174.6
419153,6,Chennai,2010-04-13,Indian Premier League,male,T20,2009/10,bat,Kolkata Knight Riders,"""MA Chidambaram Stadium, Chepauk""",Chennai Super Kings,Chennai Super Kings,Kolkata Knight Riders,1,0.55,0.3888888888888889,0.6,0.4,0.5454545454545454,0.0,0,0,0.16111111111111115,0.75,174.2,171.8,2.3999999999999773,168.2,173.4
419152,6,Mumbai,2010-04-13,Indian Premier League,male,T20,2009/10,bat,Mumbai Indians,Brabourne Stadium,Mumbai Indians,Mumbai Indians,Delhi Capitals,1,0.5263157894736842,0.575,0.6,0.6,0.8,0.5,1,1,-0.048684210526315774,0.4,162.2,165.4,-3.200000000000017,147.6,139.6
419154,6,Jaipur,2010-04-14,Indian Premier League,male,T20,2009/10,bat,Rajasthan Royals,Sawai Mansingh Stadium,Royal Challengers Bengaluru,Rajasthan Royals,Royal Challengers Bengaluru,0,0.6,0.4523809523809524,0.4,0.4,0.8888888888888888,0.0,1,1,0.1476190476190476,0.6,159.4,163.0,-3.5999999999999943,183.6,172.4
419155,6,Chennai,2010-04-15,Indian Premier League,male,T20,2009/10,bat,Chennai Super Kings,"""MA Chidambaram Stadium, Chepauk""",Delhi Capitals,Chennai Super Kings,Delhi Capitals,0,0.5609756097560976,0.5609756097560976,0.8,0.4,0.5833333333333334,1.0,1,1,0.0,0.6,170.8,158.8,12.0,160.6,148.8
419156,6,Dharamsala,2010-04-16,Indian Premier League,male,T20,2009/10,field,Deccan Chargers,Himachal Pradesh Cricket Association Stadium,Deccan Chargers,Punjab Kings,Deccan Chargers,0,0.5,0.40476190476190477,0.6,0.6,0.5,0.5,0,0,0.09523809523809523,0.8,161.6,149.6,12.0,161.2,159.4
419157,6,Bangalore,2010-04-17,Indian Premier League,male,T20,2009/10,field,Royal Challengers Bangalore,M Chinnaswamy Stadium,Mumbai Indians,Royal Challengers Bengaluru,Mumbai Indians,0,0.46511627906976744,0.5384615384615384,0.4,0.6,0.38461538461538464,1.0,0,0,-0.073345259391771,0.6,152.6,166.0,-13.400000000000006,162.2,143.8
419158,6,Kolkata,2010-04-17,Indian Premier League,male,T20,2009/10,bat,Rajasthan Royals,Eden Gardens,Kolkata Knight Riders,Kolkata Knight Riders,Rajasthan Royals,1,0.3783783783783784,0.5853658536585366,0.4,0.4,0.5833333333333334,1.0,0,0,-0.20698747528015815,0.25,172.2,161.2,11.0,166.6,172.4
419159,6,Dharamsala,2010-04-18,Indian Premier League,male,T20,2009/10,field,Chennai Super Kings,Himachal Pradesh Cricket Association Stadium,Chennai Super Kings,Punjab Kings,Chennai Super Kings,0,0.4878048780487805,0.5476190476190477,0.6,0.6,0.0,0.5,0,0,-0.059814169570267195,0.0,160.2,160.8,-0.6000000000000227,160.0,151.0
419160,6,Delhi,2010-04-18,Indian Premier League,male,T20,2009/10,bat,Deccan Chargers,Feroz Shah Kotla,Deccan Chargers,Delhi Capitals,Deccan Chargers,0,0.5714285714285714,0.4186046511627907,0.4,0.8,0.5833333333333334,0.0,0,0,0.15282392026578068,0.6666666666666666,143.8,162.2,-18.399999999999977,147.0,158.6
419161,6,Kolkata,2010-04-19,Indian Premier League,male,T20,2009/10,bat,Mumbai Indians,Eden Gardens,Kolkata Knight Riders,Kolkata Knight Riders,Mumbai Indians,1,0.39473684210526316,0.55,0.4,0.6,0.6153846153846154,1.0,0,0,-0.15526315789473688,0.0,162.6,168.6,-6.0,161.6,147.6
419162,6,Mumbai,2010-04-21,Indian Premier League,male,T20,2009/10,bat,Mumbai Indians,Dr DY Patil Sports Academy,Mumbai Indians,Royal Challengers Bengaluru,Mumbai Indians,0,0.45454545454545453,0.5365853658536586,0.4,0.6,0.5,0.75,0,0,-0.08203991130820404,0.5,150.0,167.0,-17.0,163.6,141.6
419163,6,Mumbai,2010-04-22,Indian Premier League,male,T20,2009/10,bat,Chennai Super Kings,Dr DY Patil Sports Academy,Chennai Super Kings,Chennai Super Kings,Deccan Chargers,1,0.5581395348837209,0.4318181818181818,0.6,1.0,0.0,0.3333333333333333,1,1,0.1263213530655391,0.3333333333333333,150.6,159.8,-9.200000000000017,144.8,153.6
419164,6,Mumbai,2010-04-24,Indian Premier League,male,T20,2009/10,bat,Deccan Chargers,Dr DY Patil Sports Academy,Royal Challengers Bengaluru,Royal Challengers Bengaluru,Deccan Chargers,1,0.4444444444444444,0.4222222222222222,0.4,0.8,0.0,0.25,0,0,0.0222222222222222,0.42857142857142855,143.0,143.4,-0.4000000000000057,163.2,145.2
419165,6,Mumbai,2010-04-25,Indian Premier League,male,T20,2009/10,bat,Chennai Super Kings,Dr DY Patil Sports Academy,Chennai Super Kings,Chennai Super Kings,Mumbai Indians,1,0.5681818181818182,0.5476190476190477,0.6,0.8,0.5,0.8,1,1,0.02056277056277056,0.5,146.0,173.0,-27.0,137.4,139.8
501198,6,Chennai,2011-04-08,Indian Premier League,male,T20,2011,bat,Chennai Super Kings,"""MA Chidambaram Stadium, Chepauk""",Chennai Super Kings,Chennai Super Kings,Kolkata Knight Riders,1,0.5777777777777777,0.41025641025641024,0.8,0.6,0.5384615384615384,0.0,1,1,0.16752136752136748,0.8,152.0,149.6,2.4000000000000057,138.8,147.4
501199,6,Hyderabad,2011-04-09,Indian Premier League,male,T20,2011,field,Rajasthan Royals,"""Rajiv Gandhi International Stadium, Uppal""",Rajasthan Royals,Deccan Chargers,Rajasthan Royals,0,0.41304347826086957,0.5714285714285714,0.6,0.4,0.0,1.0,0,0,-0.15838509316770183,0.16666666666666666,132.0,143.0,-11.0,134.8,149.8
501200,6,Kochi,2011-04-09,Indian Premier League,male,T20,2011,bat,Kochi Tuskers Kerala,Nehru Stadium,Royal Challengers Bengaluru,Kochi Tuskers Kerala,Royal Challengers Bengaluru,0,0.5,0.45652173913043476,0.5,0.4,0.5,0.5,1,1,0.043478260869565244,0.5,160.0,127.8,32.2,160.0,147.6
501201,6,Delhi,2011-04-10,Indian Premier League,male,T20,2011,bat,Delhi Daredevils,Feroz Shah Kotla,Mumbai Indians,Delhi Capitals,Mumbai Indians,0,0.5581395348837209,0.5348837209302325,0.2,0.6,0.5384615384615384,0.5,0,0,0.023255813953488413,0.5,133.8,167.4,-33.599999999999994,146.6,146.0
501202,6,Mumbai,2011-04-10,Indian Premier League,male,T20,2011,bat,Kings XI Punjab,Dr DY Patil Sports Academy,Pune Warriors,Pune Warriors,Punjab Kings,1,0.5,0.47619047619047616,0.5,0.4,0.5,0.5,0,0,0.023809523809523836,0.5,160.0,157.8,2.1999999999999886,160.0,159.0
501203,6,Kolkata,2011-04-11,Indian Premier League,male,T20,2011,bat,Kolkata Knight Riders,Eden Gardens,Kolkata Knight Riders,Kolkata Knight Riders,Deccan Chargers,1,0.4,0.40425531914893614,0.4,0.4,0.6428571428571429,0.0,1,1,-0.004255319148936121,0.6666666666666666,143.6,129.2,14.400000000000006,144.6,135.4
501205,6,Bangalore,2011-04-12,Indian Premier League,male,T20,2011,field,Mumbai Indians,M Chinnaswamy Stadium,Mumbai Indians,Royal Challengers Bengaluru,Mumbai Indians,0,0.46808510638297873,0.5454545454545454,0.6,0.6,0.35714285714285715,1.0,0,0,-0.07736943907156668,0.42857142857142855,132.6,150.6,-18.0,149.6,136.2
501204,6,Jaipur,2011-04-12,Indian Premier League,male,T20,2011,bat,Delhi Daredevils,Sawai Mansingh Stadium,Rajasthan Royals,Rajasthan Royals,Delhi Capitals,1,0.5813953488372093,0.5454545454545454,0.4,0.2,0.8,0.0,0,0,0.03594080338266392,0.42857142857142855,139.4,119.4,20.0,145.8,130.2
501206,6,Chandigarh,2011-04-13,Indian Premier League,male,T20,2011,field,Kings XI Punjab,"""Punjab Cricket Association Stadium, Mohali""",Punjab Kings,Punjab Kings,Chennai Super Kings,1,0.46511627906976744,0.5869565217391305,0.4,0.8,0.5833333333333334,1.0,0,0,-0.12184024266936305,0.0,149.6,154.0,-4.400000000000006,150.2,141.2
501207,6,Mumbai,2011-04-13,Indian Premier League,male,T20,2011,bat,Kochi Tuskers Kerala,Dr DY Patil Sports Academy,Pune Warriors,Pune Warriors,Kochi Tuskers Kerala,1,1.0,0.0,1.0,0.0,1.0,0.5,0,0,1.0,0.5,113.0,161.0,-48.0,112.0,162.0
501208,6,Hyderabad,2011-04-14,Indian Premier League,male,T20,2011,field,Royal Challengers Bangalore,"""Rajiv Gandhi International Stadium, Uppal""",Deccan Chargers,Deccan Chargers,Royal Challengers Bengaluru,1,0.3958333333333333,0.4583333333333333,0.2,0.4,0.0,1.0,0,0,-0.0625,0.5,124.4,134.2,-9.799999999999983,133.2,152.2
501209,6,Jaipur,2011-04-15,Indian Premier League,male,T20,2011,field,Kolkata Knight Riders,Sawai Mansingh Stadium,Kolkata Knight Riders,Rajasthan Royals,Kolkata Knight Riders,0,0.5909090909090909,0.4146341463414634,0.4,0.6,0.8181818181818182,0.0,0,0,0.17627494456762755,0.6,138.4,144.2,-5.799999999999983,145.4,143.0
501210,6,Mumbai,2011-04-15,Indian Premier League,male,T20,2011,field,Kochi Tuskers Kerala,Wankhede Stadium,Kochi Tuskers Kerala,Mumbai Indians,Kochi Tuskers Kerala,0,0.5555555555555556,0.0,0.6,0.0,0.5,0.5,0,0,0.5555555555555556,0.5,141.0,154.5,-13.5,137.4,156.5
501212,6,Hyderabad,2011-04-16,Indian Premier League,male,T20,2011,field,Kings XI Punjab,"""Rajiv Gandhi International Stadium, Uppal""",Punjab Kings,Deccan Chargers,Punjab Kings,0,0.40816326530612246,0.4772727272727273,0.2,0.4,0.1111111111111111,1.0,0,0,-0.06910946196660483,0.3333333333333333,130.4,156.6,-26.19999999999999,134.8,157.0
501211,6,Chennai,2011-04-16,Indian Premier League,male,T20,2011,bat,Chennai Super Kings,"""MA Chidambaram Stadium, Chepauk""",Chennai Super Kings,Chennai Super Kings,Royal Challengers Bengaluru,1,0.574468085106383,0.4489795918367347,0.8,0.4,0.5714285714285714,0.5,1,1,0.12548849326964834,0.42857142857142855,169.2,135.8,33.39999999999998,157.2,149.0
501214,6,Kolkata,2011-04-17,Indian Premier League,male,T20,2011,field,Kolkata Knight Riders,Eden Gardens,Kolkata Knight Riders,Kolkata Knight Riders,Rajasthan Royals,1,0.42857142857142855,0.5777777777777777,0.8,0.4,0.6666666666666666,0.5,1,0,-0.14920634920634918,0.5,148.4,142.8,5.599999999999994,146.2,142.6
501213,6,Mumbai,2011-04-17,Indian Premier League,male,T20,2011,field,Delhi Daredevils,Dr DY Patil Sports Academy,Delhi Capitals,Pune Warriors,Delhi Capitals,0,1.0,0.5333333333333333,1.0,0.2,1.0,0.0,0,0,0.4666666666666667,0.5,132.0,127.4,4.599999999999994,130.0,138.2
501215,6,Kochi,2011-04-18,Indian Premier League,male,T20,2011,field,Kochi Tuskers Kerala,Nehru Stadium,Kochi Tuskers Kerala,Kochi Tuskers Kerala,Chennai Super Kings,1,0.3333333333333333,0.5833333333333334,0.3333333333333333,0.8,0.0,0.5,1,0,-0.25000000000000006,0.5,164.33333333333334,166.8,-2.4666666666666686,165.0,151.2
501216,6,Delhi,2011-04-19,Indian Premier League,male,T20,2011,bat,Deccan Chargers,Feroz Shah Kotla,Deccan Chargers,Delhi Capitals,Deccan Chargers,0,0.5434782608695652,0.4,0.4,0.2,0.5,0.5,0,0,0.14347826086956517,0.5714285714285714,136.6,142.6,-6.0,139.0,139.6
501218,6,Mumbai,2011-04-20,Indian Premier League,male,T20,2011,bat,Pune Warriors,Wankhede Stadium,Mumbai Indians,Mumbai Indians,Pune Warriors,1,0.5434782608695652,0.6666666666666666,0.6,0.6666666666666666,0.4,0.5,0,0,-0.12318840579710144,0.5,150.8,150.33333333333334,0.46666666666666856,147.2,150.0
501219,6,Kolkata,2011-04-20,Indian Premier League,male,T20,2011,field,Kolkata Knight Riders,Eden Gardens,Kochi Tuskers Kerala,Kolkata Knight Riders,Kochi Tuskers Kerala,0,0.4418604651162791,0.5,0.8,0.5,0.6875,0.5,1,0,-0.05813953488372092,0.5,138.8,157.0,-18.19999999999999,136.0,156.5
501220,6,Chandigarh,2011-04-21,Indian Premier League,male,T20,2011,field,Rajasthan Royals,"""Punjab Cricket Association Stadium, Mohali""",Punjab Kings,Punjab Kings,Rajasthan Royals,1,0.4888888888888889,0.5652173913043478,0.4,0.4,0.6153846153846154,0.5,0,0,-0.07632850241545891,0.3333333333333333,167.4,133.0,34.400000000000006,167.8,133.2
501221,6,Mumbai,2011-04-22,Indian Premier League,male,T20,2011,field,Chennai Super Kings,Wankhede Stadium,Mumbai Indians,Mumbai Indians,Chennai Super Kings,1,0.5531914893617021,0.5714285714285714,0.6,0.6,0.5,0.5,0,0,-0.018237082066869248,0.42857142857142855,138.8,164.6,-25.799999999999983,141.0,157.4
501222,6,Kolkata,2011-04-22,Indian Premier League,male,T20,2011,field,Royal Challengers Bangalore,Eden Gardens,Royal Challengers Bengaluru,Kolkata Knight Riders,Royal Challengers Bengaluru,0,0.4318181818181818,0.44,0.6,0.4,0.6470588235294118,0.0,0,0,-0.008181818181818179,0.5,137.0,138.4,-1.4000000000000057,135.8,148.8
501223,6,Delhi,2011-04-23,Indian Premier League,male,T20,2011,field,Kings XI Punjab,Feroz Shah Kotla,Delhi Capitals,Delhi Capitals,Punjab Kings,1,0.5319148936170213,0.5,0.2,0.6,0.4666666666666667,1.0,0,0,0.03191489361702127,0.3333333333333333,144.4,171.6,-27.19999999999999,150.2,161.6
501224,6,Hyderabad,2011-04-24,Indian Premier League,male,T20,2011,field,Deccan Chargers,"""Rajiv Gandhi International Stadium, Uppal""",Mumbai Indians,Deccan Chargers,Mumbai Indians,0,0.4117647058823529,0.5625,0.4,0.8,0.1,1.0,1,0,-0.15073529411764708,0.5,159.8,142.4,17.400000000000006,152.8,138.6
501225,6,Jaipur,2011-04-24,Indian Premier League,male,T20,2011,field,Rajasthan Royals,Sawai Mansingh Stadium,Rajasthan Royals,Rajasthan Royals,Kochi Tuskers Kerala,1,0.5531914893617021,0.6,0.4,0.6,0.75,0.5,1,0,-0.04680851063829783,0.5,136.0,152.0,-16.0,145.6,150.4
501226,6,Chennai,2011-04-25,Indian Premier League,male,T20,2011,field,Pune Warriors,"""MA Chidambaram Stadium, Chepauk""",Chennai Super Kings,Chennai Super Kings,Pune Warriors,1,0.56,0.5,0.4,0.5,0.6,0.5,0,0,0.06000000000000005,0.5,162.2,142.25,19.94999999999999,161.0,143.5
501227,6,Delhi,2011-04-26,Indian Premier League,male,T20,2011,field,Royal Challengers Bangalore,Feroz Shah Kotla,Royal Challengers Bengaluru,Delhi Capitals,Royal Challengers Bengaluru,0,0.5416666666666666,0.45098039215686275,0.4,0.4,0.5,0.0,0,0,0.09068627450980388,0.8333333333333334,163.8,156.2,7.600000000000023,161.6,166.6
501228,6,Mumbai,2011-04-27,Indian Premier League,male,T20,2011,bat,Pune Warriors,Dr DY Patil Sports Academy,Chennai Super Kings,Pune Warriors,Chennai Super Kings,0,0.4,0.5686274509803921,0.4,0.4,0.6666666666666666,0.6666666666666666,1,1,-0.1686274509803921,0.0,137.2,160.0,-22.80000000000001,143.2,154.2
501229,6,Kochi,2011-04-27,Indian Premier League,male,T20,2011,field,Kochi Tuskers Kerala,Nehru Stadium,Deccan Chargers,Kochi Tuskers Kerala,Deccan Chargers,0,0.5,0.40384615384615385,0.6,0.4,0.5,0.5,1,0,0.09615384615384615,0.5,141.6,159.4,-17.80000000000001,140.2,159.0
501230,6,Delhi,2011-04-28,Indian Premier League,male,T20,2011,field,Delhi Daredevils,Feroz Shah Kotla,Kolkata Knight Riders,Delhi Capitals,Kolkata Knight Riders,0,0.5306122448979592,0.4222222222222222,0.4,0.6,0.47058823529411764,0.0,0,0,0.108390022675737,0.6,176.8,141.0,35.80000000000001,174.0,140.2
501231,6,Jaipur,2011-04-29,Indian Premier League,male,T20,2011,field,Rajasthan Royals,Sawai Mansingh Stadium,Rajasthan Royals,Rajasthan Royals,Mumbai Indians,1,0.5625,0.5714285714285714,0.4,0.8,0.7692307692307693,0.5,1,0,-0.008928571428571397,0.4,130.0,157.0,-27.0,140.0,146.6
501232,6,Bangalore,2011-04-29,Indian Premier League,male,T20,2011,field,Pune Warriors,M Chinnaswamy Stadium,Royal Challengers Bengaluru,Royal Challengers Bengaluru,Pune Warriors,1,0.46153846153846156,0.3333333333333333,0.4,0.2,0.3333333333333333,0.5,0,0,0.12820512820512825,0.5,156.0,142.8,13.199999999999989,166.4,149.8
501234,6,Kolkata,2011-04-30,Indian Premier League,male,T20,2011,field,Kolkata Knight Riders,Eden Gardens,Kolkata Knight Riders,Kolkata Knight Riders,Punjab Kings,1,0.43478260869565216,0.48936170212765956,0.6,0.6,0.6111111111111112,0.5,1,0,-0.0545790934320074,0.5,138.0,173.6,-35.599999999999994,135.6,168.8
501233,6,Kochi,2011-04-30,Indian Premier League,male,T20,2011,bat,Delhi Daredevils,Nehru Stadium,Delhi Capitals,Kochi Tuskers Kerala,Delhi Capitals,0,0.42857142857142855,0.52,0.6,0.4,0.3333333333333333,0.5,0,0,-0.09142857142857147,0.5,126.8,172.8,-46.000000000000014,135.8,173.2
501235,6,Jaipur,2011-05-01,Indian Premier League,male,T20,2011,field,Rajasthan Royals,Sawai Mansingh Stadium,Rajasthan Royals,Rajasthan Royals,Pune Warriors,1,0.5714285714285714,0.2857142857142857,0.4,0.0,0.7857142857142857,0.5,1,0,0.2857142857142857,0.5,118.6,143.6,-25.0,128.6,156.4
501236,6,Chennai,2011-05-01,Indian Premier League,male,T20,2011,bat,Chennai Super Kings,"""MA Chidambaram Stadium, Chepauk""",Chennai Super Kings,Chennai Super Kings,Deccan Chargers,1,0.5769230769230769,0.41509433962264153,0.6,0.6,0.625,1.0,1,1,0.16182873730043534,0.42857142857142855,151.4,154.4,-3.0,143.8,141.2
501237,6,Mumbai,2011-05-02,Indian Premier League,male,T20,2011,field,Kings XI Punjab,Wankhede Stadium,Mumbai Indians,Mumbai Indians,Punjab Kings,1,0.56,0.4791666666666667,0.6,0.6,0.5714285714285714,0.5,0,0,0.08083333333333337,0.3333333333333333,147.2,175.0,-27.80000000000001,137.6,170.2
501238,6,Delhi,2011-05-02,Indian Premier League,male,T20,2011,field,Kochi Tuskers Kerala,Feroz Shah Kotla,Kochi Tuskers Kerala,Delhi Capitals,Kochi Tuskers Kerala,0,0.5294117647058824,0.375,0.4,0.4,0.4444444444444444,0.5,0,0,0.15441176470588236,1.0,166.2,113.8,52.39999999999999,159.6,130.8
501239,6,Hyderabad,2011-05-03,Indian Premier League,male,T20,2011,field,Deccan Chargers,"""Rajiv Gandhi International Stadium, Uppal""",Kolkata Knight Riders,Deccan Chargers,Kolkata Knight Riders,0,0.4074074074074074,0.44680851063829785,0.4,0.6,0.09090909090909091,1.0,1,0,-0.039401103230890466,0.2857142857142857,148.6,130.0,18.599999999999994,145.8,127.6
501241,6,Mumbai,2011-05-04,Indian Premier League,male,T20,2011,field,Pune Warriors,Dr DY Patil Sports Academy,Mumbai Indians,Pune Warriors,Mumbai Indians,0,0.25,0.5686274509803921,0.0,0.8,0.5,0.6666666666666666,1,0,-0.31862745098039214,0.0,134.8,142.6,-7.799999999999983,147.2,128.0
501240,6,Chennai,2011-05-04,Indian Premier League,male,T20,2011,bat,Rajasthan Royals,"""MA Chidambaram Stadium, Chepauk""",Chennai Super Kings,Chennai Super Kings,Rajasthan Royals,1,0.5849056603773585,0.58,0.6,0.6,0.6470588235294118,0.5,0,0,0.004905660377358512,0.42857142857142855,147.8,115.6,32.20000000000002,140.6,125.2
501242,6,Kochi,2011-05-05,Indian Premier League,male,T20,2011,field,Kolkata Knight Riders,Nehru Stadium,Kochi Tuskers Kerala,Kochi Tuskers Kerala,Kolkata Knight Riders,1,0.4444444444444444,0.4583333333333333,0.4,0.6,0.25,0.5,0,0,-0.013888888888888895,1.0,115.0,146.8,-31.80000000000001,132.6,141.2
501243,6,Hyderabad,2011-05-05,Indian Premier League,male,T20,2011,field,Delhi Daredevils,"""Rajiv Gandhi International Stadium, Uppal""",Delhi Capitals,Deccan Chargers,Delhi Capitals,0,0.4,0.5192307692307693,0.4,0.4,0.08333333333333333,1.0,0,0,-0.11923076923076925,0.5,145.4,163.8,-18.400000000000006,146.4,154.2
501244,6,Bangalore,2011-05-06,Indian Premier League,male,T20,2011,field,Kings XI Punjab,M Chinnaswamy Stadium,Royal Challengers Bengaluru,Royal Challengers Bengaluru,Punjab Kings,1,0.4716981132075472,0.46938775510204084,0.6,0.4,0.375,0.5,0,0,0.0023103581055063382,0.5,164.2,163.6,0.5999999999999943,168.8,164.4
501245,6,Kolkata,2011-05-07,Indian Premier League,male,T20,2011,bat,Chennai Super Kings,Eden Gardens,Kolkata Knight Riders,Kolkata Knight Riders,Chennai Super Kings,1,0.4489795918367347,0.5925925925925926,0.6,0.8,0.631578947368421,1.0,0,0,-0.14361300075585787,0.16666666666666666,149.4,151.4,-2.0,146.0,143.0
501246,6,Mumbai,2011-05-07,Indian Premier League,male,T20,2011,field,Delhi Daredevils,Wankhede Stadium,Mumbai Indians,Mumbai Indians,Delhi Capitals,1,0.5769230769230769,0.5283018867924528,0.8,0.4,0.625,0.0,0,0,0.04862119013062405,0.5714285714285714,149.8,153.4,-3.5999999999999943,132.2,148.8
501247,6,Bangalore,2011-05-08,Indian Premier League,male,T20,2011,bat,Kochi Tuskers Kerala,M Chinnaswamy Stadium,Royal Challengers Bengaluru,Royal Challengers Bengaluru,Kochi Tuskers Kerala,1,0.48148148148148145,0.5,0.8,0.4,0.4117647058823529,0.5,0,0,-0.018518518518518545,1.0,176.8,119.8,57.000000000000014,157.8,135.2
501248,6,Chandigarh,2011-05-08,Indian Premier League,male,T20,2011,bat,Kings XI Punjab,"""Punjab Cricket Association Stadium, Mohali""",Pune Warriors,Punjab Kings,Pune Warriors,0,0.46,0.2222222222222222,0.2,0.0,0.6428571428571429,0.5,0,0,0.2377777777777778,0.0,154.4,139.0,15.400000000000006,172.4,154.4
501249,6,Jaipur,2011-05-09,Indian Premier League,male,T20,2011,field,Rajasthan Royals,Sawai Mansingh Stadium,Chennai Super Kings,Rajasthan Royals,Chennai Super Kings,0,0.5686274509803921,0.5818181818181818,0.6,0.8,0.8,0.0,1,0,-0.013190730837789655,0.5,128.8,143.0,-14.199999999999989,138.0,122.4
501250,6,Hyderabad,2011-05-10,Indian Premier League,male,T20,2011,bat,Deccan Chargers,"""Rajiv Gandhi International Stadium, Uppal""",Pune Warriors,Deccan Chargers,Pune Warriors,0,0.39285714285714285,0.3,0.2,0.2,0.07692307692307693,0.5,1,1,0.09285714285714286,0.5,146.8,139.6,7.200000000000017,151.8,149.8
501251,6,Chandigarh,2011-05-10,Indian Premier League,male,T20,2011,field,Mumbai Indians,"""Punjab Cricket Association Stadium, Mohali""",Punjab Kings,Punjab Kings,Mumbai Indians,1,0.45098039215686275,0.5849056603773585,0.0,0.8,0.6,0.0,0,0,-0.13392526822049572,0.5714285714285714,139.2,152.6,-13.400000000000006,167.0,130.2
501252,6,Jaipur,2011-05-11,Indian Premier League,male,T20,2011,field,Royal Challengers Bangalore,Sawai Mansingh Stadium,Royal Challengers Bengaluru,Rajasthan Royals,Royal Challengers Bengaluru,0,0.5576923076923077,0.4909090909090909,0.6,1.0,0.75,0.5,0,0,0.0667832167832168,0.5,126.0,170.0,-44.0,138.2,146.2
501253,6,Chennai,2011-05-12,Indian Premier League,male,T20,2011,bat,Chennai Super Kings,"""MA Chidambaram Stadium, Chepauk""",Chennai Super Kings,Chennai Super Kings,Delhi Capitals,1,0.5892857142857143,0.5185185185185185,0.8,0.4,0.6666666666666666,1.0,1,1,0.07076719576719581,0.5,153.8,150.6,3.200000000000017,125.6,152.2
501254,6,Indore,2011-05-13,Indian Premier League,male,T20,2011,field,Kings XI Punjab,Holkar Cricket Stadium,Punjab Kings,Kochi Tuskers Kerala,Punjab Kings,0,0.45454545454545453,0.46153846153846156,0.4,0.2,0.5,0.5,0,0,-0.006993006993007034,0.5,123.0,131.4,-8.400000000000006,138.6,138.2
501255,6,Bangalore,2011-05-14,Indian Premier League,male,T20,2011,field,Royal Challengers Bangalore,M Chinnaswamy Stadium,Royal Challengers Bengaluru,Royal Challengers Bengaluru,Kolkata Knight Riders,1,0.5,0.46,1.0,0.8,0.4444444444444444,0.5,0,0,0.03999999999999998,0.5714285714285714,165.2,127.4,37.79999999999998,141.2,133.8
501256,6,Mumbai,2011-05-14,Indian Premier League,male,T20,2011,bat,Deccan Chargers,Wankhede Stadium,Deccan Chargers,Mumbai Indians,Deccan Chargers,0,0.5740740740740741,0.38596491228070173,0.6,0.2,0.6666666666666666,0.5,0,0,0.18810916179337234,0.5714285714285714,135.6,147.0,-11.400000000000006,135.8,144.8
501257,6,Dharamsala,2011-05-15,Indian Premier League,male,T20,2011,field,Delhi Daredevils,Himachal Pradesh Cricket Association Stadium,Punjab Kings,Punjab Kings,Delhi Capitals,1,0.4716981132075472,0.509090909090909,0.4,0.4,0.0,0.5,0,0,-0.03739279588336186,0.5714285714285714,143.8,156.0,-12.199999999999989,149.8,157.8
501258,6,Indore,2011-05-15,Indian Premier League,male,T20,2011,field,Kochi Tuskers Kerala,Holkar Cricket Stadium,Kochi Tuskers Kerala,Kochi Tuskers Kerala,Rajasthan Royals,1,0.4166666666666667,0.5471698113207547,0.4,0.4,0.0,0.5,1,0,-0.13050314465408802,0.0,143.8,133.0,10.800000000000011,149.0,146.6
501259,6,Mumbai,2011-05-16,Indian Premier League,male,T20,2011,field,Deccan Chargers,Dr DY Patil Sports Academy,Deccan Chargers,Pune Warriors,Deccan Chargers,0,0.36363636363636365,0.39655172413793105,0.4,0.2,0.4,0.2,0,0,-0.0329153605015674,1.0,138.8,148.2,-9.399999999999977,148.0,155.0
501260,6,Dharamsala,2011-05-17,Indian Premier League,male,T20,2011,bat,Kings XI Punjab,Himachal Pradesh Cricket Association Stadium,Punjab Kings,Punjab Kings,Royal Challengers Bengaluru,1,0.48148148148148145,0.5087719298245614,0.6,1.0,0.3333333333333333,0.5,0,0,-0.027290448343079976,0.42857142857142855,150.6,154.0,-3.4000000000000057,146.2,127.0
501261,6,Chennai,2011-05-18,Indian Premier League,male,T20,2011,bat,Chennai Super Kings,"""MA Chidambaram Stadium, Chepauk""",Chennai Super Kings,Chennai Super Kings,Kochi Tuskers Kerala,1,0.5964912280701754,0.46153846153846156,0.8,0.6,0.6842105263157895,0.5,1,1,0.13495276653171384,0.0,160.0,139.6,20.400000000000006,129.0,137.0
501262,6,Mumbai,2011-05-19,Indian Premier League,male,T20,2011,field,Kolkata Knight Riders,Dr DY Patil Sports Academy,Kolkata Knight Riders,Pune Warriors,Kolkata Knight Riders,0,0.3333333333333333,0.45098039215686275,0.4,0.6,0.3333333333333333,1.0,0,0,-0.11764705882352944,0.5,135.0,115.6,19.400000000000006,139.4,128.6
501263,6,Mumbai,2011-05-20,Indian Premier League,male,T20,2011,bat,Mumbai Indians,Wankhede Stadium,Rajasthan Royals,Mumbai Indians,Rajasthan Royals,0,0.5636363636363636,0.5370370370370371,0.6,0.2,0.6,1.0,1,1,0.02659932659932651,0.5,141.8,133.4,8.400000000000006,143.8,147.4
501264,6,Dharamsala,2011-05-21,Indian Premier League,male,T20,2011,field,Kings XI Punjab,Himachal Pradesh Cricket Association Stadium,Deccan Chargers,Punjab Kings,Deccan Chargers,0,0.4909090909090909,0.4067796610169492,0.8,0.4,0.5,1.0,0,0,0.08412942989214173,0.7142857142857143,173.0,146.6,26.400000000000006,129.4,149.2
501266,6,Bangalore,2011-05-22,Indian Premier League,male,T20,2011,field,Royal Challengers Bangalore,M Chinnaswamy Stadium,Royal Challengers Bengaluru,Royal Challengers Bengaluru,Chennai Super Kings,1,0.5,0.603448275862069,0.8,0.8,0.47368421052631576,0.5,0,0,-0.10344827586206895,0.5,142.0,157.4,-15.400000000000006,142.4,128.0
501267,6,Kolkata,2011-05-22,Indian Premier League,male,T20,2011,field,Mumbai Indians,Eden Gardens,Mumbai Indians,Kolkata Knight Riders,Mumbai Indians,0,0.46153846153846156,0.5535714285714286,0.6,0.4,0.65,0.5,0,0,-0.09203296703296704,0.16666666666666666,115.4,136.6,-21.19999999999999,128.4,143.4
501268,6,Mumbai,2011-05-24,Indian Premier League,male,T20,2011,field,Chennai Super Kings,Wankhede Stadium,Chennai Super Kings,Royal Challengers Bengaluru,Chennai Super Kings,0,0.5084745762711864,0.5932203389830508,0.8,0.6,1.0,0.3333333333333333,0,0,-0.0847457627118644,0.5555555555555556,126.8,153.2,-26.39999999999999,144.0,124.4
501269,6,Mumbai,2011-05-25,Indian Premier League,male,T20,2011,field,Mumbai Indians,Wankhede Stadium,Mumbai Indians,Mumbai Indians,Kolkata Knight Riders,1,0.5614035087719298,0.4528301886792453,0.4,0.4,0.5454545454545454,0.0,1,0,0.1085733200926845,0.8571428571428571,140.2,116.6,23.599999999999994,150.6,134.2
501270,6,Chennai,2011-05-27,Indian Premier League,male,T20,2011,field,Mumbai Indians,"""MA Chidambaram Stadium, Chepauk""",Royal Challengers Bengaluru,Royal Challengers Bengaluru,Mumbai Indians,1,0.5,0.5689655172413793,0.6,0.4,0.3333333333333333,0.0,0,0,-0.06896551724137934,0.375,136.2,134.2,2.0,154.4,150.8
501271,6,Chennai,2011-05-28,Indian Premier League,male,T20,2011,bat,Chennai Super Kings,"""MA Chidambaram Stadium, Chepauk""",Chennai Super Kings,Chennai Super Kings,Royal Challengers Bengaluru,1,0.6,0.5081967213114754,0.8,0.6,0.7,0.5,1,1,0.09180327868852456,0.5,165.8,143.0,22.80000000000001,147.2,153.6
548306,6,Chennai,2012-04-04,Indian Premier League,male,T20,2012,field,Mumbai Indians,"""MA Chidambaram Stadium, Chepauk""",Mumbai Indians,Chennai Super Kings,Mumbai Indians,0,0.6065573770491803,0.559322033898305,0.8,0.4,0.7142857142857143,0.0,0,0,0.0472353431508753,0.5,167.6,145.2,22.400000000000006,150.0,155.2
548307,6,Kolkata,2012-04-05,Indian Premier League,male,T20,2012,field,Delhi Daredevils,Eden Gardens,Delhi Capitals,Kolkata Knight Riders,Delhi Capitals,0,0.4444444444444444,0.5,0.4,0.2,0.6190476190476191,0.0,0,0,-0.05555555555555558,0.5,118.2,152.8,-34.60000000000001,132.6,168.0
548308,6,Mumbai,2012-04-06,Indian Premier League,male,T20,2012,field,Mumbai Indians,Wankhede Stadium,Pune Warriors,Mumbai Indians,Pune Warriors,0,0.5666666666666667,0.3076923076923077,0.6,0.4,0.5833333333333334,0.0,1,0,0.25897435897435894,1.0,143.2,130.0,13.199999999999989,150.6,134.4
548309,6,Jaipur,2012-04-06,Indian Premier League,male,T20,2012,field,Kings XI Punjab,Sawai Mansingh Stadium,Rajasthan Royals,Rajasthan Royals,Punjab Kings,1,0.5454545454545454,0.48214285714285715,0.2,0.8,0.7058823529411765,0.0,0,0,0.06331168831168826,0.5714285714285714,131.4,172.4,-41.0,145.4,145.0
548311,6,Visakhapatnam,2012-04-07,Indian Premier League,male,T20,2012,field,Deccan Chargers,Dr. Y.S. Rajasekhara Reddy ACA-VDCA Cricket Stadium,Chennai Super Kings,Deccan Chargers,Chennai Super Kings,0,0.4166666666666667,0.5967741935483871,0.6,0.6,0.5,0.5,1,0,-0.18010752688172044,0.5,156.4,154.8,1.5999999999999943,138.6,141.4
548310,6,Bangalore,2012-04-07,Indian Premier League,male,T20,2012,field,Delhi Daredevils,M Chinnaswamy Stadium,Royal Challengers Bengaluru,Royal Challengers Bengaluru,Delhi Capitals,1,0.5,0.5087719298245614,0.4,0.4,0.5,1.0,0,0,-0.00877192982456143,0.2857142857142857,151.4,144.8,6.599999999999994,176.8,159.2
548313,6,Pune,2012-04-08,Indian Premier League,male,T20,2012,bat,Pune Warriors,Subrata Roy Sahara Stadium,Pune Warriors,Pune Warriors,Punjab Kings,1,0.35714285714285715,0.47368421052631576,0.6,0.6,0.5,0.5,1,1,-0.11654135338345861,1.0,128.0,171.8,-43.80000000000001,122.6,165.8
548312,6,Jaipur,2012-04-08,Indian Premier League,male,T20,2012,field,Kolkata Knight Riders,Sawai Mansingh Stadium,Rajasthan Royals,Rajasthan Royals,Kolkata Knight Riders,1,0.5535714285714286,0.43636363636363634,0.4,0.2,0.7222222222222222,0.5,0,0,0.11720779220779226,0.42857142857142855,140.2,125.4,14.799999999999983,147.6,129.8
548314,6,Visakhapatnam,2012-04-09,Indian Premier League,male,T20,2012,bat,Deccan Chargers,Dr. Y.S. Rajasekhara Reddy ACA-VDCA Cricket Stadium,Mumbai Indians,Deccan Chargers,Mumbai Indians,0,0.4098360655737705,0.5573770491803278,0.6,0.6,0.0,0.5,1,1,-0.14754098360655732,0.5,145.2,136.8,8.399999999999977,141.4,149.6
548315,6,Bangalore,2012-04-10,Indian Premier League,male,T20,2012,field,Royal Challengers Bangalore,M Chinnaswamy Stadium,Kolkata Knight Riders,Royal Challengers Bengaluru,Kolkata Knight Riders,0,0.5079365079365079,0.42857142857142855,0.6,0.2,0.5238095238095238,0.3333333333333333,0,0,0.07936507936507936,0.625,158.6,136.0,22.599999999999994,157.8,141.6
548316,6,Delhi,2012-04-10,Indian Premier League,male,T20,2012,field,Delhi Daredevils,Feroz Shah Kotla,Delhi Capitals,Delhi Capitals,Chennai Super Kings,1,0.5,0.6031746031746031,0.2,0.6,0.42105263157894735,1.0,0,0,-0.10317460317460314,0.42857142857142855,136.4,163.0,-26.599999999999994,155.6,137.0
548317,6,Mumbai,2012-04-11,Indian Premier League,male,T20,2012,field,Rajasthan Royals,Wankhede Stadium,Mumbai Indians,Mumbai Indians,Rajasthan Royals,1,0.5645161290322581,0.5614035087719298,0.6,0.6,0.5384615384615384,1.0,0,0,0.003112620260328325,0.42857142857142855,129.6,146.4,-16.80000000000001,142.2,136.8
548318,6,Chennai,2012-04-12,Indian Premier League,male,T20,2012,bat,Royal Challengers Bangalore,"""MA Chidambaram Stadium, Chepauk""",Chennai Super Kings,Chennai Super Kings,Royal Challengers Bengaluru,1,0.59375,0.5,0.6,0.4,0.6818181818181818,0.4,0,0,0.09375,0.5454545454545454,159.4,157.4,2.0,133.4,165.2
548319,6,Chandigarh,2012-04-12,Indian Premier League,male,T20,2012,field,Kings XI Punjab,"""Punjab Cricket Association Stadium, Mohali""",Punjab Kings,Punjab Kings,Pune Warriors,1,0.46551724137931033,0.4,0.4,0.6,0.625,1.0,0,0,0.06551724137931031,0.0,164.4,137.2,27.200000000000017,163.4,127.6
548320,6,Kolkata,2012-04-13,Indian Premier League,male,T20,2012,bat,Rajasthan Royals,Eden Gardens,Kolkata Knight Riders,Kolkata Knight Riders,Rajasthan Royals,1,0.43859649122807015,0.5517241379310345,0.2,0.6,0.5909090909090909,0.3333333333333333,0,0,-0.11312764670296432,0.5,145.2,151.2,-6.0,142.6,146.0
548322,6,Pune,2012-04-14,Indian Premier League,male,T20,2012,bat,Chennai Super Kings,Subrata Roy Sahara Stadium,Pune Warriors,Pune Warriors,Chennai Super Kings,1,0.375,0.6,0.4,0.6,1.0,0.5,0,0,-0.22499999999999998,0.0,132.8,165.6,-32.79999999999998,123.6,139.4
548323,6,Kolkata,2012-04-15,Indian Premier League,male,T20,2012,field,Kolkata Knight Riders,Eden Gardens,Punjab Kings,Kolkata Knight Riders,Punjab Kings,0,0.4482758620689655,0.4745762711864407,0.4,0.4,0.6086956521739131,0.3333333333333333,1,0,-0.026300409117475165,0.5714285714285714,137.6,153.6,-16.0,133.2,158.2
548324,6,Bangalore,2012-04-15,Indian Premier League,male,T20,2012,bat,Rajasthan Royals,M Chinnaswamy Stadium,Rajasthan Royals,Royal Challengers Bengaluru,Rajasthan Royals,0,0.49230769230769234,0.5423728813559322,0.4,0.6,0.5,0.5,0,0,-0.050065189048239866,0.5714285714285714,163.4,158.0,5.400000000000006,171.4,153.8
548325,6,Mumbai,2012-04-16,Indian Premier League,male,T20,2012,field,Delhi Daredevils,Wankhede Stadium,Delhi Capitals,Mumbai Indians,Delhi Capitals,0,0.5714285714285714,0.5084745762711864,0.6,0.4,0.5714285714285714,0.0,0,0,0.06295399515738498,0.625,139.4,129.4,10.0,146.8,142.0
548327,6,Bangalore,2012-04-17,Indian Premier League,male,T20,2012,bat,Pune Warriors,M Chinnaswamy Stadium,Royal Challengers Bengaluru,Royal Challengers Bengaluru,Pune Warriors,1,0.48484848484848486,0.4117647058823529,0.2,0.6,0.4782608695652174,0.0,0,0,0.07308377896613194,1.0,153.6,136.8,16.799999999999983,182.0,127.0
548326,6,Jaipur,2012-04-17,Indian Premier League,male,T20,2012,bat,Deccan Chargers,Sawai Mansingh Stadium,Rajasthan Royals,Rajasthan Royals,Deccan Chargers,1,0.55,0.4032258064516129,0.6,0.6,0.7368421052631579,0.0,0,0,0.14677419354838717,0.8571428571428571,170.2,145.6,24.599999999999994,154.4,142.4
548328,6,Chandigarh,2012-04-18,Indian Premier League,male,T20,2012,bat,Kings XI Punjab,"""Punjab Cricket Association Stadium, Mohali""",Kolkata Knight Riders,Punjab Kings,Kolkata Knight Riders,0,0.48333333333333334,0.4406779661016949,0.4,0.4,0.6470588235294118,0.5,0,0,0.04265536723163843,0.5,134.0,134.6,-0.5999999999999943,160.4,130.4
548330,6,Chennai,2012-04-19,Indian Premier League,male,T20,2012,field,Pune Warriors,"""MA Chidambaram Stadium, Chepauk""",Chennai Super Kings,Chennai Super Kings,Pune Warriors,1,0.5909090909090909,0.3888888888888889,0.4,0.6,0.6956521739130435,0.0,0,0,0.20202020202020204,0.6666666666666666,155.6,149.6,6.0,141.2,140.4
548321,6,Delhi,2012-04-19,Indian Premier League,male,T20,2012,bat,Deccan Chargers,Feroz Shah Kotla,Delhi Capitals,Delhi Capitals,Deccan Chargers,1,0.5166666666666667,0.3968253968253968,0.6,0.4,0.45,0.6666666666666666,0,0,0.11984126984126992,0.5555555555555556,116.4,157.8,-41.400000000000006,125.2,156.8
548331,6,Chandigarh,2012-04-20,Indian Premier League,male,T20,2012,field,Royal Challengers Bangalore,"""Punjab Cricket Association Stadium, Mohali""",Royal Challengers Bengaluru,Punjab Kings,Royal Challengers Bengaluru,0,0.47540983606557374,0.4925373134328358,0.4,0.4,0.6111111111111112,0.5,0,0,-0.017127477367262056,0.5,135.6,161.4,-25.80000000000001,146.2,177.4
548332,6,Chennai,2012-04-21,Indian Premier League,male,T20,2012,bat,Rajasthan Royals,"""MA Chidambaram Stadium, Chepauk""",Chennai Super Kings,Chennai Super Kings,Rajasthan Royals,1,0.5970149253731343,0.5573770491803278,0.6,0.6,0.7083333333333334,0.3333333333333333,0,0,0.039637876192806454,0.5555555555555556,166.0,171.4,-5.400000000000006,148.4,161.6
548333,6,Delhi,2012-04-21,Indian Premier League,male,T20,2012,field,Delhi Daredevils,Feroz Shah Kotla,Pune Warriors,Delhi Capitals,Pune Warriors,0,0.5245901639344263,0.3684210526315789,0.8,0.4,0.47619047619047616,0.5,0,0,0.15616911130284733,1.0,120.6,154.0,-33.400000000000006,122.6,153.0
548334,6,Mumbai,2012-04-22,Indian Premier League,male,T20,2012,bat,Mumbai Indians,Wankhede Stadium,Punjab Kings,Mumbai Indians,Punjab Kings,0,0.5625,0.46774193548387094,0.6,0.4,0.5333333333333333,0.3333333333333333,1,1,0.09475806451612906,0.375,129.4,136.2,-6.799999999999983,128.4,141.2
548335,6,Cuttack,2012-04-22,Indian Premier League,male,T20,2012,field,Kolkata Knight Riders,Barabati Stadium,Kolkata Knight Riders,Deccan Chargers,Kolkata Knight Riders,0,0.390625,0.45,0.2,0.6,1.0,0.5,0,0,-0.05937500000000001,0.25,161.6,140.6,21.0,162.0,135.2
548336,6,Jaipur,2012-04-23,Indian Premier League,male,T20,2012,field,Rajasthan Royals,Sawai Mansingh Stadium,Royal Challengers Bengaluru,Rajasthan Royals,Royal Challengers Bengaluru,0,0.5483870967741935,0.5,0.4,0.4,0.75,0.6666666666666666,1,0,0.048387096774193505,0.5,167.8,163.2,4.600000000000023,162.6,182.6
548337,6,Pune,2012-04-24,Indian Premier League,male,T20,2012,bat,Pune Warriors,Subrata Roy Sahara Stadium,Delhi Capitals,Pune Warriors,Delhi Capitals,0,0.4,0.5161290322580645,0.4,0.6,1.0,0.5,1,1,-0.11612903225806448,0.5,159.2,135.0,24.19999999999999,158.6,141.6
548339,6,Chandigarh,2012-04-25,Indian Premier League,male,T20,2012,bat,Kings XI Punjab,"""Punjab Cricket Association Stadium, Mohali""",Mumbai Indians,Punjab Kings,Mumbai Indians,0,0.47619047619047616,0.5538461538461539,0.6,0.4,0.5789473684210527,0.0,0,0,-0.07765567765567771,0.6666666666666666,140.2,139.0,1.1999999999999886,140.6,138.8
548341,6,Pune,2012-04-26,Indian Premier League,male,T20,2012,bat,Deccan Chargers,Subrata Roy Sahara Stadium,Deccan Chargers,Pune Warriors,Deccan Chargers,0,0.38095238095238093,0.38461538461538464,0.4,0.0,0.6666666666666666,0.5,0,0,-0.0036630036630037055,0.5,165.4,147.2,18.200000000000017,165.0,164.2
548342,6,Delhi,2012-04-27,Indian Premier League,male,T20,2012,field,Mumbai Indians,Feroz Shah Kotla,Delhi Capitals,Delhi Capitals,Mumbai Indians,1,0.5238095238095238,0.5606060606060606,0.8,0.6,0.45454545454545453,0.6666666666666666,0,0,-0.036796536796536716,0.4444444444444444,137.2,153.0,-15.800000000000011,139.4,146.6
548343,6,Chennai,2012-04-28,Indian Premier League,male,T20,2012,bat,Kings XI Punjab,"""MA Chidambaram Stadium, Chepauk""",Punjab Kings,Chennai Super Kings,Punjab Kings,0,0.6029411764705882,0.46875,0.6,0.4,0.72,0.0,0,0,0.1341911764705882,0.8571428571428571,156.8,150.6,6.200000000000017,153.8,151.8
548344,6,Kolkata,2012-04-28,Indian Premier League,male,T20,2012,bat,Kolkata Knight Riders,Eden Gardens,Kolkata Knight Riders,Kolkata Knight Riders,Royal Challengers Bengaluru,1,0.45901639344262296,0.5072463768115942,0.8,0.6,0.5833333333333334,0.3333333333333333,1,1,-0.048229983368971274,0.4444444444444444,137.6,176.4,-38.80000000000001,127.6,178.2
548345,6,Delhi,2012-04-29,Indian Premier League,male,T20,2012,bat,Delhi Daredevils,Feroz Shah Kotla,Delhi Capitals,Delhi Capitals,Rajasthan Royals,1,0.53125,0.5396825396825397,0.8,0.4,0.4782608695652174,0.0,0,0,-0.008432539682539653,0.5,156.4,162.4,-6.0,151.4,161.0
548346,6,Mumbai,2012-04-29,Indian Premier League,male,T20,2012,field,Mumbai Indians,Wankhede Stadium,Mumbai Indians,Mumbai Indians,Deccan Chargers,1,0.5522388059701493,0.3939393939393939,0.4,0.2,0.5,1.0,1,0,0.15829941203075537,0.5555555555555556,158.6,158.8,-0.20000000000001705,160.4,157.4
548347,6,Chennai,2012-04-30,Indian Premier League,male,T20,2012,bat,Chennai Super Kings,"""MA Chidambaram Stadium, Chepauk""",Kolkata Knight Riders,Chennai Super Kings,Kolkata Knight Riders,0,0.5942028985507246,0.46774193548387094,0.6,0.8,0.6923076923076923,0.0,1,1,0.12646096306685367,0.7142857142857143,164.6,142.6,22.0,162.8,131.6
548348,6,Cuttack,2012-05-01,Indian Premier League,male,T20,2012,bat,Deccan Chargers,Barabati Stadium,Deccan Chargers,Deccan Chargers,Pune Warriors,1,0.3880597014925373,0.36363636363636365,0.2,0.2,0.6666666666666666,0.5,1,1,0.024423337856173677,0.6666666666666666,151.2,166.0,-14.800000000000011,149.2,169.4
548349,6,Jaipur,2012-05-01,Indian Premier League,male,T20,2012,bat,Rajasthan Royals,Sawai Mansingh Stadium,Delhi Capitals,Rajasthan Royals,Delhi Capitals,0,0.53125,0.5384615384615384,0.4,0.8,0.7142857142857143,0.0,1,1,-0.007211538461538436,0.4444444444444444,166.4,168.2,-1.799999999999983,164.0,163.2
548350,6,Bangalore,2012-05-02,Indian Premier League,male,T20,2012,field,Kings XI Punjab,M Chinnaswamy Stadium,Punjab Kings,Royal Challengers Bengaluru,Punjab Kings,0,0.5,0.47692307692307695,0.6,0.4,0.5,0.3333333333333333,0,0,0.02307692307692305,0.5555555555555556,164.0,155.0,9.0,174.6,155.2
548351,6,Pune,2012-05-03,Indian Premier League,male,T20,2012,bat,Mumbai Indians,Subrata Roy Sahara Stadium,Mumbai Indians,Pune Warriors,Mumbai Indians,0,0.34782608695652173,0.5588235294117647,0.2,0.4,0.5,0.5,0,0,-0.210997442455243,0.3333333333333333,164.2,139.4,24.799999999999983,169.4,146.4
548352,6,Chennai,2012-05-04,Indian Premier League,male,T20,2012,bat,Chennai Super Kings,"""MA Chidambaram Stadium, Chepauk""",Chennai Super Kings,Chennai Super Kings,Deccan Chargers,1,0.5857142857142857,0.39705882352941174,0.4,0.4,0.6666666666666666,0.6666666666666666,1,1,0.188655462184874,0.5555555555555556,150.8,149.2,1.6000000000000227,149.8,144.4
548353,6,Kolkata,2012-05-05,Indian Premier League,male,T20,2012,bat,Kolkata Knight Riders,Eden Gardens,Kolkata Knight Riders,Kolkata Knight Riders,Pune Warriors,1,0.47619047619047616,0.3333333333333333,0.8,0.2,0.6,0.5,1,1,0.14285714285714285,1.0,143.2,157.8,-14.600000000000023,133.2,160.6
548354,6,Chandigarh,2012-05-05,Indian Premier League,male,T20,2012,bat,Rajasthan Royals,"""Punjab Cricket Association Stadium, Mohali""",Rajasthan Royals,Punjab Kings,Rajasthan Royals,0,0.48484848484848486,0.5230769230769231,0.6,0.2,0.55,0.3333333333333333,0,0,-0.038228438228438244,0.375,162.8,155.6,7.200000000000017,161.4,165.6
548356,6,Bangalore,2012-05-06,Indian Premier League,male,T20,2012,field,Royal Challengers Bangalore,M Chinnaswamy Stadium,Royal Challengers Bengaluru,Royal Challengers Bengaluru,Deccan Chargers,1,0.49295774647887325,0.391304347826087,0.6,0.4,0.48,0.5,0,0,0.10165339865278628,0.4444444444444444,168.4,147.8,20.599999999999994,168.2,144.0
548355,6,Mumbai,2012-05-06,Indian Premier League,male,T20,2012,field,Mumbai Indians,Wankhede Stadium,Mumbai Indians,Mumbai Indians,Chennai Super Kings,1,0.5652173913043478,0.5915492957746479,0.6,0.6,0.5294117647058824,0.5,1,0,-0.026331904470300094,0.5555555555555556,145.0,151.8,-6.800000000000011,151.6,148.6
548357,6,Delhi,2012-05-07,Indian Premier League,male,T20,2012,bat,Delhi Daredevils,Feroz Shah Kotla,Kolkata Knight Riders,Delhi Capitals,Kolkata Knight Riders,0,0.5454545454545454,0.484375,0.8,1.0,0.5,0.5,0,0,0.061079545454545414,0.5714285714285714,164.6,146.8,17.799999999999983,160.0,135.0
548359,6,Hyderabad,2012-05-08,Indian Premier League,male,T20,2012,field,Deccan Chargers,"""Rajiv Gandhi International Stadium, Uppal""",Punjab Kings,Deccan Chargers,Punjab Kings,0,0.38571428571428573,0.47761194029850745,0.4,0.6,0.07142857142857142,1.0,1,0,-0.09189765458422172,0.375,158.8,157.0,1.8000000000000114,155.6,163.6
548358,6,Pune,2012-05-08,Indian Premier League,male,T20,2012,bat,Pune Warriors,Subrata Roy Sahara Stadium,Rajasthan Royals,Pune Warriors,Rajasthan Royals,0,0.32,0.5303030303030303,0.0,0.2,0.4,0.5,1,1,-0.21030303030303027,0.0,148.0,151.6,-3.5999999999999943,156.2,153.2
548360,6,Mumbai,2012-05-09,Indian Premier League,male,T20,2012,field,Royal Challengers Bangalore,Wankhede Stadium,Royal Challengers Bengaluru,Mumbai Indians,Royal Challengers Bengaluru,0,0.5714285714285714,0.5,0.8,0.6,0.5555555555555556,0.5,0,0,0.0714285714285714,0.5555555555555556,147.2,168.2,-21.0,153.4,168.0
548361,6,Jaipur,2012-05-10,Indian Premier League,male,T20,2012,field,Chennai Super Kings,Sawai Mansingh Stadium,Chennai Super Kings,Rajasthan Royals,Chennai Super Kings,0,0.5373134328358209,0.5833333333333334,0.4,0.4,0.6818181818181818,0.5,0,0,-0.04601990049751248,0.4,147.6,153.6,-6.0,148.8,153.2
548329,6,Hyderabad,2012-05-10,Indian Premier League,male,T20,2012,bat,Deccan Chargers,"""Rajiv Gandhi International Stadium, Uppal""",Delhi Capitals,Deccan Chargers,Delhi Capitals,0,0.38028169014084506,0.5373134328358209,0.2,0.8,0.06666666666666667,1.0,1,1,-0.15703174269497583,0.4,152.4,160.8,-8.400000000000006,157.8,152.4
548362,6,Pune,2012-05-11,Indian Premier League,male,T20,2012,field,Pune Warriors,Subrata Roy Sahara Stadium,Royal Challengers Bengaluru,Pune Warriors,Royal Challengers Bengaluru,0,0.3076923076923077,0.5068493150684932,0.0,0.6,0.3333333333333333,0.5,1,0,-0.19915700737618547,0.0,143.8,163.4,-19.599999999999994,151.8,163.6
548363,6,Kolkata,2012-05-12,Indian Premier League,male,T20,2012,bat,Mumbai Indians,Eden Gardens,Mumbai Indians,Kolkata Knight Riders,Mumbai Indians,0,0.49230769230769234,0.5633802816901409,1.0,0.6,0.6153846153846154,0.6666666666666666,0,0,-0.07107258938244854,0.125,152.2,141.2,11.0,140.8,148.2
548364,6,Chennai,2012-05-12,Indian Premier League,male,T20,2012,field,Chennai Super Kings,"""MA Chidambaram Stadium, Chepauk""",Chennai Super Kings,Chennai Super Kings,Delhi Capitals,1,0.589041095890411,0.5441176470588235,0.4,0.8,0.6785714285714286,0.6666666666666666,1,0,0.0449234488315875,0.5,149.6,169.8,-20.200000000000017,149.2,160.6
548366,6,Chandigarh,2012-05-13,Indian Premier League,male,T20,2012,bat,Deccan Chargers,"""Punjab Cricket Association Stadium, Mohali""",Punjab Kings,Punjab Kings,Deccan Chargers,1,0.4852941176470588,0.375,0.6,0.2,0.5238095238095238,0.0,0,0,0.11029411764705882,0.6666666666666666,158.2,169.8,-11.600000000000023,160.0,176.2
548365,6,Jaipur,2012-05-13,Indian Premier League,male,T20,2012,bat,Rajasthan Royals,Sawai Mansingh Stadium,Rajasthan Royals,Rajasthan Royals,Pune Warriors,1,0.5294117647058824,0.2962962962962963,0.4,0.0,0.6521739130434783,0.0,1,1,0.23311546840958608,1.0,144.2,139.6,4.599999999999994,136.4,151.0
548367,6,Bangalore,2012-05-14,Indian Premier League,male,T20,2012,field,Mumbai Indians,M Chinnaswamy Stadium,Mumbai Indians,Royal Challengers Bengaluru,Mumbai Indians,0,0.5135135135135135,0.5694444444444444,0.6,0.8,0.5,1.0,0,0,-0.05593093093093093,0.5,160.2,143.6,16.599999999999994,162.6,137.8
548368,6,Kolkata,2012-05-14,Indian Premier League,male,T20,2012,field,Chennai Super Kings,Eden Gardens,Chennai Super Kings,Kolkata Knight Riders,Chennai Super Kings,0,0.48484848484848486,0.5945945945945946,0.8,0.6,0.5925925925925926,0.6666666666666666,0,0,-0.10974610974610977,0.375,157.8,142.8,15.0,152.0,140.8
548369,6,Delhi,2012-05-15,Indian Premier League,male,T20,2012,bat,Kings XI Punjab,Feroz Shah Kotla,Delhi Capitals,Delhi Capitals,Punjab Kings,1,0.5362318840579711,0.4927536231884058,0.6,0.8,0.48,0.6666666666666666,0,0,0.043478260869565244,0.375,151.2,163.4,-12.200000000000017,149.6,163.8
548370,6,Mumbai,2012-05-16,Indian Premier League,male,T20,2012,field,Mumbai Indians,Wankhede Stadium,Kolkata Knight Riders,Mumbai Indians,Kolkata Knight Riders,0,0.5753424657534246,0.47761194029850745,0.8,0.6,0.5263157894736842,0.0,1,0,0.09773052545491717,0.8888888888888888,158.0,151.4,6.599999999999994,152.0,155.4
548372,6,Delhi,2012-05-17,Indian Premier League,male,T20,2012,field,Delhi Daredevils,Feroz Shah Kotla,Royal Challengers Bengaluru,Delhi Capitals,Royal Challengers Bengaluru,0,0.5428571428571428,0.5066666666666667,0.6,0.6,0.5,0.3333333333333333,0,0,0.036190476190476106,0.625,148.8,165.8,-17.0,146.6,159.2
548371,6,Dharamsala,2012-05-17,Indian Premier League,male,T20,2012,field,Kings XI Punjab,Himachal Pradesh Cricket Association Stadium,Punjab Kings,Punjab Kings,Chennai Super Kings,1,0.4857142857142857,0.6,0.6,0.8,0.4,1.0,0,0,-0.11428571428571427,0.25,159.4,147.0,12.400000000000006,162.0,144.4
548373,6,Hyderabad,2012-05-18,Indian Premier League,male,T20,2012,bat,Rajasthan Royals,"""Rajiv Gandhi International Stadium, Uppal""",Deccan Chargers,Deccan Chargers,Rajasthan Royals,1,0.3698630136986301,0.5362318840579711,0.0,0.6,0.0625,1.0,0,0,-0.16636887035934095,0.125,170.6,148.0,22.599999999999994,180.4,131.0
548375,6,Pune,2012-05-19,Indian Premier League,male,T20,2012,bat,Kolkata Knight Riders,Subrata Roy Sahara Stadium,Kolkata Knight Riders,Pune Warriors,Kolkata Knight Riders,0,0.2857142857142857,0.4852941176470588,0.0,0.6,0.2857142857142857,0.5,0,0,-0.19957983193277312,0.0,130.0,151.4,-21.400000000000006,147.8,149.2
548374,6,Dharamsala,2012-05-19,Indian Premier League,male,T20,2012,field,Delhi Daredevils,Himachal Pradesh Cricket Association Stadium,Delhi Capitals,Punjab Kings,Delhi Capitals,0,0.49295774647887325,0.5352112676056338,0.6,0.4,0.5,0.0,0,0,-0.04225352112676051,0.5555555555555556,151.4,158.8,-7.400000000000006,154.4,161.4
548377,6,Jaipur,2012-05-20,Indian Premier League,male,T20,2012,bat,Rajasthan Royals,Sawai Mansingh Stadium,Mumbai Indians,Rajasthan Royals,Mumbai Indians,0,0.5285714285714286,0.5675675675675675,0.6,0.6,0.6666666666666666,0.3333333333333333,1,1,-0.03899613899613896,0.5,145.0,155.6,-10.599999999999994,127.8,156.2
548376,6,Hyderabad,2012-05-20,Indian Premier League,male,T20,2012,field,Royal Challengers Bangalore,"""Rajiv Gandhi International Stadium, Uppal""",Deccan Chargers,Deccan Chargers,Royal Challengers Bengaluru,1,0.3783783783783784,0.5131578947368421,0.2,0.8,0.11764705882352941,0.5,0,0,-0.13477951635846375,0.5,166.2,177.2,-11.0,173.6,165.4
548378,6,Pune,2012-05-22,Indian Premier League,male,T20,2012,bat,Kolkata Knight Riders,Subrata Roy Sahara Stadium,Kolkata Knight Riders,Delhi Capitals,Kolkata Knight Riders,0,0.5416666666666666,0.4927536231884058,0.6,0.6,1.0,1.0,0,0,0.04891304347826081,0.5,157.2,148.6,8.599999999999994,158.8,141.0
548379,6,Bangalore,2012-05-23,Indian Premier League,male,T20,2012,field,Mumbai Indians,M Chinnaswamy Stadium,Chennai Super Kings,Chennai Super Kings,Mumbai Indians,1,0.5921052631578947,0.5733333333333334,0.6,0.6,0.3333333333333333,1.0,0,0,0.01877192982456133,0.4,139.0,153.4,-14.400000000000006,139.0,154.0
548380,6,Chennai,2012-05-25,Indian Premier League,male,T20,2012,field,Delhi Daredevils,"""MA Chidambaram Stadium, Chepauk""",Chennai Super Kings,Delhi Capitals,Chennai Super Kings,0,0.5342465753424658,0.5974025974025974,0.4,0.8,0.5,0.6896551724137931,0,0,-0.0631560220601316,0.4444444444444444,147.4,141.8,5.599999999999994,153.8,134.0
548381,6,Chennai,2012-05-27,Indian Premier League,male,T20,2012,bat,Chennai Super Kings,"""MA Chidambaram Stadium, Chepauk""",Kolkata Knight Riders,Kolkata Knight Riders,Chennai Super Kings,1,0.5,0.6025641025641025,0.6,0.8,0.25,0.7,0,0,-0.10256410256410253,0.3333333333333333,150.2,160.8,-10.600000000000023,139.2,136.0
597998,6,Kolkata,2013-04-03,Indian Premier League,male,T20,2013,field,Kolkata Knight Riders,Eden Gardens,Kolkata Knight Riders,Kolkata Knight Riders,Delhi Capitals,1,0.5070422535211268,0.527027027027027,0.8,0.4,0.5714285714285714,0.3333333333333333,1,0,-0.019984773505900222,0.5555555555555556,157.6,151.8,5.799999999999983,140.8,175.2
597999,6,Bangalore,2013-04-04,Indian Premier League,male,T20,2013,field,Mumbai Indians,M Chinnaswamy Stadium,Royal Challengers Bengaluru,Royal Challengers Bengaluru,Mumbai Indians,1,0.5064935064935064,0.5657894736842105,0.6,0.6,0.48148148148148145,0.8,0,0,-0.05929596719070407,0.45454545454545453,164.8,155.0,9.800000000000011,155.6,163.0
598000,6,Hyderabad,2013-04-05,Indian Premier League,male,T20,2013,field,Pune Warriors,"""Rajiv Gandhi International Stadium, Uppal""",Sunrisers Hyderabad,Sunrisers Hyderabad,Pune Warriors,1,0.5,0.27586206896551724,0.5,0.0,0.5,1.0,0,0,0.22413793103448276,0.5,160.0,126.6,33.400000000000006,160.0,151.0
598001,6,Delhi,2013-04-06,Indian Premier League,male,T20,2013,bat,Rajasthan Royals,Feroz Shah Kotla,Rajasthan Royals,Delhi Capitals,Rajasthan Royals,0,0.52,0.5211267605633803,0.2,0.4,0.48148148148148145,0.0,0,0,-0.0011267605633802358,0.6,149.4,142.0,7.400000000000006,173.8,133.6
598002,6,Chennai,2013-04-06,Indian Premier League,male,T20,2013,bat,Mumbai Indians,"""MA Chidambaram Stadium, Chepauk""",Mumbai Indians,Chennai Super Kings,Mumbai Indians,0,0.5949367088607594,0.5584415584415584,0.6,0.4,0.6774193548387096,0.25,0,0,0.03649515041920104,0.45454545454545453,175.8,149.4,26.400000000000006,151.6,163.2
598003,6,Pune,2013-04-07,Indian Premier League,male,T20,2013,bat,Pune Warriors,Subrata Roy Sahara Stadium,Punjab Kings,Pune Warriors,Punjab Kings,0,0.26666666666666666,0.4861111111111111,0.0,0.6,0.25,0.0,1,1,-0.21944444444444444,0.75,118.8,152.8,-34.000000000000014,146.2,148.0
598005,6,Jaipur,2013-04-08,Indian Premier League,male,T20,2013,field,Kolkata Knight Riders,Sawai Mansingh Stadium,Rajasthan Royals,Rajasthan Royals,Kolkata Knight Riders,1,0.5277777777777778,0.5138888888888888,0.4,1.0,0.64,0.3333333333333333,0,0,0.01388888888888895,0.4444444444444444,149.8,151.8,-2.0,140.6,134.4
598048,6,Bangalore,2013-04-09,Indian Premier League,male,T20,2013,bat,Sunrisers Hyderabad,M Chinnaswamy Stadium,Royal Challengers Bengaluru,Royal Challengers Bengaluru,Sunrisers Hyderabad,1,0.5128205128205128,1.0,0.6,1.0,0.5,0.5,0,0,-0.4871794871794872,0.5,167.6,126.0,41.599999999999994,158.2,104.0
598006,6,Mumbai,2013-04-09,Indian Premier League,male,T20,2013,bat,Mumbai Indians,Wankhede Stadium,Mumbai Indians,Mumbai Indians,Delhi Capitals,1,0.5641025641025641,0.5131578947368421,0.4,0.2,0.5,0.3333333333333333,1,1,0.05094466936572195,0.5,144.4,142.6,1.8000000000000114,156.8,163.8
598007,6,Chandigarh,2013-04-10,Indian Premier League,male,T20,2013,field,Chennai Super Kings,"""Punjab Cricket Association Stadium, Mohali""",Chennai Super Kings,Punjab Kings,Chennai Super Kings,0,0.4931506849315068,0.5875,0.6,0.4,0.5454545454545454,0.5,0,0,-0.0943493150684932,0.3333333333333333,138.8,171.6,-32.79999999999998,138.8,149.6
598008,6,Bangalore,2013-04-11,Indian Premier League,male,T20,2013,field,Royal Challengers Bangalore,M Chinnaswamy Stadium,Royal Challengers Bengaluru,Royal Challengers Bengaluru,Kolkata Knight Riders,1,0.5189873417721519,0.5068493150684932,0.6,0.8,0.5172413793103449,0.5,0,0,0.01213802670365871,0.5,165.4,148.8,16.599999999999994,162.8,141.6
598009,6,Pune,2013-04-11,Indian Premier League,male,T20,2013,bat,Rajasthan Royals,Subrata Roy Sahara Stadium,Pune Warriors,Pune Warriors,Rajasthan Royals,1,0.25806451612903225,0.5342465753424658,0.0,0.6,0.2222222222222222,1.0,0,0,-0.27618205921343353,0.0,113.6,153.4,-39.80000000000001,141.0,140.2
598010,6,Delhi,2013-04-12,Indian Premier League,male,T20,2013,bat,Delhi Daredevils,Feroz Shah Kotla,Sunrisers Hyderabad,Delhi Capitals,Sunrisers Hyderabad,0,0.5064935064935064,0.5,0.0,0.5,0.4642857142857143,0.5,0,0,0.00649350649350644,0.5,146.6,143.5,3.0999999999999943,177.4,133.0
598012,6,Chennai,2013-04-13,Indian Premier League,male,T20,2013,field,Chennai Super Kings,"""MA Chidambaram Stadium, Chepauk""",Chennai Super Kings,Chennai Super Kings,Royal Challengers Bengaluru,1,0.5925925925925926,0.525,0.6,0.8,0.65625,0.3333333333333333,1,0,0.06759259259259254,0.5833333333333334,175.4,162.8,12.599999999999994,152.6,159.0
598011,6,Mumbai,2013-04-13,Indian Premier League,male,T20,2013,bat,Mumbai Indians,Wankhede Stadium,Mumbai Indians,Mumbai Indians,Pune Warriors,1,0.569620253164557,0.28125,0.6,0.2,0.5238095238095238,0.5,1,1,0.288370253164557,0.75,164.6,115.6,49.0,161.8,135.4
598013,6,Kolkata,2013-04-14,Indian Premier League,male,T20,2013,bat,Kolkata Knight Riders,Eden Gardens,Kolkata Knight Riders,Kolkata Knight Riders,Sunrisers Hyderabad,1,0.5,0.6666666666666666,0.6,0.6666666666666666,0.5862068965517241,0.5,1,1,-0.16666666666666663,0.5,152.4,134.0,18.400000000000006,152.8,126.66666666666667
598014,6,Jaipur,2013-04-14,Indian Premier League,male,T20,2013,field,Rajasthan Royals,Sawai Mansingh Stadium,Rajasthan Royals,Rajasthan Royals,Punjab Kings,1,0.527027027027027,0.4864864864864865,0.4,0.4,0.6538461538461539,0.0,1,0,0.04054054054054046,0.6666666666666666,148.4,127.6,20.80000000000001,144.8,128.6
598015,6,Chennai,2013-04-15,Indian Premier League,male,T20,2013,bat,Pune Warriors,"""MA Chidambaram Stadium, Chepauk""",Pune Warriors,Chennai Super Kings,Pune Warriors,0,0.5975609756097561,0.2727272727272727,0.6,0.2,0.6666666666666666,0.0,0,0,0.32483370288248337,0.75,171.2,119.0,52.19999999999999,155.8,138.0
598016,6,Chandigarh,2013-04-16,Indian Premier League,male,T20,2013,field,Kolkata Knight Riders,"""Punjab Cricket Association Stadium, Mohali""",Punjab Kings,Punjab Kings,Kolkata Knight Riders,1,0.48,0.5066666666666667,0.4,0.6,0.5217391304347826,0.6666666666666666,0,0,-0.026666666666666727,0.4444444444444444,125.2,156.0,-30.799999999999997,125.8,150.4
598018,6,Pune,2013-04-17,Indian Premier League,male,T20,2013,field,Pune Warriors,Maharashtra Cricket Association Stadium,Sunrisers Hyderabad,Pune Warriors,Sunrisers Hyderabad,0,0.29411764705882354,0.5,0.4,0.5,0.5,0.5,1,0,-0.20588235294117646,0.0,130.4,133.5,-3.0999999999999943,137.8,140.0
598019,6,Jaipur,2013-04-17,Indian Premier League,male,T20,2013,bat,Rajasthan Royals,Sawai Mansingh Stadium,Rajasthan Royals,Rajasthan Royals,Mumbai Indians,1,0.5333333333333333,0.575,0.6,0.6,0.6666666666666666,0.5,1,1,-0.04166666666666663,0.4444444444444444,148.4,168.6,-20.19999999999999,144.0,157.8
598020,6,Delhi,2013-04-18,Indian Premier League,male,T20,2013,bat,Chennai Super Kings,Feroz Shah Kotla,Chennai Super Kings,Delhi Capitals,Chennai Super Kings,0,0.5,0.5903614457831325,0.0,0.4,0.4482758620689655,0.6666666666666666,0,0,-0.09036144578313254,0.4,140.6,153.8,-13.200000000000017,168.0,160.4
598021,6,Hyderabad,2013-04-19,Indian Premier League,male,T20,2013,bat,Kings XI Punjab,"""Rajiv Gandhi International Stadium, Uppal""",Sunrisers Hyderabad,Sunrisers Hyderabad,Punjab Kings,1,0.6,0.4868421052631579,0.6,0.4,1.0,1.0,0,0,0.11315789473684207,0.5,130.6,132.0,-1.4000000000000057,133.6,132.4
598022,6,Kolkata,2013-04-20,Indian Premier League,male,T20,2013,bat,Kolkata Knight Riders,Eden Gardens,Chennai Super Kings,Kolkata Knight Riders,Chennai Super Kings,0,0.5,0.5952380952380952,0.4,0.6,0.6,0.75,1,1,-0.09523809523809523,0.4,148.2,149.6,-1.4000000000000057,143.8,138.6
598023,6,Bangalore,2013-04-20,Indian Premier League,male,T20,2013,field,Royal Challengers Bangalore,M Chinnaswamy Stadium,Royal Challengers Bengaluru,Royal Challengers Bengaluru,Rajasthan Royals,1,0.5185185185185185,0.5394736842105263,0.6,0.8,0.5333333333333333,0.6666666666666666,0,0,-0.020955165692007838,0.5555555555555556,152.8,151.8,1.0,153.4,129.8
598024,6,Delhi,2013-04-21,Indian Premier League,male,T20,2013,bat,Mumbai Indians,Feroz Shah Kotla,Delhi Capitals,Delhi Capitals,Mumbai Indians,1,0.4936708860759494,0.5679012345679012,0.0,0.6,0.43333333333333335,0.5,0,0,-0.07423034849195181,0.45454545454545453,130.0,157.2,-27.19999999999999,157.4,156.2
598025,6,Chandigarh,2013-04-21,Indian Premier League,male,T20,2013,field,Kings XI Punjab,"""Punjab Cricket Association Stadium, Mohali""",Punjab Kings,Punjab Kings,Pune Warriors,1,0.4805194805194805,0.2857142857142857,0.4,0.4,0.5416666666666666,0.5,0,0,0.19480519480519481,0.4,128.4,131.2,-2.799999999999983,128.8,136.4
598026,6,Chennai,2013-04-22,Indian Premier League,male,T20,2013,bat,Rajasthan Royals,"""MA Chidambaram Stadium, Chepauk""",Chennai Super Kings,Chennai Super Kings,Rajasthan Royals,1,0.6,0.5324675324675324,0.8,0.6,0.6470588235294118,0.25,0,0,0.06753246753246755,0.6363636363636364,146.6,142.2,4.400000000000006,132.8,122.4
598059,6,Delhi,2013-04-23,Indian Premier League,male,T20,2013,field,Kings XI Punjab,Feroz Shah Kotla,Punjab Kings,Delhi Capitals,Punjab Kings,0,0.5,0.48717948717948717,0.2,0.4,0.45161290322580644,0.5,0,0,0.01282051282051283,0.5,137.4,145.6,-8.199999999999989,163.8,146.0
598027,6,Bangalore,2013-04-23,Indian Premier League,male,T20,2013,field,Pune Warriors,M Chinnaswamy Stadium,Royal Challengers Bengaluru,Royal Challengers Bengaluru,Pune Warriors,1,0.524390243902439,0.2777777777777778,0.8,0.4,0.5483870967741935,0.0,0,0,0.24661246612466126,1.0,152.8,148.4,4.400000000000006,150.4,153.6
598029,6,Kolkata,2013-04-24,Indian Premier League,male,T20,2013,bat,Kolkata Knight Riders,Eden Gardens,Mumbai Indians,Kolkata Knight Riders,Mumbai Indians,0,0.4935064935064935,0.5609756097560976,0.2,0.6,0.5806451612903226,0.75,1,1,-0.06746911624960411,0.2,146.2,158.6,-12.400000000000006,143.0,158.0
598030,6,Chennai,2013-04-25,Indian Premier League,male,T20,2013,bat,Sunrisers Hyderabad,"""MA Chidambaram Stadium, Chepauk""",Chennai Super Kings,Chennai Super Kings,Sunrisers Hyderabad,1,0.6046511627906976,0.6666666666666666,0.8,0.6,0.6571428571428571,0.5,0,0,-0.06201550387596899,0.5,156.0,130.8,25.19999999999999,142.2,137.4
598031,6,Kolkata,2013-04-26,Indian Premier League,male,T20,2013,bat,Kings XI Punjab,Eden Gardens,Kolkata Knight Riders,Kolkata Knight Riders,Punjab Kings,1,0.48717948717948717,0.4936708860759494,0.2,0.6,0.5625,0.5,0,0,-0.006491398896462219,0.5,153.0,142.2,10.800000000000011,146.6,142.2
598032,6,Jaipur,2013-04-27,Indian Premier League,male,T20,2013,bat,Sunrisers Hyderabad,Sawai Mansingh Stadium,Rajasthan Royals,Rajasthan Royals,Sunrisers Hyderabad,1,0.5256410256410257,0.5714285714285714,0.4,0.6,0.6785714285714286,0.5,0,0,-0.045787545787545736,0.5,150.4,130.4,20.0,134.6,137.0
598033,6,Mumbai,2013-04-27,Indian Premier League,male,T20,2013,bat,Mumbai Indians,Wankhede Stadium,Mumbai Indians,Mumbai Indians,Royal Challengers Bengaluru,1,0.5662650602409639,0.5301204819277109,0.6,0.8,0.5454545454545454,0.6666666666666666,1,1,0.03614457831325302,0.5,161.4,174.2,-12.799999999999983,162.0,146.2
598034,6,Chennai,2013-04-28,Indian Premier League,male,T20,2013,field,Kolkata Knight Riders,"""MA Chidambaram Stadium, Chepauk""",Chennai Super Kings,Chennai Super Kings,Kolkata Knight Riders,1,0.6091954022988506,0.4936708860759494,0.8,0.4,0.6666666666666666,0.4,0,0,0.11552451622290122,0.6363636363636364,154.8,152.2,2.6000000000000227,141.0,144.8
598035,6,Raipur,2013-04-28,Indian Premier League,male,T20,2013,field,Pune Warriors,Shaheed Veer Narayan Singh International Stadium,Delhi Capitals,Delhi Capitals,Pune Warriors,1,0.49382716049382713,0.2702702702702703,0.2,0.2,0.5,0.5,0,0,0.22355689022355685,0.6666666666666666,129.4,145.4,-16.0,155.0,177.2
598036,6,Jaipur,2013-04-29,Indian Premier League,male,T20,2013,field,Rajasthan Royals,Sawai Mansingh Stadium,Rajasthan Royals,Rajasthan Royals,Royal Challengers Bengaluru,1,0.5316455696202531,0.5238095238095238,0.6,0.6,0.6896551724137931,0.75,1,0,0.007836045810729275,0.4,150.6,169.0,-18.400000000000006,133.8,152.8
598037,6,Mumbai,2013-04-29,Indian Premier League,male,T20,2013,bat,Mumbai Indians,Wankhede Stadium,Mumbai Indians,Mumbai Indians,Punjab Kings,1,0.5714285714285714,0.4875,0.6,0.6,0.5652173913043478,0.5,1,1,0.08392857142857141,0.4,158.4,147.2,11.200000000000017,156.2,147.0
598038,6,Pune,2013-04-30,Indian Premier League,male,T20,2013,bat,Chennai Super Kings,Subrata Roy Sahara Stadium,Chennai Super Kings,Pune Warriors,Chennai Super Kings,0,0.2631578947368421,0.6136363636363636,0.2,1.0,0.3,0.0,0,0,-0.35047846889952156,0.4,146.8,167.8,-21.0,173.4,146.4
598040,6,Raipur,2013-05-01,Indian Premier League,male,T20,2013,bat,Kolkata Knight Riders,Shaheed Veer Narayan Singh International Stadium,Delhi Capitals,Delhi Capitals,Kolkata Knight Riders,1,0.5,0.4875,0.4,0.2,1.0,0.5,0,0,0.012500000000000011,0.4,129.2,153.4,-24.200000000000017,143.0,158.4
598039,6,Hyderabad,2013-05-01,Indian Premier League,male,T20,2013,bat,Mumbai Indians,"""Rajiv Gandhi International Stadium, Uppal""",Sunrisers Hyderabad,Sunrisers Hyderabad,Mumbai Indians,1,0.5,0.5764705882352941,0.4,0.6,1.0,1.0,0,0,-0.07647058823529407,0.5,136.2,156.6,-20.400000000000006,143.4,161.8
598041,6,Chennai,2013-05-02,Indian Premier League,male,T20,2013,bat,Chennai Super Kings,"""MA Chidambaram Stadium, Chepauk""",Chennai Super Kings,Chennai Super Kings,Punjab Kings,1,0.6179775280898876,0.48148148148148145,1.0,0.4,0.6756756756756757,0.5,1,1,0.13649604660840614,0.7,166.8,149.8,17.0,155.2,151.2
598042,6,Pune,2013-05-02,Indian Premier League,male,T20,2013,bat,Royal Challengers Bangalore,Subrata Roy Sahara Stadium,Royal Challengers Bengaluru,Pune Warriors,Royal Challengers Bengaluru,0,0.2564102564102564,0.5176470588235295,0.0,0.4,0.2727272727272727,1.0,0,0,-0.2612368024132731,0.0,140.4,171.6,-31.19999999999999,179.2,156.6
598043,6,Kolkata,2013-05-03,Indian Premier League,male,T20,2013,bat,Rajasthan Royals,Eden Gardens,Kolkata Knight Riders,Kolkata Knight Riders,Rajasthan Royals,1,0.48148148148148145,0.5375,0.2,0.6,0.5757575757575758,0.25,0,0,-0.05601851851851852,0.5,150.0,160.0,-10.0,154.4,143.2
598044,6,Hyderabad,2013-05-04,Indian Premier League,male,T20,2013,bat,Delhi Daredevils,"""Rajiv Gandhi International Stadium, Uppal""",Sunrisers Hyderabad,Sunrisers Hyderabad,Delhi Capitals,1,0.5555555555555556,0.5060240963855421,0.6,0.6,1.0,1.0,0,0,0.04953145917001345,1.0,135.8,133.8,2.0,133.2,147.2
598046,6,Mumbai,2013-05-05,Indian Premier League,male,T20,2013,bat,Mumbai Indians,Wankhede Stadium,Mumbai Indians,Mumbai Indians,Chennai Super Kings,1,0.5697674418604651,0.6222222222222222,0.6,1.0,0.5833333333333334,0.4,1,1,-0.0524547803617571,0.5833333333333334,164.0,179.2,-15.199999999999989,152.0,165.6
598047,6,Jaipur,2013-05-05,Indian Premier League,male,T20,2013,bat,Pune Warriors,Sawai Mansingh Stadium,Rajasthan Royals,Rajasthan Royals,Pune Warriors,1,0.5308641975308642,0.25,0.4,0.0,0.7,0.0,0,0,0.2808641975308642,0.75,150.6,152.8,-2.200000000000017,151.4,192.8
598064,6,Chandigarh,2013-05-06,Indian Premier League,male,T20,2013,field,Kings XI Punjab,"""Punjab Cricket Association Stadium, Mohali""",Punjab Kings,Punjab Kings,Royal Challengers Bengaluru,1,0.47560975609756095,0.5232558139534884,0.4,0.6,0.56,0.6666666666666666,0,0,-0.04764605785592746,0.5,159.4,176.0,-16.599999999999994,163.0,157.4
598050,6,Mumbai,2013-05-07,Indian Premier League,male,T20,2013,bat,Mumbai Indians,Wankhede Stadium,Mumbai Indians,Mumbai Indians,Kolkata Knight Riders,1,0.5747126436781609,0.4878048780487805,0.8,0.4,0.6,0.3333333333333333,1,1,0.0869077656293804,0.8181818181818182,159.6,152.8,6.799999999999983,134.8,156.0
598049,6,Jaipur,2013-05-07,Indian Premier League,male,T20,2013,bat,Delhi Daredevils,Sawai Mansingh Stadium,Rajasthan Royals,Rajasthan Royals,Delhi Capitals,1,0.5365853658536586,0.5,0.6,0.6,0.7096774193548387,0.3333333333333333,0,0,0.03658536585365857,0.45454545454545453,163.6,133.2,30.400000000000006,162.4,129.6
598051,6,Hyderabad,2013-05-08,Indian Premier League,male,T20,2013,field,Sunrisers Hyderabad,"""Rajiv Gandhi International Stadium, Uppal""",Chennai Super Kings,Sunrisers Hyderabad,Chennai Super Kings,0,0.6,0.6153846153846154,0.6,0.8,1.0,1.0,1,0,-0.015384615384615441,0.0,128.2,157.8,-29.600000000000023,127.6,156.4
598052,6,Chandigarh,2013-05-09,Indian Premier League,male,T20,2013,field,Rajasthan Royals,"""Punjab Cricket Association Stadium, Mohali""",Rajasthan Royals,Punjab Kings,Rajasthan Royals,0,0.4819277108433735,0.5421686746987951,0.4,0.8,0.5769230769230769,0.5,0,0,-0.06024096385542166,0.3,161.0,157.6,3.4000000000000057,164.0,156.0
598053,6,Pune,2013-05-09,Indian Premier League,male,T20,2013,bat,Kolkata Knight Riders,Subrata Roy Sahara Stadium,Kolkata Knight Riders,Pune Warriors,Kolkata Knight Riders,0,0.24390243902439024,0.4819277108433735,0.0,0.4,0.25,1.0,0,0,-0.23802527181898325,0.0,151.4,142.0,9.400000000000006,192.0,157.6
598054,6,Delhi,2013-05-10,Indian Premier League,male,T20,2013,field,Delhi Daredevils,Feroz Shah Kotla,Royal Challengers Bengaluru,Delhi Capitals,Royal Challengers Bengaluru,0,0.49411764705882355,0.5172413793103449,0.4,0.4,0.4375,0.5,0,0,-0.02312373225152131,0.5555555555555556,131.0,189.4,-58.400000000000006,128.4,172.8
598055,6,Pune,2013-05-11,Indian Premier League,male,T20,2013,bat,Pune Warriors,Subrata Roy Sahara Stadium,Mumbai Indians,Pune Warriors,Mumbai Indians,0,0.23809523809523808,0.5795454545454546,0.0,0.8,0.23076923076923078,1.0,1,1,-0.3414502164502165,0.2,146.0,161.2,-15.199999999999989,169.8,124.0
598056,6,Chandigarh,2013-05-11,Indian Premier League,male,T20,2013,field,Kings XI Punjab,"""Punjab Cricket Association Stadium, Mohali""",Sunrisers Hyderabad,Punjab Kings,Sunrisers Hyderabad,0,0.47619047619047616,0.5454545454545454,0.2,0.4,0.5555555555555556,0.5,0,0,-0.06926406926406925,0.0,165.8,132.0,33.80000000000001,169.4,147.6
598057,6,Ranchi,2013-05-12,Indian Premier League,male,T20,2013,field,Kolkata Knight Riders,JSCA International Stadium Complex,Kolkata Knight Riders,Kolkata Knight Riders,Royal Challengers Bengaluru,1,0.4880952380952381,0.5227272727272727,0.4,0.4,0.5,0.5,1,0,-0.034632034632034625,0.45454545454545453,142.4,173.4,-31.0,149.0,182.0
598058,6,Jaipur,2013-05-12,Indian Premier League,male,T20,2013,field,Rajasthan Royals,Sawai Mansingh Stadium,Rajasthan Royals,Rajasthan Royals,Chennai Super Kings,1,0.5476190476190477,0.6195652173913043,0.8,0.8,0.71875,0.6666666666666666,1,0,-0.07194616977225665,0.3333333333333333,157.8,170.4,-12.599999999999994,156.2,153.8
598060,6,Mumbai,2013-05-13,Indian Premier League,male,T20,2013,bat,Sunrisers Hyderabad,Wankhede Stadium,Mumbai Indians,Mumbai Indians,Sunrisers Hyderabad,1,0.5842696629213483,0.5833333333333334,0.8,0.6,0.6153846153846154,0.5,0,0,0.000936329588014928,0.0,145.6,130.2,15.400000000000006,119.2,139.6
598062,6,Chennai,2013-05-14,Indian Premier League,male,T20,2013,bat,Chennai Super Kings,"""MA Chidambaram Stadium, Chepauk""",Chennai Super Kings,Chennai Super Kings,Delhi Capitals,1,0.6129032258064516,0.4883720930232558,0.6,0.4,0.6842105263157895,0.4,1,1,0.12453113278319583,0.6363636363636364,158.6,142.8,15.799999999999983,145.4,140.8
598045,6,Bangalore,2013-05-14,Indian Premier League,male,T20,2013,field,Kings XI Punjab,M Chinnaswamy Stadium,Punjab Kings,Royal Challengers Bengaluru,Punjab Kings,0,0.5168539325842697,0.47058823529411764,0.4,0.2,0.5625,0.5,0,0,0.046265697290152064,0.45454545454545453,169.2,160.0,9.199999999999989,166.4,169.4
598063,6,Mumbai,2013-05-15,Indian Premier League,male,T20,2013,field,Rajasthan Royals,Wankhede Stadium,Mumbai Indians,Mumbai Indians,Rajasthan Royals,1,0.5888888888888889,0.5529411764705883,0.8,0.8,0.6296296296296297,0.6666666666666666,0,0,0.03594771241830064,0.5,147.6,152.0,-4.400000000000006,120.8,150.2
598061,6,Ranchi,2013-05-15,Indian Premier League,male,T20,2013,field,Kolkata Knight Riders,JSCA International Stadium Complex,Pune Warriors,Kolkata Knight Riders,Pune Warriors,0,0.49411764705882355,0.23255813953488372,0.6,0.0,1.0,0.5,1,0,0.26155950752393986,1.0,128.4,138.6,-10.199999999999989,132.0,160.2
598028,6,Dharamsala,2013-05-16,Indian Premier League,male,T20,2013,field,Delhi Daredevils,Himachal Pradesh Cricket Association Stadium,Punjab Kings,Punjab Kings,Delhi Capitals,1,0.47674418604651164,0.4827586206896552,0.4,0.2,0.42857142857142855,0.5,0,0,-0.006014434643143551,0.5454545454545454,161.2,137.0,24.19999999999999,169.4,144.6
598065,6,Hyderabad,2013-05-17,Indian Premier League,male,T20,2013,bat,Sunrisers Hyderabad,"""Rajiv Gandhi International Stadium, Uppal""",Sunrisers Hyderabad,Sunrisers Hyderabad,Rajasthan Royals,1,0.5384615384615384,0.5465116279069767,0.6,0.8,0.8,0.6666666666666666,1,1,-0.00805008944543828,0.0,137.0,156.0,-19.0,147.2,156.8
598066,6,Dharamsala,2013-05-18,Indian Premier League,male,T20,2013,field,Mumbai Indians,Himachal Pradesh Cricket Association Stadium,Punjab Kings,Punjab Kings,Mumbai Indians,1,0.4827586206896552,0.5934065934065934,0.6,1.0,0.5,0.5,0,0,-0.11064797271693821,0.5454545454545454,161.2,155.0,6.199999999999989,165.0,125.2
598068,6,Bangalore,2013-05-18,Indian Premier League,male,T20,2013,field,Chennai Super Kings,M Chinnaswamy Stadium,Royal Challengers Bengaluru,Royal Challengers Bengaluru,Chennai Super Kings,1,0.5111111111111111,0.6170212765957447,0.4,0.6,0.5454545454545454,0.5,0,0,-0.10591016548463361,0.38461538461538464,169.8,159.4,10.400000000000006,167.0,147.0
598067,6,Pune,2013-05-19,Indian Premier League,male,T20,2013,bat,Pune Warriors,Subrata Roy Sahara Stadium,Pune Warriors,Pune Warriors,Delhi Capitals,1,0.25,0.4772727272727273,0.2,0.0,0.21428571428571427,0.5,1,1,-0.2272727272727273,0.25,147.2,142.4,4.799999999999983,160.0,151.6
598069,6,Hyderabad,2013-05-19,Indian Premier League,male,T20,2013,bat,Kolkata Knight Riders,"""Rajiv Gandhi International Stadium, Uppal""",Sunrisers Hyderabad,Sunrisers Hyderabad,Kolkata Knight Riders,1,0.5714285714285714,0.4883720930232558,0.6,0.6,0.8333333333333334,1.0,0,0,0.0830564784053156,0.0,138.2,133.8,4.399999999999977,144.0,138.6
598070,6,Delhi,2013-05-21,Indian Premier League,male,T20,2013,bat,Chennai Super Kings,Feroz Shah Kotla,Chennai Super Kings,Chennai Super Kings,Mumbai Indians,1,0.6105263157894737,0.5869565217391305,0.4,0.8,0.75,0.4,1,1,0.023569794050343207,0.38461538461538464,138.6,153.8,-15.200000000000017,134.0,146.0
598071,6,Delhi,2013-05-22,Indian Premier League,male,T20,2013,bat,Sunrisers Hyderabad,Feroz Shah Kotla,Rajasthan Royals,Rajasthan Royals,Sunrisers Hyderabad,1,0.5402298850574713,0.6,0.6,0.6,0.25,1.0,0,0,-0.05977011494252871,0.5,142.2,148.4,-6.200000000000017,148.4,154.0
598072,6,Kolkata,2013-05-24,Indian Premier League,male,T20,2013,bat,Rajasthan Royals,Eden Gardens,Mumbai Indians,Mumbai Indians,Rajasthan Royals,1,0.5806451612903226,0.5454545454545454,0.6,0.6,0.8,0.2,0,0,0.035190615835777206,0.5454545454545454,148.6,138.2,10.400000000000006,163.4,144.0
598073,6,Kolkata,2013-05-26,Indian Premier League,male,T20,2013,bat,Mumbai Indians,Eden Gardens,Mumbai Indians,Chennai Super Kings,Mumbai Indians,0,0.6145833333333334,0.5851063829787234,0.6,0.6,0.8,0.8333333333333334,0,0,0.029476950354609954,0.42857142857142855,161.2,159.2,2.0,135.0,174.0
729279,6,Abu Dhabi,2014-04-16,Indian Premier League,male,T20,2014,bat,Kolkata Knight Riders,Sheikh Zayed Stadium,Kolkata Knight Riders,Mumbai Indians,Kolkata Knight Riders,0,0.5894736842105263,0.4827586206896552,0.6,0.4,0.5,0.5,0,0,0.10671506352087107,0.8333333333333334,152.0,133.2,18.80000000000001,163.4,138.6
729281,6,,2014-04-17,Indian Premier League,male,T20,2014,field,Royal Challengers Bangalore,Sharjah Cricket Stadium,Royal Challengers Bengaluru,Delhi Capitals,Royal Challengers Bengaluru,0,0.47191011235955055,0.5164835164835165,0.0,0.4,0.5,0.5,0,0,-0.04457340412396599,0.5,153.2,153.6,-0.4000000000000057,169.8,149.4
729285,6,Abu Dhabi,2014-04-18,Indian Premier League,male,T20,2014,field,Rajasthan Royals,Sheikh Zayed Stadium,Rajasthan Royals,Sunrisers Hyderabad,Rajasthan Royals,0,0.5625,0.5393258426966292,0.6,0.4,0.5,0.5,0,0,0.0231741573033708,0.3333333333333333,145.6,141.8,3.799999999999983,136.4,148.8
729283,6,Abu Dhabi,2014-04-18,Indian Premier League,male,T20,2014,bat,Chennai Super Kings,Sheikh Zayed Stadium,Punjab Kings,Chennai Super Kings,Punjab Kings,0,0.6082474226804123,0.48863636363636365,0.4,0.6,0.5,0.5,1,1,0.11961105904404867,0.7272727272727273,141.6,159.0,-17.400000000000006,135.4,153.6
729287,6,,2014-04-19,Indian Premier League,male,T20,2014,field,Royal Challengers Bangalore,Dubai International Cricket Stadium,Royal Challengers Bengaluru,Royal Challengers Bengaluru,Mumbai Indians,1,0.5217391304347826,0.5833333333333334,0.6,0.4,0.5,0.5,0,0,-0.061594202898550776,0.46153846153846156,144.8,143.2,1.6000000000000227,139.6,165.6
729289,6,,2014-04-19,Indian Premier League,male,T20,2014,bat,Kolkata Knight Riders,Dubai International Cricket Stadium,Delhi Capitals,Kolkata Knight Riders,Delhi Capitals,0,0.48863636363636365,0.4666666666666667,0.6,0.0,0.5,0.5,1,1,0.021969696969696972,0.5454545454545454,144.8,151.4,-6.599999999999994,129.0,168.0
729291,6,,2014-04-20,Indian Premier League,male,T20,2014,field,Kings XI Punjab,Sharjah Cricket Stadium,Punjab Kings,Rajasthan Royals,Punjab Kings,0,0.5444444444444444,0.4943820224719101,0.4,0.8,0.5,0.5,0,0,0.0500624219725343,0.7272727272727273,140.0,171.2,-31.19999999999999,147.2,165.2
729293,6,Abu Dhabi,2014-04-21,Indian Premier League,male,T20,2014,bat,Chennai Super Kings,Sheikh Zayed Stadium,Chennai Super Kings,Chennai Super Kings,Delhi Capitals,1,0.6020408163265306,0.4725274725274725,0.4,0.2,0.0,0.5,1,1,0.1295133437990581,0.6666666666666666,154.4,149.0,5.400000000000006,147.8,164.6
729295,6,,2014-04-22,Indian Premier League,male,T20,2014,field,Sunrisers Hyderabad,Sharjah Cricket Stadium,Punjab Kings,Punjab Kings,Sunrisers Hyderabad,1,0.5,0.5294117647058824,1.0,0.4,1.0,0.5,0,0,-0.02941176470588236,0.0,185.8,142.2,43.60000000000002,173.4,139.4
729297,6,,2014-04-23,Indian Premier League,male,T20,2014,field,Rajasthan Royals,Dubai International Cricket Stadium,Chennai Super Kings,Rajasthan Royals,Chennai Super Kings,0,0.5384615384615384,0.6060606060606061,0.4,0.4,0.5,0.5,1,0,-0.06759906759906764,0.38461538461538464,147.8,156.2,-8.399999999999977,152.6,137.6
729299,6,,2014-04-24,Indian Premier League,male,T20,2014,field,Royal Challengers Bangalore,Sharjah Cricket Stadium,Kolkata Knight Riders,Royal Challengers Bengaluru,Kolkata Knight Riders,0,0.5268817204301075,0.48314606741573035,0.6,0.4,1.0,0.5,0,0,0.04373565301437715,0.5,131.4,147.6,-16.19999999999999,126.8,141.2
729301,6,,2014-04-25,Indian Premier League,male,T20,2014,bat,Sunrisers Hyderabad,Dubai International Cricket Stadium,Sunrisers Hyderabad,Sunrisers Hyderabad,Delhi Capitals,1,0.5,0.4673913043478261,0.4,0.2,0.5,1.0,1,1,0.03260869565217389,1.0,130.8,138.8,-8.0,141.2,166.4
729303,6,,2014-04-25,Indian Premier League,male,T20,2014,bat,Mumbai Indians,Dubai International Cricket Stadium,Chennai Super Kings,Chennai Super Kings,Mumbai Indians,1,0.61,0.5773195876288659,0.6,0.4,1.0,0.0,0,0,0.03268041237113406,0.4,167.8,139.6,28.200000000000017,143.0,152.2
729305,6,Abu Dhabi,2014-04-26,Indian Premier League,male,T20,2014,field,Rajasthan Royals,Sheikh Zayed Stadium,Rajasthan Royals,Rajasthan Royals,Royal Challengers Bengaluru,1,0.532608695652174,0.5212765957446809,0.4,0.6,1.0,0.5,1,0,0.011332099907493065,0.45454545454545453,151.8,138.0,13.800000000000011,153.4,133.6
729307,6,Abu Dhabi,2014-04-26,Indian Premier League,male,T20,2014,field,Kolkata Knight Riders,Sheikh Zayed Stadium,Punjab Kings,Kolkata Knight Riders,Punjab Kings,0,0.4888888888888889,0.5054945054945055,0.4,1.0,1.0,1.0,1,0,-0.016605616605616602,0.5454545454545454,154.4,189.2,-34.79999999999998,147.8,162.8
729311,6,,2014-04-27,Indian Premier League,male,T20,2014,bat,Sunrisers Hyderabad,Sharjah Cricket Stadium,Chennai Super Kings,Sunrisers Hyderabad,Chennai Super Kings,0,0.5263157894736842,0.6138613861386139,0.4,0.6,0.0,0.5,1,1,-0.08754559666492967,0.0,140.4,157.8,-17.400000000000006,154.6,142.4
729309,6,,2014-04-27,Indian Premier League,male,T20,2014,bat,Mumbai Indians,Sharjah Cricket Stadium,Delhi Capitals,Delhi Capitals,Mumbai Indians,1,0.46236559139784944,0.5714285714285714,0.2,0.4,0.0,0.5,0,0,-0.10906298003072196,0.5,142.0,139.0,3.0,169.0,142.2
729313,6,,2014-04-28,Indian Premier League,male,T20,2014,field,Kings XI Punjab,Dubai International Cricket Stadium,Punjab Kings,Punjab Kings,Royal Challengers Bengaluru,1,0.5108695652173914,0.5157894736842106,1.0,0.6,0.5,1.0,0,0,-0.004919908466819223,0.5833333333333334,181.4,117.2,64.2,151.8,112.6
729317,6,,2014-04-30,Indian Premier League,male,T20,2014,field,Mumbai Indians,Dubai International Cricket Stadium,Sunrisers Hyderabad,Mumbai Indians,Sunrisers Hyderabad,0,0.5656565656565656,0.5,0.2,0.2,0.0,1.0,1,0,0.06565656565656564,0.5,130.2,143.0,-12.800000000000011,134.4,157.8
733971,6,Ranchi,2014-05-02,Indian Premier League,male,T20,2014,bat,Chennai Super Kings,JSCA International Stadium Complex,Chennai Super Kings,Chennai Super Kings,Kolkata Knight Riders,1,0.6176470588235294,0.4835164835164835,0.8,0.4,0.5,0.5,1,1,0.13413057530704592,0.6666666666666666,162.0,143.6,18.400000000000006,141.8,140.2
733975,6,Delhi,2014-05-03,Indian Premier League,male,T20,2014,field,Rajasthan Royals,Feroz Shah Kotla,Rajasthan Royals,Delhi Capitals,Rajasthan Royals,0,0.46808510638297873,0.5376344086021505,0.4,0.4,0.42424242424242425,0.4,0,0,-0.06954930221917177,0.5,140.4,139.0,1.4000000000000057,159.6,141.0
733973,6,Mumbai,2014-05-03,Indian Premier League,male,T20,2014,bat,Kings XI Punjab,Wankhede Stadium,Mumbai Indians,Mumbai Indians,Punjab Kings,1,0.56,0.5161290322580645,0.0,1.0,0.6428571428571429,0.4,0,0,0.04387096774193555,0.4166666666666667,132.0,170.2,-38.19999999999999,143.8,150.0
733977,6,Bangalore,2014-05-04,Indian Premier League,male,T20,2014,field,Royal Challengers Bangalore,M Chinnaswamy Stadium,Royal Challengers Bengaluru,Royal Challengers Bengaluru,Sunrisers Hyderabad,1,0.5104166666666666,0.5238095238095238,0.4,0.4,0.5588235294117647,0.0,0,0,-0.013392857142857206,1.0,120.8,151.0,-30.200000000000003,121.6,162.2
733979,6,Ahmedabad,2014-05-05,Indian Premier League,male,T20,2014,field,Kolkata Knight Riders,"""Sardar Patel Stadium, Motera""",Rajasthan Royals,Rajasthan Royals,Kolkata Knight Riders,1,0.5425531914893617,0.4782608695652174,0.6,0.4,0.75,0.0,0,0,0.06429232192414425,0.45454545454545453,137.2,140.4,-3.200000000000017,137.6,143.4
733981,6,Delhi,2014-05-05,Indian Premier League,male,T20,2014,field,Chennai Super Kings,Feroz Shah Kotla,Chennai Super Kings,Delhi Capitals,Chennai Super Kings,0,0.4631578947368421,0.6213592233009708,0.4,1.0,0.4117647058823529,0.8,0,0,-0.15820132856412872,0.3076923076923077,141.8,150.6,-8.799999999999983,161.6,123.4
733983,6,Mumbai,2014-05-06,Indian Premier League,male,T20,2014,field,Royal Challengers Bangalore,Wankhede Stadium,Mumbai Indians,Mumbai Indians,Royal Challengers Bengaluru,1,0.5643564356435643,0.5154639175257731,0.2,0.4,0.6551724137931034,0.5,0,0,0.04889251811779116,0.5,141.6,123.2,18.39999999999999,144.8,123.6
733985,6,Delhi,2014-05-07,Indian Premier League,male,T20,2014,bat,Delhi Daredevils,Feroz Shah Kotla,Kolkata Knight Riders,Delhi Capitals,Kolkata Knight Riders,0,0.4583333333333333,0.4731182795698925,0.2,0.2,0.4,0.6666666666666666,0,0,-0.014784946236559182,0.5,144.0,139.8,4.199999999999989,164.6,153.0
733987,6,Cuttack,2014-05-07,Indian Premier League,male,T20,2014,field,Chennai Super Kings,Barabati Stadium,Punjab Kings,Punjab Kings,Chennai Super Kings,1,0.5106382978723404,0.625,0.8,1.0,0.0,0.5,0,0,-0.11436170212765961,0.3333333333333333,162.6,151.4,11.199999999999989,143.0,142.2
733989,6,Ahmedabad,2014-05-08,Indian Premier League,male,T20,2014,field,Rajasthan Royals,"""Sardar Patel Stadium, Motera""",Sunrisers Hyderabad,Rajasthan Royals,Sunrisers Hyderabad,0,0.5473684210526316,0.5,0.6,0.4,0.8,0.5,1,0,0.047368421052631615,0.75,144.2,155.4,-11.200000000000017,143.0,166.8
733991,6,Bangalore,2014-05-09,Indian Premier League,male,T20,2014,field,Royal Challengers Bangalore,M Chinnaswamy Stadium,Punjab Kings,Royal Challengers Bengaluru,Punjab Kings,0,0.5102040816326531,0.5157894736842106,0.2,0.8,0.5714285714285714,0.6,0,0,-0.005585392051557503,0.38461538461538464,133.6,170.2,-36.599999999999994,138.0,142.2
733993,6,Delhi,2014-05-10,Indian Premier League,male,T20,2014,field,Sunrisers Hyderabad,Feroz Shah Kotla,Sunrisers Hyderabad,Delhi Capitals,Sunrisers Hyderabad,0,0.4536082474226804,0.5217391304347826,0.2,0.6,0.3888888888888889,0.5,0,0,-0.06813088301210218,0.0,159.2,158.0,1.1999999999999886,161.4,148.6
733995,6,Mumbai,2014-05-10,Indian Premier League,male,T20,2014,field,Chennai Super Kings,Wankhede Stadium,Chennai Super Kings,Mumbai Indians,Chennai Super Kings,0,0.5686274509803921,0.6190476190476191,0.4,0.8,0.6666666666666666,0.3333333333333333,0,0,-0.050420168067226934,0.5625,156.0,160.8,-4.800000000000011,155.2,161.8
733999,6,Bangalore,2014-05-11,Indian Premier League,male,T20,2014,bat,Royal Challengers Bangalore,M Chinnaswamy Stadium,Rajasthan Royals,Royal Challengers Bengaluru,Rajasthan Royals,0,0.5050505050505051,0.5416666666666666,0.2,0.6,0.5555555555555556,0.5,0,0,-0.03661616161616155,0.5,137.2,126.4,10.799999999999983,147.6,131.2
733997,6,Cuttack,2014-05-11,Indian Premier League,male,T20,2014,field,Kolkata Knight Riders,Barabati Stadium,Kolkata Knight Riders,Punjab Kings,Kolkata Knight Riders,0,0.5208333333333334,0.4787234042553192,0.8,0.4,0.5,1.0,0,0,0.0421099290780142,0.5,171.2,138.8,32.39999999999998,151.2,151.6
734001,6,Hyderabad,2014-05-12,Indian Premier League,male,T20,2014,bat,Sunrisers Hyderabad,"""Rajiv Gandhi International Stadium, Uppal""",Mumbai Indians,Sunrisers Hyderabad,Mumbai Indians,0,0.5416666666666666,0.5631067961165048,0.6,0.4,0.8571428571428571,0.6666666666666666,1,1,-0.021440129449838197,0.6666666666666666,130.0,159.2,-29.19999999999999,141.2,158.8
734005,6,Bangalore,2014-05-13,Indian Premier League,male,T20,2014,field,Delhi Daredevils,M Chinnaswamy Stadium,Royal Challengers Bengaluru,Royal Challengers Bengaluru,Delhi Capitals,1,0.5,0.4489795918367347,0.2,0.2,0.5405405405405406,0.6666666666666666,0,0,0.05102040816326531,0.5454545454545454,161.2,151.8,9.399999999999977,171.6,133.4
734003,6,Ranchi,2014-05-13,Indian Premier League,male,T20,2014,bat,Rajasthan Royals,JSCA International Stadium Complex,Chennai Super Kings,Chennai Super Kings,Rajasthan Royals,1,0.6226415094339622,0.5463917525773195,0.8,0.8,1.0,0.5,0,0,0.0762497568566427,0.6428571428571429,164.4,138.0,26.400000000000006,165.0,141.2
734009,6,Cuttack,2014-05-14,Indian Premier League,male,T20,2014,field,Kolkata Knight Riders,Barabati Stadium,Kolkata Knight Riders,Kolkata Knight Riders,Mumbai Indians,1,0.4842105263157895,0.5673076923076923,0.4,0.6,1.0,0.5,1,0,-0.08309716599190281,0.23076923076923078,138.8,166.2,-27.399999999999977,151.8,165.0
734007,6,Hyderabad,2014-05-14,Indian Premier League,male,T20,2014,field,Kings XI Punjab,"""Rajiv Gandhi International Stadium, Uppal""",Punjab Kings,Sunrisers Hyderabad,Punjab Kings,0,0.52,0.5154639175257731,0.6,0.6,0.75,0.75,0,0,0.004536082474226877,0.6666666666666666,132.4,174.6,-42.19999999999999,144.0,159.4
734011,6,Ahmedabad,2014-05-15,Indian Premier League,male,T20,2014,field,Delhi Daredevils,"""Sardar Patel Stadium, Motera""",Rajasthan Royals,Rajasthan Royals,Delhi Capitals,1,0.5408163265306123,0.4444444444444444,0.6,0.0,0.6666666666666666,1.0,0,0,0.09637188208616787,0.5384615384615384,153.4,160.6,-7.199999999999989,157.0,145.6
734013,6,Ranchi,2014-05-18,Indian Premier League,male,T20,2014,bat,Chennai Super Kings,JSCA International Stadium Complex,Royal Challengers Bengaluru,Chennai Super Kings,Royal Challengers Bengaluru,0,0.6261682242990654,0.504950495049505,0.8,0.4,1.0,0.0,1,1,0.12121772924956042,0.5714285714285714,165.0,173.6,-8.599999999999994,165.6,180.2
734015,6,Hyderabad,2014-05-18,Indian Premier League,male,T20,2014,bat,Sunrisers Hyderabad,"""Rajiv Gandhi International Stadium, Uppal""",Kolkata Knight Riders,Sunrisers Hyderabad,Kolkata Knight Riders,0,0.5,0.4895833333333333,0.4,0.6,0.6666666666666666,0.6666666666666666,1,1,0.010416666666666685,0.5,139.0,145.4,-6.400000000000006,154.8,153.6
734017,6,Ahmedabad,2014-05-19,Indian Premier League,male,T20,2014,bat,Mumbai Indians,"""Sardar Patel Stadium, Motera""",Mumbai Indians,Rajasthan Royals,Mumbai Indians,0,0.5454545454545454,0.5619047619047619,0.6,0.6,0.7142857142857143,0.5,0,0,-0.016450216450216493,0.4166666666666667,162.4,163.0,-0.5999999999999943,154.4,159.0
734019,6,Delhi,2014-05-19,Indian Premier League,male,T20,2014,field,Kings XI Punjab,Feroz Shah Kotla,Punjab Kings,Delhi Capitals,Punjab Kings,0,0.44,0.5204081632653061,0.0,0.6,0.3783783783783784,0.6,0,0,-0.08040816326530614,0.4166666666666667,158.0,191.4,-33.400000000000006,154.6,175.6
734023,6,Kolkata,2014-05-20,Indian Premier League,male,T20,2014,field,Kolkata Knight Riders,Eden Gardens,Kolkata Knight Riders,Kolkata Knight Riders,Chennai Super Kings,1,0.4948453608247423,0.6203703703703703,0.8,0.6,0.5882352941176471,0.6666666666666666,1,0,-0.12552500954562806,0.3076923076923077,151.8,163.0,-11.199999999999989,152.4,171.2
734021,6,Hyderabad,2014-05-20,Indian Premier League,male,T20,2014,bat,Royal Challengers Bangalore,"""Rajiv Gandhi International Stadium, Uppal""",Sunrisers Hyderabad,Sunrisers Hyderabad,Royal Challengers Bengaluru,1,0.48148148148148145,0.5098039215686274,0.4,0.4,0.6,0.3333333333333333,0,0,-0.02832244008714596,0.0,136.4,170.4,-34.0,152.4,176.8
734025,6,Chandigarh,2014-05-21,Indian Premier League,male,T20,2014,field,Mumbai Indians,"""Punjab Cricket Association Stadium, Mohali""",Mumbai Indians,Punjab Kings,Mumbai Indians,0,0.5252525252525253,0.5660377358490566,0.8,0.6,0.5357142857142857,0.25,0,0,-0.040785210596531285,0.5384615384615384,190.8,164.6,26.200000000000017,174.4,156.0
734027,6,Kolkata,2014-05-22,Indian Premier League,male,T20,2014,field,Royal Challengers Bangalore,Eden Gardens,Kolkata Knight Riders,Kolkata Knight Riders,Royal Challengers Bengaluru,1,0.5,0.5048543689320388,1.0,0.4,0.6,0.25,0,0,-0.004854368932038833,0.5384615384615384,151.0,168.8,-17.80000000000001,149.2,171.6
734029,6,Ranchi,2014-05-22,Indian Premier League,male,T20,2014,field,Sunrisers Hyderabad,JSCA International Stadium Complex,Sunrisers Hyderabad,Chennai Super Kings,Sunrisers Hyderabad,0,0.6146788990825688,0.5,0.4,0.4,0.6666666666666666,0.5,0,0,0.11467889908256879,1.0,157.6,141.8,15.799999999999983,166.8,164.0
734031,6,Mumbai,2014-05-23,Indian Premier League,male,T20,2014,field,Delhi Daredevils,Wankhede Stadium,Mumbai Indians,Mumbai Indians,Delhi Capitals,1,0.5700934579439252,0.43564356435643564,0.6,0.0,0.6451612903225806,0.25,0,0,0.13444989358748954,0.46153846153846156,159.0,155.2,3.8000000000000114,153.6,151.4
734033,6,Chandigarh,2014-05-23,Indian Premier League,male,T20,2014,field,Rajasthan Royals,"""Punjab Cricket Association Stadium, Mohali""",Punjab Kings,Punjab Kings,Rajasthan Royals,1,0.52,0.54,0.6,0.4,0.5172413793103449,0.6,0,0,-0.020000000000000018,0.3333333333333333,175.8,159.0,16.80000000000001,168.8,158.0
734035,6,Bangalore,2014-05-24,Indian Premier League,male,T20,2014,field,Chennai Super Kings,M Chinnaswamy Stadium,Chennai Super Kings,Royal Challengers Bengaluru,Chennai Super Kings,0,0.5,0.6090909090909091,0.4,0.4,0.5526315789473685,0.4,0,0,-0.10909090909090913,0.4666666666666667,168.6,157.2,11.400000000000006,171.0,158.4
734037,6,Kolkata,2014-05-24,Indian Premier League,male,T20,2014,field,Kolkata Knight Riders,Eden Gardens,Kolkata Knight Riders,Kolkata Knight Riders,Sunrisers Hyderabad,1,0.5050505050505051,0.5172413793103449,1.0,0.4,0.6111111111111112,0.0,1,0,-0.012190874259839779,0.6666666666666666,157.8,170.8,-13.0,150.2,172.4
734041,6,Mumbai,2014-05-25,Indian Premier League,male,T20,2014,field,Mumbai Indians,Wankhede Stadium,Mumbai Indians,Mumbai Indians,Rajasthan Royals,1,0.5740740740740741,0.5346534653465347,0.8,0.4,0.65625,0.5,1,0,0.039420608727539386,0.6153846153846154,162.2,171.2,-9.0,153.2,167.0
734039,6,Chandigarh,2014-05-25,Indian Premier League,male,T20,2014,field,Kings XI Punjab,"""Punjab Cricket Association Stadium, Mohali""",Punjab Kings,Punjab Kings,Delhi Capitals,1,0.5247524752475248,0.43137254901960786,0.6,0.0,0.5333333333333333,0.5,0,0,0.09337992622791691,0.6153846153846154,172.0,154.8,17.19999999999999,168.2,153.8
734043,6,Kolkata,2014-05-27,Indian Premier League,male,T20,2014,field,Kings XI Punjab,Eden Gardens,Kolkata Knight Riders,Punjab Kings,Kolkata Knight Riders,0,0.5294117647058824,0.51,0.8,1.0,0.4,0.6216216216216216,0,0,0.01941176470588235,0.46153846153846156,166.0,160.0,6.0,161.2,152.4
734045,6,Mumbai,2014-05-28,Indian Premier League,male,T20,2014,field,Chennai Super Kings,Brabourne Stadium,Chennai Super Kings,Chennai Super Kings,Mumbai Indians,1,0.6126126126126126,0.5779816513761468,0.4,0.8,0.5,0.8333333333333334,1,0,0.03463096123646581,0.47058823529411764,157.2,169.2,-12.0,157.8,159.6
734047,6,Mumbai,2014-05-30,Indian Premier League,male,T20,2014,field,Chennai Super Kings,Wankhede Stadium,Punjab Kings,Chennai Super Kings,Punjab Kings,0,0.6160714285714286,0.5242718446601942,0.4,0.6,0.42857142857142855,0.3333333333333333,1,0,0.09179958391123444,0.6153846153846154,162.6,150.8,11.799999999999983,162.8,152.8
734049,6,Bangalore,2014-06-01,Indian Premier League,male,T20,2014,field,Kolkata Knight Riders,M Chinnaswamy Stadium,Kolkata Knight Riders,Kolkata Knight Riders,Punjab Kings,1,0.5148514851485149,0.5288461538461539,1.0,0.6,0.4,0.6666666666666666,1,0,-0.01399466869763899,0.5714285714285714,164.2,163.0,1.1999999999999886,151.2,160.4
829705,6,Kolkata,2015-04-08,Indian Premier League,male,T20,2015,field,Kolkata Knight Riders,Eden Gardens,Kolkata Knight Riders,Kolkata Knight Riders,Mumbai Indians,1,0.5196078431372549,0.5727272727272728,1.0,0.8,0.631578947368421,0.8571428571428571,1,0,-0.05311942959001781,0.2857142857142857,175.0,175.6,-0.5999999999999943,162.6,166.4
829707,6,Chennai,2015-04-09,Indian Premier League,male,T20,2015,field,Delhi Daredevils,"""MA Chidambaram Stadium, Chepauk""",Chennai Super Kings,Chennai Super Kings,Delhi Capitals,1,0.6106194690265486,0.42718446601941745,0.4,0.0,0.6923076923076923,0.3333333333333333,0,0,0.18343500300713117,0.7142857142857143,175.4,149.2,26.200000000000017,179.6,168.8
829709,6,Pune,2015-04-10,Indian Premier League,male,T20,2015,field,Kings XI Punjab,Maharashtra Cricket Association Stadium,Rajasthan Royals,Punjab Kings,Rajasthan Royals,0,0.5238095238095238,0.5294117647058824,0.6,0.2,0.5,0.5,0,0,-0.0056022408963585235,0.38461538461538464,171.6,170.8,0.799999999999983,168.6,168.0
829713,6,Kolkata,2015-04-11,Indian Premier League,male,T20,2015,field,Royal Challengers Bangalore,Eden Gardens,Royal Challengers Bengaluru,Kolkata Knight Riders,Royal Challengers Bengaluru,0,0.5242718446601942,0.49523809523809526,1.0,0.4,0.6410256410256411,0.2,0,0,0.02903374942209891,0.5714285714285714,177.8,161.4,16.400000000000006,165.4,164.8
829711,6,Chennai,2015-04-11,Indian Premier League,male,T20,2015,bat,Chennai Super Kings,"""MA Chidambaram Stadium, Chepauk""",Chennai Super Kings,Chennai Super Kings,Sunrisers Hyderabad,1,0.6140350877192983,0.5,0.6,0.4,0.7,0.0,1,1,0.11403508771929827,0.75,174.6,171.4,3.1999999999999886,178.2,172.6
829715,6,Delhi,2015-04-12,Indian Premier League,male,T20,2015,field,Rajasthan Royals,Feroz Shah Kotla,Rajasthan Royals,Delhi Capitals,Rajasthan Royals,0,0.4230769230769231,0.5339805825242718,0.0,0.4,0.3684210526315789,0.5,0,0,-0.11090365944734876,0.42857142857142855,145.0,173.6,-28.599999999999994,161.6,165.4
829717,6,Mumbai,2015-04-12,Indian Premier League,male,T20,2015,field,Mumbai Indians,Wankhede Stadium,Punjab Kings,Mumbai Indians,Punjab Kings,0,0.5675675675675675,0.5188679245283019,0.6,0.4,0.6666666666666666,0.42857142857142855,1,0,0.04869964303926566,0.5,173.6,163.0,10.599999999999994,169.8,168.4
829719,6,Bangalore,2015-04-13,Indian Premier League,male,T20,2015,field,Sunrisers Hyderabad,M Chinnaswamy Stadium,Sunrisers Hyderabad,Royal Challengers Bengaluru,Sunrisers Hyderabad,0,0.5,0.4838709677419355,0.4,0.4,0.5384615384615384,0.0,0,0,0.016129032258064502,0.6666666666666666,160.0,163.2,-3.1999999999999886,166.2,172.2
829721,6,Ahmedabad,2015-04-14,Indian Premier League,male,T20,2015,bat,Mumbai Indians,"""Sardar Patel Stadium, Motera""",Rajasthan Royals,Rajasthan Royals,Mumbai Indians,1,0.5384615384615384,0.5625,0.4,0.4,0.625,1.0,0,0,-0.024038461538461564,0.35714285714285715,170.6,173.6,-3.0,174.4,174.0
829725,6,Pune,2015-04-15,Indian Premier League,male,T20,2015,bat,Kings XI Punjab,Maharashtra Cricket Association Stadium,Delhi Capitals,Punjab Kings,Delhi Capitals,0,0.5233644859813084,0.41904761904761906,0.4,0.0,0.0,0.5,0,0,0.1043168669336893,0.6428571428571429,174.6,154.0,20.599999999999994,177.2,158.6
829727,6,Visakhapatnam,2015-04-16,Indian Premier League,male,T20,2015,field,Rajasthan Royals,Dr. Y.S. Rajasekhara Reddy ACA-VDCA Cricket Stadium,Rajasthan Royals,Sunrisers Hyderabad,Rajasthan Royals,0,0.5,0.5428571428571428,0.6,0.6,0.5,0.5,0,0,-0.042857142857142816,0.4,169.2,173.0,-3.8000000000000114,176.2,171.6
829729,6,Mumbai,2015-04-17,Indian Premier League,male,T20,2015,bat,Mumbai Indians,Wankhede Stadium,Chennai Super Kings,Mumbai Indians,Chennai Super Kings,0,0.5575221238938053,0.6173913043478261,0.2,0.8,0.6470588235294118,0.375,1,1,-0.05986918045402079,0.5,171.8,179.4,-7.599999999999994,175.4,173.2
829731,6,Visakhapatnam,2015-04-18,Indian Premier League,male,T20,2015,bat,Delhi Daredevils,Dr. Y.S. Rajasekhara Reddy ACA-VDCA Cricket Stadium,Delhi Capitals,Sunrisers Hyderabad,Delhi Capitals,0,0.48484848484848486,0.42452830188679247,0.4,0.2,0.0,0.5,0,0,0.06032018296169239,1.0,162.4,155.0,7.400000000000006,170.4,158.6
829733,6,Pune,2015-04-18,Indian Premier League,male,T20,2015,field,Kolkata Knight Riders,Maharashtra Cricket Association Stadium,Kolkata Knight Riders,Punjab Kings,Kolkata Knight Riders,0,0.5185185185185185,0.5192307692307693,0.4,0.8,0.0,0.5,0,0,-0.0007122507122507837,0.4,180.6,174.2,6.400000000000006,178.4,168.2
829735,6,Ahmedabad,2015-04-19,Indian Premier League,male,T20,2015,bat,Chennai Super Kings,"""Sardar Patel Stadium, Motera""",Rajasthan Royals,Rajasthan Royals,Chennai Super Kings,1,0.5471698113207547,0.6206896551724138,0.8,0.8,0.6666666666666666,0.0,0,0,-0.0735198438516591,0.3333333333333333,166.6,185.2,-18.599999999999994,161.2,179.0
829737,6,Bangalore,2015-04-19,Indian Premier League,male,T20,2015,field,Royal Challengers Bangalore,M Chinnaswamy Stadium,Mumbai Indians,Royal Challengers Bengaluru,Mumbai Indians,0,0.4953271028037383,0.5526315789473685,0.2,0.0,0.525,0.6666666666666666,0,0,-0.057304476143630156,0.4666666666666667,164.8,169.4,-4.599999999999994,173.0,175.4
829739,6,Delhi,2015-04-20,Indian Premier League,male,T20,2015,field,Kolkata Knight Riders,Feroz Shah Kotla,Kolkata Knight Riders,Delhi Capitals,Kolkata Knight Riders,0,0.42990654205607476,0.5238095238095238,0.4,0.8,0.358974358974359,0.75,0,0,-0.09390298175344908,0.46153846153846156,156.8,173.8,-17.0,156.6,167.2
829743,6,Visakhapatnam,2015-04-22,Indian Premier League,male,T20,2015,field,Kolkata Knight Riders,Dr. Y.S. Rajasekhara Reddy ACA-VDCA Cricket Stadium,Sunrisers Hyderabad,Sunrisers Hyderabad,Kolkata Knight Riders,1,0.47058823529411764,0.5283018867924528,0.2,0.8,0.0,0.5,0,0,-0.05771365149833518,0.25,157.2,170.6,-13.400000000000006,166.8,169.4
829745,6,Bangalore,2015-04-22,Indian Premier League,male,T20,2015,field,Royal Challengers Bangalore,M Chinnaswamy Stadium,Chennai Super Kings,Royal Challengers Bengaluru,Chennai Super Kings,0,0.49074074074074076,0.6153846153846154,0.2,0.6,0.5121951219512195,0.5,0,0,-0.12464387464387466,0.4375,171.0,181.2,-10.199999999999989,182.6,175.8
829747,6,Delhi,2015-04-23,Indian Premier League,male,T20,2015,field,Mumbai Indians,Feroz Shah Kotla,Delhi Capitals,Delhi Capitals,Mumbai Indians,1,0.42592592592592593,0.5565217391304348,0.4,0.2,0.35,0.3333333333333333,0,0,-0.13059581320450886,0.5,163.0,176.6,-13.599999999999994,162.2,178.4
829749,6,Ahmedabad,2015-04-24,Indian Premier League,male,T20,2015,field,Royal Challengers Bangalore,"""Sardar Patel Stadium, Motera""",Royal Challengers Bengaluru,Rajasthan Royals,Royal Challengers Bengaluru,0,0.5514018691588785,0.48623853211009177,1.0,0.2,0.7,0.5,0,0,0.06516333704878668,0.5384615384615384,160.2,168.8,-8.600000000000023,153.4,179.8
829753,6,Chennai,2015-04-25,Indian Premier League,male,T20,2015,bat,Chennai Super Kings,"""MA Chidambaram Stadium, Chepauk""",Chennai Super Kings,Chennai Super Kings,Punjab Kings,1,0.6186440677966102,0.5137614678899083,0.8,0.2,0.7073170731707317,0.3333333333333333,1,1,0.1048825999067019,0.5714285714285714,177.0,166.4,10.599999999999994,161.4,169.8
829751,6,Mumbai,2015-04-25,Indian Premier League,male,T20,2015,bat,Mumbai Indians,Wankhede Stadium,Mumbai Indians,Mumbai Indians,Sunrisers Hyderabad,1,0.5517241379310345,0.4857142857142857,0.2,0.4,0.6285714285714286,0.0,1,1,0.06600985221674877,0.5,173.6,160.4,13.199999999999989,182.4,154.8
829757,6,Delhi,2015-04-26,Indian Premier League,male,T20,2015,field,Royal Challengers Bangalore,Feroz Shah Kotla,Royal Challengers Bengaluru,Delhi Capitals,Royal Challengers Bengaluru,0,0.43119266055045874,0.4909090909090909,0.6,0.4,0.36585365853658536,0.6,0,0,-0.05971643035863217,0.4166666666666667,171.2,164.8,6.399999999999977,162.8,173.8
829759,6,Chandigarh,2015-04-27,Indian Premier League,male,T20,2015,field,Kings XI Punjab,"""Punjab Cricket Association Stadium, Mohali""",Sunrisers Hyderabad,Punjab Kings,Sunrisers Hyderabad,0,0.509090909090909,0.4722222222222222,0.2,0.4,0.5483870967741935,1.0,0,0,0.03686868686868683,0.5,145.6,155.0,-9.400000000000006,168.2,144.4
829765,6,Chennai,2015-04-28,Indian Premier League,male,T20,2015,field,Kolkata Knight Riders,"""MA Chidambaram Stadium, Chepauk""",Chennai Super Kings,Chennai Super Kings,Kolkata Knight Riders,1,0.6218487394957983,0.5233644859813084,0.8,0.6,0.7142857142857143,0.3333333333333333,0,0,0.09848425351448997,0.6428571428571429,185.4,150.8,34.599999999999994,150.6,164.8
829723,6,Kolkata,2015-04-30,Indian Premier League,male,T20,2015,field,Kolkata Knight Riders,Eden Gardens,Kolkata Knight Riders,Kolkata Knight Riders,Chennai Super Kings,1,0.5185185185185185,0.625,0.4,0.8,0.625,0.5714285714285714,1,0,-0.10648148148148151,0.3333333333333333,143.2,170.4,-27.200000000000017,158.0,144.2
829769,6,Mumbai,2015-05-01,Indian Premier League,male,T20,2015,field,Rajasthan Royals,Wankhede Stadium,Mumbai Indians,Mumbai Indians,Rajasthan Royals,1,0.5555555555555556,0.5462962962962963,0.4,0.8,0.6388888888888888,0.4,0,0,0.0092592592592593,0.6,173.2,153.8,19.399999999999977,174.4,153.0
829767,6,Delhi,2015-05-01,Indian Premier League,male,T20,2015,field,Delhi Daredevils,Feroz Shah Kotla,Delhi Capitals,Delhi Capitals,Punjab Kings,1,0.42727272727272725,0.5045045045045045,0.6,0.2,0.35714285714285715,0.6666666666666666,0,0,-0.07723177723177721,0.4,153.4,144.4,9.0,145.4,165.8
829773,6,Hyderabad,2015-05-02,Indian Premier League,male,T20,2015,field,Chennai Super Kings,"""Rajiv Gandhi International Stadium, Uppal""",Sunrisers Hyderabad,Sunrisers Hyderabad,Chennai Super Kings,1,0.4864864864864865,0.6198347107438017,0.4,0.6,0.6363636363636364,1.0,0,0,-0.13334822425731518,0.2,150.6,165.6,-15.0,137.2,141.4
829771,6,Bangalore,2015-05-02,Indian Premier League,male,T20,2015,field,Royal Challengers Bangalore,M Chinnaswamy Stadium,Royal Challengers Bengaluru,Royal Challengers Bengaluru,Kolkata Knight Riders,1,0.4954954954954955,0.5229357798165137,0.4,0.6,0.5,0.5,0,0,-0.02744028432101825,0.4666666666666667,148.8,141.6,7.200000000000017,157.4,155.2
829775,6,Chandigarh,2015-05-03,Indian Premier League,male,T20,2015,bat,Mumbai Indians,"""Punjab Cricket Association Stadium, Mohali""",Mumbai Indians,Punjab Kings,Mumbai Indians,0,0.5,0.559322033898305,0.0,0.6,0.53125,0.4,0,0,-0.05932203389830504,0.5333333333333333,132.6,177.8,-45.20000000000002,157.8,177.2
829777,6,Mumbai,2015-05-03,Indian Premier League,male,T20,2015,field,Delhi Daredevils,Brabourne Stadium,Rajasthan Royals,Rajasthan Royals,Delhi Capitals,1,0.5412844036697247,0.43243243243243246,0.6,0.6,0.0,0.0,0,0,0.10885197123729229,0.6,152.4,143.4,9.0,153.6,136.0
829779,6,Chennai,2015-05-04,Indian Premier League,male,T20,2015,bat,Chennai Super Kings,"""MA Chidambaram Stadium, Chepauk""",Chennai Super Kings,Chennai Super Kings,Royal Challengers Bengaluru,1,0.6147540983606558,0.5,0.6,0.6,0.7209302325581395,0.2857142857142857,1,1,0.11475409836065575,0.5882352941176471,168.4,138.6,29.80000000000001,148.4,145.2
829781,6,Kolkata,2015-05-04,Indian Premier League,male,T20,2015,field,Sunrisers Hyderabad,Eden Gardens,Kolkata Knight Riders,Kolkata Knight Riders,Sunrisers Hyderabad,1,0.5181818181818182,0.5,0.4,0.6,0.6341463414634146,0.0,0,0,0.018181818181818188,0.6,132.0,163.6,-31.599999999999994,147.2,145.0
829783,6,Mumbai,2015-05-05,Indian Premier League,male,T20,2015,bat,Delhi Daredevils,Wankhede Stadium,Mumbai Indians,Mumbai Indians,Delhi Capitals,1,0.5630252100840336,0.42857142857142855,0.8,0.4,0.6486486486486487,0.2,0,0,0.13445378151260506,0.4666666666666667,175.6,145.0,30.599999999999994,169.2,141.2
829785,6,Bangalore,2015-05-06,Indian Premier League,male,T20,2015,field,Kings XI Punjab,M Chinnaswamy Stadium,Royal Challengers Bengaluru,Royal Challengers Bengaluru,Punjab Kings,1,0.49557522123893805,0.49557522123893805,0.6,0.0,0.5116279069767442,0.5714285714285714,0,0,0.0,0.35714285714285715,125.2,129.4,-4.200000000000003,133.0,158.4
829761,6,Kolkata,2015-05-07,Indian Premier League,male,T20,2015,bat,Kolkata Knight Riders,Eden Gardens,Kolkata Knight Riders,Kolkata Knight Riders,Delhi Capitals,1,0.5225225225225225,0.4247787610619469,0.4,0.4,0.6428571428571429,0.25,1,1,0.09774376146057562,0.5714285714285714,136.0,146.2,-10.199999999999989,144.4,142.4
829787,6,Mumbai,2015-05-07,Indian Premier League,male,T20,2015,field,Rajasthan Royals,Brabourne Stadium,Sunrisers Hyderabad,Rajasthan Royals,Sunrisers Hyderabad,0,0.5454545454545454,0.48717948717948717,0.6,0.6,0.5,0.5,1,0,0.058275058275058245,0.6666666666666666,157.2,157.4,-0.20000000000001705,155.8,145.0
829789,6,Chennai,2015-05-08,Indian Premier League,male,T20,2015,bat,Chennai Super Kings,"""MA Chidambaram Stadium, Chepauk""",Mumbai Indians,Chennai Super Kings,Mumbai Indians,0,0.6178861788617886,0.5666666666666667,0.6,0.8,0.7272727272727273,0.4,1,1,0.051219512195122,0.5263157894736842,161.8,164.4,-2.5999999999999943,142.4,161.4
829793,6,Raipur,2015-05-09,Indian Premier League,male,T20,2015,bat,Sunrisers Hyderabad,Shaheed Veer Narayan Singh International Stadium,Sunrisers Hyderabad,Delhi Capitals,Sunrisers Hyderabad,0,0.42105263157894735,0.5,0.2,0.6,1.0,0.5,0,0,-0.07894736842105265,0.2,139.8,162.4,-22.599999999999994,146.0,163.6
829791,6,Kolkata,2015-05-09,Indian Premier League,male,T20,2015,bat,Kings XI Punjab,Eden Gardens,Kolkata Knight Riders,Kolkata Knight Riders,Punjab Kings,1,0.5267857142857143,0.49122807017543857,0.6,0.0,0.6511627906976745,0.3333333333333333,0,0,0.03555764411027573,0.625,150.0,116.0,34.0,140.8,171.8
829795,6,Mumbai,2015-05-10,Indian Premier League,male,T20,2015,bat,Royal Challengers Bangalore,Wankhede Stadium,Royal Challengers Bengaluru,Mumbai Indians,Royal Challengers Bengaluru,0,0.5702479338842975,0.5,1.0,0.8,0.6578947368421053,0.4,0,0,0.07024793388429751,0.5625,165.6,139.6,26.0,155.0,114.4
829797,6,Chennai,2015-05-10,Indian Premier League,male,T20,2015,bat,Chennai Super Kings,"""MA Chidambaram Stadium, Chepauk""",Chennai Super Kings,Chennai Super Kings,Rajasthan Royals,1,0.6129032258064516,0.5405405405405406,0.4,0.4,0.7111111111111111,0.2,1,1,0.07236268526591105,0.625,155.0,169.8,-14.800000000000011,155.2,170.6
829799,6,Hyderabad,2015-05-11,Indian Premier League,male,T20,2015,bat,Sunrisers Hyderabad,"""Rajiv Gandhi International Stadium, Uppal""",Sunrisers Hyderabad,Sunrisers Hyderabad,Punjab Kings,1,0.5121951219512195,0.48695652173913045,0.8,0.0,0.6666666666666666,0.8,1,1,0.02523860021208907,0.6,167.6,133.6,34.0,163.6,170.2
829801,6,Raipur,2015-05-12,Indian Premier League,male,T20,2015,bat,Chennai Super Kings,Shaheed Veer Narayan Singh International Stadium,Delhi Capitals,Delhi Capitals,Chennai Super Kings,1,0.41739130434782606,0.616,0.2,0.4,0.6666666666666666,0.5,0,0,-0.19860869565217393,0.26666666666666666,152.2,159.6,-7.400000000000006,158.8,157.8
829803,6,Chandigarh,2015-05-13,Indian Premier League,male,T20,2015,field,Royal Challengers Bangalore,"""Punjab Cricket Association Stadium, Mohali""",Punjab Kings,Punjab Kings,Royal Challengers Bengaluru,1,0.4827586206896552,0.5043478260869565,0.0,0.8,0.5151515151515151,0.5,0,0,-0.021589205397301303,0.6,143.6,159.8,-16.200000000000017,177.2,127.6
829805,6,Mumbai,2015-05-14,Indian Premier League,male,T20,2015,field,Kolkata Knight Riders,Wankhede Stadium,Mumbai Indians,Mumbai Indians,Kolkata Knight Riders,1,0.5655737704918032,0.5309734513274337,0.8,0.8,0.6410256410256411,0.25,0,0,0.034600319164369564,0.6666666666666666,173.4,160.4,13.0,174.6,150.6
829807,6,Hyderabad,2015-05-15,Indian Premier League,male,T20,2015,bat,Sunrisers Hyderabad,"""Rajiv Gandhi International Stadium, Uppal""",Royal Challengers Bengaluru,Sunrisers Hyderabad,Royal Challengers Bengaluru,0,0.5238095238095238,0.5,0.8,0.6,0.6923076923076923,0.25,1,1,0.023809523809523836,0.5,174.6,156.8,17.799999999999983,173.6,129.8
829809,6,Chandigarh,2015-05-16,Indian Premier League,male,T20,2015,bat,Kings XI Punjab,"""Punjab Cricket Association Stadium, Mohali""",Chennai Super Kings,Punjab Kings,Chennai Super Kings,0,0.48717948717948717,0.6111111111111112,0.2,0.4,0.5294117647058824,0.6666666666666666,0,0,-0.12393162393162399,0.4,141.2,150.4,-9.200000000000017,170.2,148.0
829811,6,Mumbai,2015-05-16,Indian Premier League,male,T20,2015,bat,Rajasthan Royals,Brabourne Stadium,Rajasthan Royals,Rajasthan Royals,Kolkata Knight Riders,1,0.5357142857142857,0.5263157894736842,0.2,0.6,0.3333333333333333,0.0,1,1,0.009398496240601517,0.5,167.4,159.8,7.599999999999994,170.8,151.8
829815,6,Hyderabad,2015-05-17,Indian Premier League,male,T20,2015,bat,Sunrisers Hyderabad,"""Rajiv Gandhi International Stadium, Uppal""",Mumbai Indians,Sunrisers Hyderabad,Mumbai Indians,0,0.5116279069767442,0.5691056910569106,0.6,0.8,0.6428571428571429,0.75,1,1,-0.05747778408016635,0.4,163.2,170.2,-7.0,156.2,172.0
829817,6,Mumbai,2015-05-19,Indian Premier League,male,T20,2015,bat,Mumbai Indians,Wankhede Stadium,Mumbai Indians,Chennai Super Kings,Mumbai Indians,0,0.6141732283464567,0.5725806451612904,0.6,0.8,0.4444444444444444,0.65,0,0,0.04159258318516634,0.5,143.2,158.6,-15.400000000000006,135.6,164.8
829819,6,Pune,2015-05-20,Indian Premier League,male,T20,2015,bat,Royal Challengers Bangalore,Maharashtra Cricket Association Stadium,Royal Challengers Bengaluru,Royal Challengers Bengaluru,Rajasthan Royals,1,0.5042735042735043,0.5398230088495575,0.6,0.4,0.5,1.0,0,0,-0.035549504576053215,0.5,150.4,181.2,-30.799999999999983,134.6,182.0
829821,6,Ranchi,2015-05-22,Indian Premier League,male,T20,2015,field,Chennai Super Kings,JSCA International Stadium Complex,Chennai Super Kings,Chennai Super Kings,Royal Challengers Bengaluru,1,0.609375,0.5084745762711864,0.4,0.8,0.5,0.5,1,0,0.10090042372881358,0.6111111111111112,146.0,161.6,-15.599999999999994,148.2,126.8
829823,6,Kolkata,2015-05-24,Indian Premier League,male,T20,2015,field,Chennai Super Kings,Eden Gardens,Mumbai Indians,Mumbai Indians,Chennai Super Kings,1,0.576,0.6124031007751938,0.8,0.6,0.75,0.5,0,0,-0.03640310077519382,0.5238095238095238,165.4,142.4,23.0,166.8,144.2
980901,6,Mumbai,2016-04-09,Indian Premier League,male,T20,2016,bat,Mumbai Indians,Wankhede Stadium,Rising Pune Supergiants,Mumbai Indians,Rising Pune Supergiants,0,0.5793650793650794,0.5,0.8,0.5,0.6585365853658537,0.5,1,1,0.07936507936507942,0.5,174.0,160.0,14.0,167.4,160.0
980903,6,Kolkata,2016-04-10,Indian Premier League,male,T20,2016,field,Kolkata Knight Riders,Eden Gardens,Kolkata Knight Riders,Kolkata Knight Riders,Delhi Capitals,1,0.5217391304347826,0.4224137931034483,0.6,0.2,0.6590909090909091,0.2,1,0,0.0993253373313343,0.6,175.6,152.4,23.19999999999999,168.6,159.0
980905,6,Chandigarh,2016-04-11,Indian Premier League,male,T20,2016,field,Gujarat Lions,"""Punjab Cricket Association IS Bindra Stadium, Mohali""",Gujarat Lions,Punjab Kings,Gujarat Lions,0,0.4830508474576271,0.5,0.2,0.5,0.5,0.5,0,0,-0.01694915254237289,0.5,137.4,160.0,-22.599999999999994,162.6,160.0
980907,6,Bangalore,2016-04-12,Indian Premier League,male,T20,2016,field,Sunrisers Hyderabad,M Chinnaswamy Stadium,Royal Challengers Bengaluru,Royal Challengers Bengaluru,Sunrisers Hyderabad,1,0.5042016806722689,0.5,0.6,0.6,0.5227272727272727,0.3333333333333333,0,0,0.004201680672268893,0.6,144.2,159.4,-15.200000000000017,137.2,145.6
980909,6,Kolkata,2016-04-13,Indian Premier League,male,T20,2016,field,Mumbai Indians,Eden Gardens,Mumbai Indians,Kolkata Knight Riders,Mumbai Indians,0,0.5258620689655172,0.5748031496062992,0.6,0.8,0.6666666666666666,0.7777777777777778,0,0,-0.04894108064078195,0.3125,162.0,159.0,3.0,161.8,145.6
980911,6,Rajkot,2016-04-14,Indian Premier League,male,T20,2016,bat,Rising Pune Supergiants,Saurashtra Cricket Association Stadium,Gujarat Lions,Gujarat Lions,Rising Pune Supergiants,1,1.0,1.0,1.0,1.0,0.5,0.5,0,0,0.0,0.5,162.0,126.0,36.0,161.0,121.0
980913,6,Delhi,2016-04-15,Indian Premier League,male,T20,2016,field,Delhi Daredevils,Feroz Shah Kotla,Delhi Capitals,Delhi Capitals,Punjab Kings,1,0.4188034188034188,0.4789915966386555,0.2,0.2,0.37209302325581395,0.5714285714285714,0,0,-0.06018817783523667,0.4375,137.0,152.0,-15.0,141.0,149.8
980915,6,Hyderabad,2016-04-16,Indian Premier League,male,T20,2016,bat,Sunrisers Hyderabad,"""Rajiv Gandhi International Stadium, Uppal""",Kolkata Knight Riders,Sunrisers Hyderabad,Kolkata Knight Riders,0,0.4888888888888889,0.5213675213675214,0.4,0.4,0.6,0.75,1,1,-0.03247863247863253,0.3333333333333333,155.6,165.2,-9.599999999999994,152.2,167.8
980917,6,Mumbai,2016-04-16,Indian Premier League,male,T20,2016,field,Gujarat Lions,Wankhede Stadium,Gujarat Lions,Mumbai Indians,Gujarat Lions,0,0.578125,1.0,0.8,1.0,0.6428571428571429,0.5,0,0,-0.421875,0.5,162.4,163.0,-0.5999999999999943,149.8,162.0
980921,6,Bangalore,2016-04-17,Indian Premier League,male,T20,2016,field,Delhi Daredevils,M Chinnaswamy Stadium,Delhi Capitals,Royal Challengers Bengaluru,Delhi Capitals,0,0.5083333333333333,0.423728813559322,0.6,0.4,0.5333333333333333,0.5,0,0,0.08460451977401129,0.6153846153846154,142.6,129.2,13.400000000000006,134.4,132.6
980919,6,Chandigarh,2016-04-17,Indian Premier League,male,T20,2016,bat,Rising Pune Supergiants,"""Punjab Cricket Association IS Bindra Stadium, Mohali""",Punjab Kings,Punjab Kings,Rising Pune Supergiants,1,0.475,0.5,0.2,0.5,0.0,0.5,0,0,-0.025000000000000022,0.5,137.6,144.5,-6.900000000000006,135.6,142.5
980923,6,Hyderabad,2016-04-18,Indian Premier League,male,T20,2016,field,Sunrisers Hyderabad,"""Rajiv Gandhi International Stadium, Uppal""",Sunrisers Hyderabad,Sunrisers Hyderabad,Mumbai Indians,1,0.4782608695652174,0.5736434108527132,0.2,0.6,0.5625,0.8,1,0,-0.09538254128749579,0.3333333333333333,151.4,168.2,-16.799999999999983,150.0,156.6
980925,6,Chandigarh,2016-04-19,Indian Premier League,male,T20,2016,field,Kolkata Knight Riders,"""Punjab Cricket Association IS Bindra Stadium, Mohali""",Kolkata Knight Riders,Punjab Kings,Kolkata Knight Riders,0,0.4793388429752066,0.5254237288135594,0.4,0.4,0.5,0.5,0,0,-0.04608488583835274,0.35294117647058826,132.2,157.6,-25.400000000000006,129.0,159.6
980927,6,Mumbai,2016-04-20,Indian Premier League,male,T20,2016,field,Mumbai Indians,Wankhede Stadium,Mumbai Indians,Mumbai Indians,Royal Challengers Bengaluru,1,0.5692307692307692,0.5041322314049587,0.4,0.6,0.627906976744186,0.5,1,0,0.06509853782581054,0.5294117647058824,159.2,164.0,-4.800000000000011,153.2,151.6
980929,6,Rajkot,2016-04-21,Indian Premier League,male,T20,2016,field,Sunrisers Hyderabad,Saurashtra Cricket Association Stadium,Sunrisers Hyderabad,Gujarat Lions,Sunrisers Hyderabad,0,1.0,0.48936170212765956,1.0,0.2,1.0,0.5,0,0,0.5106382978723405,0.5,157.66666666666666,143.4,14.266666666666652,155.66666666666666,142.4
980931,6,Pune,2016-04-22,Indian Premier League,male,T20,2016,field,Rising Pune Supergiants,Maharashtra Cricket Association Stadium,Royal Challengers Bengaluru,Rising Pune Supergiants,Royal Challengers Bengaluru,0,0.3333333333333333,0.5,0.3333333333333333,0.4,0.5,1.0,1,0,-0.16666666666666669,0.5,147.0,181.4,-34.400000000000006,146.0,158.8
980933,6,Delhi,2016-04-23,Indian Premier League,male,T20,2016,field,Mumbai Indians,Feroz Shah Kotla,Delhi Capitals,Delhi Capitals,Mumbai Indians,1,0.42857142857142855,0.5725190839694656,0.6,0.4,0.38636363636363635,0.2857142857142857,0,0,-0.14394765539803706,0.5,136.0,153.0,-17.0,136.6,155.0
980935,6,Hyderabad,2016-04-23,Indian Premier League,male,T20,2016,field,Sunrisers Hyderabad,"""Rajiv Gandhi International Stadium, Uppal""",Sunrisers Hyderabad,Sunrisers Hyderabad,Punjab Kings,1,0.5,0.47540983606557374,0.4,0.2,0.5882352941176471,0.6666666666666666,1,0,0.024590163934426257,0.6666666666666666,143.8,138.6,5.200000000000017,152.8,140.4
980937,6,Rajkot,2016-04-24,Indian Premier League,male,T20,2016,bat,Royal Challengers Bangalore,Saurashtra Cricket Association Stadium,Gujarat Lions,Gujarat Lions,Royal Challengers Bengaluru,1,0.75,0.5040650406504065,0.75,0.4,0.5,0.5,0,0,0.24593495934959353,0.5,152.0,182.4,-30.400000000000006,151.0,171.4
980939,6,Pune,2016-04-24,Indian Premier League,male,T20,2016,field,Kolkata Knight Riders,Maharashtra Cricket Association Stadium,Kolkata Knight Riders,Rising Pune Supergiants,Kolkata Knight Riders,0,0.25,0.5294117647058824,0.25,0.6,0.0,1.0,0,0,-0.27941176470588236,0.5,153.25,152.6,0.6500000000000057,155.75,153.0
980941,6,Chandigarh,2016-04-25,Indian Premier League,male,T20,2016,field,Kings XI Punjab,"""Punjab Cricket Association IS Bindra Stadium, Mohali""",Mumbai Indians,Punjab Kings,Mumbai Indians,0,0.4715447154471545,0.5681818181818182,0.2,0.4,0.3333333333333333,0.5,0,0,-0.09663710273466375,0.5,141.2,159.6,-18.400000000000006,142.8,162.6
980943,6,Hyderabad,2016-04-26,Indian Premier League,male,T20,2016,field,Rising Pune Supergiants,"""Rajiv Gandhi International Stadium, Uppal""",Rising Pune Supergiants,Sunrisers Hyderabad,Rising Pune Supergiants,0,0.5102040816326531,0.2,0.6,0.2,0.6111111111111112,0.5,0,0,0.31020408163265306,0.5,150.4,154.6,-4.199999999999989,158.6,157.0
980945,6,Delhi,2016-04-27,Indian Premier League,male,T20,2016,field,Delhi Daredevils,Feroz Shah Kotla,Gujarat Lions,Delhi Capitals,Gujarat Lions,0,0.43333333333333335,0.8,0.8,0.8,0.4,0.5,0,0,-0.3666666666666667,0.5,137.4,158.0,-20.599999999999994,134.8,156.8
980947,6,Mumbai,2016-04-28,Indian Premier League,male,T20,2016,field,Mumbai Indians,Wankhede Stadium,Mumbai Indians,Mumbai Indians,Kolkata Knight Riders,1,0.5714285714285714,0.5333333333333333,0.4,0.8,0.6363636363636364,0.2,1,0,0.03809523809523807,0.7058823529411765,159.8,147.0,12.800000000000011,158.0,145.2
980949,6,Pune,2016-04-29,Indian Premier League,male,T20,2016,field,Gujarat Lions,Maharashtra Cricket Association Stadium,Gujarat Lions,Rising Pune Supergiants,Gujarat Lions,0,0.3333333333333333,0.8333333333333334,0.2,0.8,0.0,0.5,0,0,-0.5,0.0,148.2,160.0,-11.800000000000011,156.4,158.8
980953,6,Hyderabad,2016-04-30,Indian Premier League,male,T20,2016,field,Royal Challengers Bangalore,"""Rajiv Gandhi International Stadium, Uppal""",Sunrisers Hyderabad,Sunrisers Hyderabad,Royal Challengers Bengaluru,1,0.5,0.5,0.6,0.4,0.5789473684210527,0.4,0,0,0.0,0.3333333333333333,137.6,190.6,-53.0,132.0,179.8
980951,6,Delhi,2016-04-30,Indian Premier League,male,T20,2016,field,Kolkata Knight Riders,Feroz Shah Kotla,Delhi Capitals,Delhi Capitals,Kolkata Knight Riders,1,0.4297520661157025,0.5289256198347108,0.6,0.6,0.391304347826087,0.8,0,0,-0.09917355371900827,0.375,147.6,162.0,-14.400000000000006,145.4,161.2
980955,6,Rajkot,2016-05-01,Indian Premier League,male,T20,2016,field,Gujarat Lions,Saurashtra Cricket Association Stadium,Punjab Kings,Gujarat Lions,Punjab Kings,0,0.8571428571428571,0.46774193548387094,0.8,0.2,0.6666666666666666,0.5,1,0,0.38940092165898615,1.0,166.4,141.8,24.599999999999994,165.2,148.2
980957,6,Pune,2016-05-01,Indian Premier League,male,T20,2016,field,Mumbai Indians,Maharashtra Cricket Association Stadium,Mumbai Indians,Rising Pune Supergiants,Mumbai Indians,0,0.2857142857142857,0.5746268656716418,0.2,0.6,0.0,0.5,0,0,-0.2889125799573561,1.0,154.6,166.8,-12.200000000000017,162.8,163.4
980959,6,Bangalore,2016-05-02,Indian Premier League,male,T20,2016,field,Kolkata Knight Riders,M Chinnaswamy Stadium,Kolkata Knight Riders,Royal Challengers Bengaluru,Kolkata Knight Riders,0,0.496,0.5245901639344263,0.2,0.6,0.5217391304347826,0.42857142857142855,0,0,-0.02859016393442626,0.5,181.0,156.4,24.599999999999994,182.2,160.8
980961,6,Rajkot,2016-05-03,Indian Premier League,male,T20,2016,field,Delhi Daredevils,Saurashtra Cricket Association Stadium,Delhi Capitals,Gujarat Lions,Delhi Capitals,0,0.75,0.4344262295081967,0.6,0.8,0.5,0.5,0,0,0.3155737704918033,1.0,163.2,165.2,-2.0,167.4,157.4
980963,6,Kolkata,2016-05-04,Indian Premier League,male,T20,2016,field,Kings XI Punjab,Eden Gardens,Kolkata Knight Riders,Kolkata Knight Riders,Punjab Kings,1,0.5284552845528455,0.472,0.6,0.4,0.6521739130434783,0.2857142857142857,0,0,0.05645528455284554,0.6666666666666666,165.0,150.4,14.599999999999994,169.4,151.8
980965,6,Delhi,2016-05-05,Indian Premier League,male,T20,2016,field,Rising Pune Supergiants,Feroz Shah Kotla,Rising Pune Supergiants,Delhi Capitals,Rising Pune Supergiants,0,0.43902439024390244,0.25,0.8,0.2,0.40425531914893614,0.5,0,0,0.18902439024390244,0.5,172.6,156.0,16.599999999999994,165.0,164.4
980967,6,Hyderabad,2016-05-06,Indian Premier League,male,T20,2016,field,Sunrisers Hyderabad,"""Rajiv Gandhi International Stadium, Uppal""",Sunrisers Hyderabad,Sunrisers Hyderabad,Gujarat Lions,1,0.5098039215686274,0.6666666666666666,0.8,0.6,0.6,0.5,1,0,-0.1568627450980392,1.0,148.0,166.0,-18.0,138.6,170.0
980969,6,Bangalore,2016-05-07,Indian Premier League,male,T20,2016,field,Royal Challengers Bangalore,M Chinnaswamy Stadium,Royal Challengers Bengaluru,Royal Challengers Bengaluru,Rising Pune Supergiants,1,0.49206349206349204,0.3333333333333333,0.2,0.4,0.5106382978723404,0.5,0,0,0.15873015873015872,1.0,179.8,154.8,25.0,181.6,159.8
980971,6,Chandigarh,2016-05-07,Indian Premier League,male,T20,2016,field,Delhi Daredevils,"""Punjab Cricket Association IS Bindra Stadium, Mohali""",Punjab Kings,Punjab Kings,Delhi Capitals,1,0.46825396825396826,0.43548387096774194,0.2,0.6,0.25,0.5,0,0,0.03277009728622632,0.5294117647058824,151.2,166.6,-15.400000000000006,154.2,160.0
980973,6,Visakhapatnam,2016-05-08,Indian Premier League,male,T20,2016,field,Mumbai Indians,Dr. Y.S. Rajasekhara Reddy ACA-VDCA Cricket Stadium,Sunrisers Hyderabad,Mumbai Indians,Sunrisers Hyderabad,0,0.5777777777777777,0.5192307692307693,0.8,0.8,1.0,0.3333333333333333,1,0,0.05854700854700845,0.5714285714285714,170.6,144.8,25.799999999999983,166.2,135.4
980975,6,Kolkata,2016-05-08,Indian Premier League,male,T20,2016,field,Gujarat Lions,Eden Gardens,Gujarat Lions,Kolkata Knight Riders,Gujarat Lions,0,0.532258064516129,0.6,0.6,0.4,0.6595744680851063,0.5,0,0,-0.06774193548387097,0.5,169.6,154.8,14.799999999999983,173.2,159.8
980977,6,Chandigarh,2016-05-09,Indian Premier League,male,T20,2016,field,Kings XI Punjab,"""Punjab Cricket Association IS Bindra Stadium, Mohali""",Royal Challengers Bengaluru,Punjab Kings,Royal Challengers Bengaluru,0,0.47244094488188976,0.49606299212598426,0.4,0.4,0.4,0.5,0,0,-0.023622047244094502,0.625,159.8,184.8,-25.0,160.4,185.6
980979,6,Visakhapatnam,2016-05-10,Indian Premier League,male,T20,2016,bat,Sunrisers Hyderabad,Dr. Y.S. Rajasekhara Reddy ACA-VDCA Cricket Stadium,Sunrisers Hyderabad,Rising Pune Supergiants,Sunrisers Hyderabad,0,0.3,0.5283018867924528,0.4,0.8,0.5,0.5,0,0,-0.22830188679245284,1.0,161.0,152.8,8.199999999999989,166.4,126.8
980981,6,Bangalore,2016-05-11,Indian Premier League,male,T20,2016,field,Mumbai Indians,M Chinnaswamy Stadium,Mumbai Indians,Royal Challengers Bengaluru,Mumbai Indians,0,0.5,0.5735294117647058,0.4,0.6,0.5208333333333334,0.7142857142857143,0,0,-0.07352941176470584,0.4444444444444444,182.8,154.8,28.0,186.0,167.6
980983,6,Hyderabad,2016-05-12,Indian Premier League,male,T20,2016,field,Delhi Daredevils,"""Rajiv Gandhi International Stadium, Uppal""",Delhi Capitals,Sunrisers Hyderabad,Delhi Capitals,0,0.5370370370370371,0.432,0.8,0.4,0.6190476190476191,0.75,0,0,0.1050370370370371,0.8333333333333334,151.0,168.2,-17.19999999999999,124.8,165.4
980985,6,Visakhapatnam,2016-05-13,Indian Premier League,male,T20,2016,bat,Mumbai Indians,Dr. Y.S. Rajasekhara Reddy ACA-VDCA Cricket Stadium,Punjab Kings,Mumbai Indians,Punjab Kings,0,0.5766423357664233,0.46875,0.8,0.4,0.5,0.5,1,1,0.10789233576642332,0.5294117647058824,154.6,166.0,-11.400000000000006,165.0,166.2
980987,6,Bangalore,2016-05-14,Indian Premier League,male,T20,2016,field,Gujarat Lions,M Chinnaswamy Stadium,Royal Challengers Bengaluru,Royal Challengers Bengaluru,Gujarat Lions,1,0.49612403100775193,0.6363636363636364,0.4,0.4,0.5102040816326531,0.5,0,0,-0.14023960535588442,0.0,177.0,153.2,23.80000000000001,180.2,157.2
980989,6,Kolkata,2016-05-14,Indian Premier League,male,T20,2016,bat,Rising Pune Supergiants,Eden Gardens,Kolkata Knight Riders,Kolkata Knight Riders,Rising Pune Supergiants,1,0.528,0.2727272727272727,0.4,0.2,0.6458333333333334,0.5,0,0,0.2552727272727273,1.0,168.8,168.8,0.0,174.0,170.2
980993,6,Visakhapatnam,2016-05-15,Indian Premier League,male,T20,2016,field,Delhi Daredevils,Dr. Y.S. Rajasekhara Reddy ACA-VDCA Cricket Stadium,Mumbai Indians,Mumbai Indians,Delhi Capitals,1,0.572463768115942,0.4365079365079365,0.6,0.6,0.3333333333333333,1.0,0,0,0.1359558316080055,0.47058823529411764,141.6,164.0,-22.400000000000006,157.6,160.2
980991,6,Chandigarh,2016-05-15,Indian Premier League,male,T20,2016,bat,Kings XI Punjab,"""Punjab Cricket Association IS Bindra Stadium, Mohali""",Sunrisers Hyderabad,Punjab Kings,Sunrisers Hyderabad,0,0.4728682170542636,0.5272727272727272,0.6,0.8,0.3333333333333333,0.5,0,0,-0.05440451021846365,0.2857142857142857,158.6,156.6,2.0,153.2,136.0
980995,6,Kolkata,2016-05-16,Indian Premier League,male,T20,2016,field,Royal Challengers Bangalore,Eden Gardens,Royal Challengers Bengaluru,Kolkata Knight Riders,Royal Challengers Bengaluru,0,0.5317460317460317,0.5,0.6,0.6,0.6530612244897959,0.3333333333333333,0,0,0.031746031746031744,0.5294117647058824,147.2,190.8,-43.60000000000002,159.0,162.2
980997,6,Visakhapatnam,2016-05-17,Indian Premier League,male,T20,2016,field,Rising Pune Supergiants,Dr. Y.S. Rajasekhara Reddy ACA-VDCA Cricket Stadium,Rising Pune Supergiants,Rising Pune Supergiants,Delhi Capitals,1,0.25,0.4330708661417323,0.2,0.4,0.0,0.5,1,0,-0.1830708661417323,1.0,150.4,152.0,-1.5999999999999943,144.2,169.6
980999,6,Bangalore,2016-05-18,Indian Premier League,male,T20,2016,field,Kings XI Punjab,M Chinnaswamy Stadium,Royal Challengers Bengaluru,Royal Challengers Bengaluru,Punjab Kings,1,0.5038167938931297,0.46923076923076923,0.8,0.4,0.52,0.5,0,0,0.03458602466236049,0.4117647058823529,191.0,163.6,27.400000000000006,161.0,163.0
981001,6,Kanpur,2016-05-19,Indian Premier League,male,T20,2016,field,Gujarat Lions,Green Park,Gujarat Lions,Gujarat Lions,Kolkata Knight Riders,1,0.5833333333333334,0.5275590551181102,0.2,0.6,0.5,0.5,1,0,0.05577427821522318,1.0,134.8,152.0,-17.19999999999999,167.8,159.0
981003,6,Raipur,2016-05-20,Indian Premier League,male,T20,2016,field,Delhi Daredevils,Shaheed Veer Narayan Singh International Stadium,Delhi Capitals,Delhi Capitals,Sunrisers Hyderabad,1,0.4296875,0.5357142857142857,0.2,0.8,0.75,1.0,0,0,-0.1060267857142857,0.2857142857142857,146.2,153.8,-7.600000000000023,155.0,136.0
981005,6,Visakhapatnam,2016-05-21,Indian Premier League,male,T20,2016,bat,Kings XI Punjab,Dr. Y.S. Rajasekhara Reddy ACA-VDCA Cricket Stadium,Rising Pune Supergiants,Rising Pune Supergiants,Punjab Kings,1,0.3076923076923077,0.46564885496183206,0.4,0.4,0.5,1.0,0,0,-0.15795654726952435,0.0,133.8,156.2,-22.399999999999977,136.2,172.4
981007,6,Kanpur,2016-05-21,Indian Premier League,male,T20,2016,field,Gujarat Lions,Green Park,Gujarat Lions,Gujarat Lions,Mumbai Indians,1,0.6153846153846154,0.5755395683453237,0.4,0.6,1.0,0.5,1,0,0.0398450470392917,1.0,133.6,147.2,-13.599999999999994,161.8,148.0
981009,6,Kolkata,2016-05-22,Indian Premier League,male,T20,2016,field,Sunrisers Hyderabad,Eden Gardens,Kolkata Knight Riders,Kolkata Knight Riders,Sunrisers Hyderabad,1,0.5234375,0.5263157894736842,0.4,0.6,0.64,0.0,0,0,-0.0028782894736841813,0.7142857142857143,139.0,159.6,-20.599999999999994,147.0,143.0
981011,6,Raipur,2016-05-22,Indian Premier League,male,T20,2016,field,Royal Challengers Bangalore,Shaheed Veer Narayan Singh International Stadium,Royal Challengers Bengaluru,Delhi Capitals,Royal Challengers Bengaluru,0,0.43410852713178294,0.5075757575757576,0.4,0.8,0.8,0.5,0,0,-0.07346723044397463,0.42857142857142855,146.0,194.2,-48.19999999999999,153.4,146.8
981013,6,Bangalore,2016-05-24,Indian Premier League,male,T20,2016,field,Royal Challengers Bangalore,M Chinnaswamy Stadium,Royal Challengers Bengaluru,Gujarat Lions,Royal Challengers Bengaluru,0,0.6428571428571429,0.5112781954887218,0.6,0.8,0.0,0.5294117647058824,0,0,0.13157894736842113,0.5,138.4,187.0,-48.599999999999994,166.2,139.6
981015,6,Delhi,2016-05-25,Indian Premier League,male,T20,2016,field,Kolkata Knight Riders,Feroz Shah Kotla,Sunrisers Hyderabad,Sunrisers Hyderabad,Kolkata Knight Riders,1,0.5172413793103449,0.5271317829457365,0.4,0.4,0.6666666666666666,0.6666666666666666,0,0,-0.00989040363539162,0.25,154.0,140.4,13.599999999999994,158.8,145.4
981017,6,Delhi,2016-05-27,Indian Premier League,male,T20,2016,field,Sunrisers Hyderabad,Feroz Shah Kotla,Sunrisers Hyderabad,Gujarat Lions,Sunrisers Hyderabad,0,0.6,0.5254237288135594,0.6,0.4,1.0,0.75,0,0,0.07457627118644061,0.0,144.8,159.0,-14.199999999999989,172.2,160.2
981019,6,Bangalore,2016-05-29,Indian Premier League,male,T20,2016,bat,Sunrisers Hyderabad,M Chinnaswamy Stadium,Sunrisers Hyderabad,Royal Challengers Bengaluru,Sunrisers Hyderabad,0,0.5149253731343284,0.5333333333333333,1.0,0.6,0.5384615384615384,0.25,0,0,-0.018407960199004925,0.5714285714285714,188.6,162.4,26.19999999999999,140.6,162.6
1082591,6,Hyderabad,2017-04-05,Indian Premier League,male,T20,2017,field,Royal Challengers Bangalore,"""Rajiv Gandhi International Stadium, Uppal""",Sunrisers Hyderabad,Sunrisers Hyderabad,Royal Challengers Bengaluru,1,0.5409836065573771,0.5111111111111111,0.6,0.8,0.5909090909090909,0.3333333333333333,0,0,0.029872495446266023,0.5,168.0,179.0,-11.0,166.8,161.4
1082592,6,Pune,2017-04-06,Indian Premier League,male,T20,2017,field,Rising Pune Supergiant,Maharashtra Cricket Association Stadium,Rising Pune Supergiants,Rising Pune Supergiants,Mumbai Indians,1,0.35714285714285715,0.5714285714285714,0.4,0.4,0.0,1.0,0,0,-0.21428571428571425,0.5,135.2,149.4,-14.200000000000017,138.2,150.8
1082593,6,Rajkot,2017-04-07,Indian Premier League,male,T20,2017,field,Kolkata Knight Riders,Saurashtra Cricket Association Stadium,Kolkata Knight Riders,Gujarat Lions,Kolkata Knight Riders,0,0.5625,0.5230769230769231,0.4,0.4,0.4,0.5,0,0,0.039423076923076894,1.0,144.4,136.8,7.599999999999994,173.2,145.0
1082594,6,Indore,2017-04-08,Indian Premier League,male,T20,2017,field,Kings XI Punjab,Holkar Cricket Stadium,Punjab Kings,Punjab Kings,Rising Pune Supergiants,1,0.4621212121212121,0.4,0.2,0.6,1.0,0.5,0,0,0.06212121212121208,0.5,154.4,134.4,20.0,172.6,136.0
1082595,6,Bengaluru,2017-04-08,Indian Premier League,male,T20,2017,bat,Royal Challengers Bangalore,M.Chinnaswamy Stadium,Royal Challengers Bengaluru,Royal Challengers Bengaluru,Delhi Capitals,1,0.5073529411764706,0.4307692307692308,0.6,0.4,0.5,0.5,0,0,0.07658371040723977,0.6,176.2,139.2,37.0,166.2,145.0
1082596,6,Hyderabad,2017-04-09,Indian Premier League,male,T20,2017,field,Sunrisers Hyderabad,"""Rajiv Gandhi International Stadium, Uppal""",Sunrisers Hyderabad,Sunrisers Hyderabad,Gujarat Lions,1,0.5483870967741935,0.5294117647058824,0.8,0.4,0.6086956521739131,0.0,1,0,0.018975332068311146,1.0,177.8,160.2,17.600000000000023,169.0,160.4
1082597,6,Mumbai,2017-04-09,Indian Premier League,male,T20,2017,field,Mumbai Indians,Wankhede Stadium,Mumbai Indians,Mumbai Indians,Kolkata Knight Riders,1,0.5673758865248227,0.5267175572519084,0.4,0.4,0.6444444444444445,0.16666666666666666,1,0,0.04065832927291435,0.7222222222222222,167.8,160.4,7.400000000000006,152.8,161.0
1082598,6,Indore,2017-04-10,Indian Premier League,male,T20,2017,bat,Royal Challengers Bangalore,Holkar Cricket Stadium,Punjab Kings,Punjab Kings,Royal Challengers Bengaluru,1,0.46616541353383456,0.5109489051094891,0.4,0.6,1.0,0.5,0,0,-0.04478349157565453,0.5555555555555556,152.4,165.4,-13.0,170.2,170.6
1082599,6,Pune,2017-04-11,Indian Premier League,male,T20,2017,field,Rising Pune Supergiant,Maharashtra Cricket Association Stadium,Delhi Capitals,Rising Pune Supergiants,Delhi Capitals,0,0.375,0.42748091603053434,0.6,0.2,0.2,1.0,0,0,-0.05248091603053434,1.0,140.4,137.6,2.8000000000000114,141.4,147.2
1082600,6,Mumbai,2017-04-12,Indian Premier League,male,T20,2017,field,Mumbai Indians,Wankhede Stadium,Mumbai Indians,Mumbai Indians,Sunrisers Hyderabad,1,0.5704225352112676,0.5555555555555556,0.4,1.0,0.6521739130434783,0.0,1,0,0.014866979655712043,0.5,173.2,176.0,-2.8000000000000114,158.2,161.8
1082601,6,Kolkata,2017-04-13,Indian Premier League,male,T20,2017,field,Kolkata Knight Riders,Eden Gardens,Kolkata Knight Riders,Kolkata Knight Riders,Punjab Kings,1,0.5227272727272727,0.4701492537313433,0.4,0.4,0.6470588235294118,0.25,1,0,0.0525780189959294,0.6842105263157895,159.4,157.0,2.4000000000000057,159.8,175.0
1082602,6,Bangalore,2017-04-14,Indian Premier League,male,T20,2017,field,Mumbai Indians,M Chinnaswamy Stadium,Mumbai Indians,Royal Challengers Bengaluru,Mumbai Indians,0,0.5072463768115942,0.5734265734265734,0.4,0.6,0.5283018867924528,0.75,0,0,-0.0661801966149792,0.42105263157894735,167.2,180.2,-13.0,173.0,164.4
1082603,6,Rajkot,2017-04-14,Indian Premier League,male,T20,2017,field,Gujarat Lions,Saurashtra Cricket Association Stadium,Gujarat Lions,Gujarat Lions,Rising Pune Supergiants,1,0.5,0.35294117647058826,0.2,0.6,0.3333333333333333,0.0,1,0,0.14705882352941174,1.0,162.2,141.4,20.799999999999983,163.6,169.2
1082604,6,Kolkata,2017-04-15,Indian Premier League,male,T20,2017,field,Sunrisers Hyderabad,Eden Gardens,Kolkata Knight Riders,Kolkata Knight Riders,Sunrisers Hyderabad,1,0.5263157894736842,0.546875,0.6,0.8,0.6538461538461539,0.0,0,0,-0.02055921052631582,0.6666666666666666,168.8,175.2,-6.399999999999977,168.8,165.6
1082605,6,Delhi,2017-04-15,Indian Premier League,male,T20,2017,bat,Delhi Daredevils,Feroz Shah Kotla,Delhi Capitals,Delhi Capitals,Punjab Kings,1,0.4318181818181818,0.4666666666666667,0.4,0.4,0.3958333333333333,0.5,0,0,-0.03484848484848485,0.4444444444444444,153.4,155.2,-1.799999999999983,127.6,173.2
1082607,6,Bangalore,2017-04-16,Indian Premier League,male,T20,2017,field,Royal Challengers Bangalore,M Chinnaswamy Stadium,Rising Pune Supergiants,Royal Challengers Bengaluru,Rising Pune Supergiants,0,0.5035971223021583,0.3333333333333333,0.2,0.4,0.5185185185185185,0.0,0,0,0.17026378896882494,1.0,163.8,160.4,3.4000000000000057,170.4,179.4
1082606,6,Mumbai,2017-04-16,Indian Premier League,male,T20,2017,field,Mumbai Indians,Wankhede Stadium,Mumbai Indians,Mumbai Indians,Gujarat Lions,1,0.5763888888888888,0.5263157894736842,0.6,0.2,0.6595744680851063,1.0,1,0,0.05007309941520466,0.0,168.0,162.0,6.0,167.6,163.4
1082609,6,Hyderabad,2017-04-17,Indian Premier League,male,T20,2017,field,Kings XI Punjab,"""Rajiv Gandhi International Stadium, Uppal""",Sunrisers Hyderabad,Sunrisers Hyderabad,Punjab Kings,1,0.5384615384615384,0.4632352941176471,0.6,0.4,0.625,0.5714285714285714,0,0,0.07522624434389136,0.75,173.6,158.6,15.0,167.6,168.6
1082608,6,Delhi,2017-04-17,Indian Premier League,male,T20,2017,bat,Delhi Daredevils,Feroz Shah Kotla,Kolkata Knight Riders,Delhi Capitals,Kolkata Knight Riders,0,0.43609022556390975,0.5298507462686567,0.6,0.6,0.40816326530612246,0.5714285714285714,0,0,-0.09376052070474694,0.4117647058823529,166.8,169.0,-2.1999999999999886,139.8,170.0
1082610,6,Rajkot,2017-04-18,Indian Premier League,male,T20,2017,field,Gujarat Lions,Saurashtra Cricket Association Stadium,Royal Challengers Bengaluru,Gujarat Lions,Royal Challengers Bengaluru,0,0.5,0.5,0.2,0.2,0.42857142857142855,0.0,1,0,0.0,0.3333333333333333,165.6,150.6,15.0,167.0,161.0
1082611,6,Hyderabad,2017-04-19,Indian Premier League,male,T20,2017,bat,Sunrisers Hyderabad,"""Rajiv Gandhi International Stadium, Uppal""",Sunrisers Hyderabad,Sunrisers Hyderabad,Delhi Capitals,1,0.5454545454545454,0.43283582089552236,0.6,0.4,0.64,0.8,1,1,0.11261872455902305,0.625,163.8,168.2,-4.399999999999977,158.4,142.0
1082612,6,Indore,2017-04-20,Indian Premier League,male,T20,2017,field,Mumbai Indians,Holkar Cricket Stadium,Mumbai Indians,Punjab Kings,Mumbai Indians,0,0.45985401459854014,0.5793103448275863,0.4,0.8,1.0,0.5,0,0,-0.11945633022904611,0.5,155.0,169.0,-14.0,165.8,168.2
1082613,6,Kolkata,2017-04-21,Indian Premier League,male,T20,2017,field,Gujarat Lions,Eden Gardens,Gujarat Lions,Kolkata Knight Riders,Gujarat Lions,0,0.5333333333333333,0.47619047619047616,0.8,0.2,0.660377358490566,1.0,0,0,0.05714285714285716,0.3333333333333333,174.8,171.6,3.200000000000017,171.2,177.0
1082614,6,Mumbai,2017-04-22,Indian Premier League,male,T20,2017,field,Delhi Daredevils,Wankhede Stadium,Mumbai Indians,Mumbai Indians,Delhi Capitals,1,0.5821917808219178,0.42962962962962964,1.0,0.4,0.6666666666666666,0.16666666666666666,0,0,0.15256215119228816,0.5,172.0,175.8,-3.8000000000000114,170.4,152.4
1082615,6,Pune,2017-04-22,Indian Premier League,male,T20,2017,field,Rising Pune Supergiant,Maharashtra Cricket Association Stadium,Rising Pune Supergiants,Rising Pune Supergiants,Sunrisers Hyderabad,1,0.3684210526315789,0.5522388059701493,0.4,0.6,0.16666666666666666,1.0,0,0,-0.18381775333857037,0.5,158.0,160.6,-2.5999999999999943,171.8,159.2
1082616,6,Rajkot,2017-04-23,Indian Premier League,male,T20,2017,field,Gujarat Lions,Saurashtra Cricket Association Stadium,Punjab Kings,Gujarat Lions,Punjab Kings,0,0.5,0.45652173913043476,0.4,0.2,0.375,1.0,1,0,0.043478260869565244,0.5,172.6,161.8,10.799999999999983,177.6,173.0
1082617,6,Kolkata,2017-04-23,Indian Premier League,male,T20,2017,field,Royal Challengers Bangalore,Eden Gardens,Kolkata Knight Riders,Kolkata Knight Riders,Royal Challengers Bengaluru,1,0.5294117647058824,0.5035460992907801,0.6,0.4,0.6481481481481481,0.42857142857142855,0,0,0.025865665415102268,0.5,175.4,158.8,16.599999999999994,172.2,158.0
1082618,6,Mumbai,2017-04-24,Indian Premier League,male,T20,2017,field,Mumbai Indians,Wankhede Stadium,Rising Pune Supergiants,Mumbai Indians,Rising Pune Supergiants,0,0.5850340136054422,0.4,1.0,0.4,0.673469387755102,1.0,1,0,0.18503401360544214,0.3333333333333333,164.4,156.4,8.0,160.4,170.2
1082620,6,Pune,2017-04-26,Indian Premier League,male,T20,2017,field,Kolkata Knight Riders,Maharashtra Cricket Association Stadium,Kolkata Knight Riders,Rising Pune Supergiants,Kolkata Knight Riders,0,0.42857142857142855,0.5328467153284672,0.6,0.8,0.2857142857142857,1.0,0,0,-0.10427528675703862,0.0,155.8,166.0,-10.199999999999989,168.8,146.0
1082621,6,Bangalore,2017-04-27,Indian Premier League,male,T20,2017,field,Gujarat Lions,M Chinnaswamy Stadium,Gujarat Lions,Royal Challengers Bengaluru,Gujarat Lions,0,0.5,0.4782608695652174,0.2,0.4,0.509090909090909,0.0,0,0,0.021739130434782594,0.75,137.2,178.0,-40.80000000000001,155.8,187.2
1082622,6,Kolkata,2017-04-28,Indian Premier League,male,T20,2017,field,Kolkata Knight Riders,Eden Gardens,Kolkata Knight Riders,Kolkata Knight Riders,Delhi Capitals,1,0.5362318840579711,0.4264705882352941,0.8,0.4,0.6545454545454545,0.16666666666666666,1,0,0.10976129582267696,0.6111111111111112,168.6,173.0,-4.400000000000006,148.4,149.4
1082623,6,Chandigarh,2017-04-28,Indian Premier League,male,T20,2017,field,Kings XI Punjab,"""Punjab Cricket Association IS Bindra Stadium, Mohali""",Sunrisers Hyderabad,Punjab Kings,Sunrisers Hyderabad,0,0.460431654676259,0.5441176470588235,0.2,0.4,0.2857142857142857,1.0,0,0,-0.08368599238256447,0.2222222222222222,169.4,167.8,1.5999999999999943,175.8,168.0
1082624,6,Pune,2017-04-29,Indian Premier League,male,T20,2017,field,Royal Challengers Bangalore,Maharashtra Cricket Association Stadium,Rising Pune Supergiants,Rising Pune Supergiants,Royal Challengers Bengaluru,1,0.4090909090909091,0.4965034965034965,0.6,0.2,0.25,1.0,0,0,-0.0874125874125874,0.3333333333333333,170.6,134.4,36.19999999999999,164.6,152.8
1082627,6,Hyderabad,2017-04-30,Indian Premier League,male,T20,2017,field,Kolkata Knight Riders,"""Rajiv Gandhi International Stadium, Uppal""",Sunrisers Hyderabad,Sunrisers Hyderabad,Kolkata Knight Riders,1,0.5507246376811594,0.539568345323741,0.6,0.8,0.6538461538461539,0.8,0,0,0.01115629235741844,0.3,177.6,166.4,11.199999999999989,172.4,149.4
1082626,6,Chandigarh,2017-04-30,Indian Premier League,male,T20,2017,field,Kings XI Punjab,"""Punjab Cricket Association IS Bindra Stadium, Mohali""",Punjab Kings,Punjab Kings,Delhi Capitals,1,0.45714285714285713,0.4233576642335766,0.2,0.2,0.25,0.0,0,0,0.033785192909280504,0.5263157894736842,171.6,164.0,7.599999999999994,183.0,160.0
1082629,6,Pune,2017-05-01,Indian Premier League,male,T20,2017,field,Rising Pune Supergiant,Maharashtra Cricket Association Stadium,Rising Pune Supergiants,Rising Pune Supergiants,Gujarat Lions,1,0.43478260869565216,0.5,0.8,0.4,0.3333333333333333,1.0,0,0,-0.06521739130434784,0.0,167.8,170.6,-2.799999999999983,149.4,179.8
1082628,6,Mumbai,2017-05-01,Indian Premier League,male,T20,2017,bat,Royal Challengers Bangalore,Wankhede Stadium,Mumbai Indians,Mumbai Indians,Royal Challengers Bengaluru,1,0.581081081081081,0.4930555555555556,0.8,0.2,0.66,0.42857142857142855,0,0,0.08802552552552545,0.6,164.0,125.2,38.8,160.8,155.2
1082630,6,Delhi,2017-05-02,Indian Premier League,male,T20,2017,field,Delhi Daredevils,Feroz Shah Kotla,Delhi Capitals,Delhi Capitals,Sunrisers Hyderabad,1,0.42028985507246375,0.5571428571428572,0.0,0.8,0.4,0.8,0,0,-0.13685300207039341,0.3333333333333333,139.8,188.4,-48.599999999999994,146.2,170.2
1082631,6,Kolkata,2017-05-03,Indian Premier League,male,T20,2017,field,Rising Pune Supergiant,Eden Gardens,Rising Pune Supergiants,Kolkata Knight Riders,Rising Pune Supergiants,0,0.5357142857142857,0.4583333333333333,0.6,0.8,0.6607142857142857,0.0,0,0,0.07738095238095238,1.0,164.8,169.0,-4.199999999999989,157.6,154.8
1082632,6,Delhi,2017-05-04,Indian Premier League,male,T20,2017,field,Delhi Daredevils,Feroz Shah Kotla,Delhi Capitals,Delhi Capitals,Gujarat Lions,1,0.4244604316546763,0.48,0.2,0.4,0.4117647058823529,0.5,0,0,-0.0555395683453237,0.5,144.0,167.6,-23.599999999999994,149.4,177.8
1082633,6,Bangalore,2017-05-05,Indian Premier League,male,T20,2017,field,Royal Challengers Bangalore,M Chinnaswamy Stadium,Punjab Kings,Royal Challengers Bengaluru,Punjab Kings,0,0.4896551724137931,0.46099290780141844,0.2,0.4,0.5,0.4444444444444444,0,0,0.028662264612374644,0.42105263157894735,130.8,157.8,-27.0,156.0,158.8
1082635,6,Delhi,2017-05-06,Indian Premier League,male,T20,2017,field,Delhi Daredevils,Feroz Shah Kotla,Mumbai Indians,Delhi Capitals,Mumbai Indians,0,0.42857142857142855,0.5838926174496645,0.4,0.8,0.4230769230769231,0.25,0,0,-0.15532118887823593,0.47368421052631576,151.6,168.0,-16.400000000000006,152.8,164.8
1082634,6,Hyderabad,2017-05-06,Indian Premier League,male,T20,2017,field,Sunrisers Hyderabad,"""Rajiv Gandhi International Stadium, Uppal""",Rising Pune Supergiants,Sunrisers Hyderabad,Rising Pune Supergiants,0,0.5492957746478874,0.48,0.6,0.8,0.6666666666666666,1.0,1,0,0.06929577464788739,0.3333333333333333,193.6,164.8,28.799999999999983,177.2,150.6
1082636,6,Bangalore,2017-05-07,Indian Premier League,male,T20,2017,field,Kolkata Knight Riders,M Chinnaswamy Stadium,Kolkata Knight Riders,Royal Challengers Bengaluru,Kolkata Knight Riders,0,0.4863013698630137,0.5319148936170213,0.0,0.6,0.49122807017543857,0.5,0,0,-0.04561352375400757,0.47368421052631576,112.0,158.4,-46.400000000000006,145.2,151.6
1082637,6,Chandigarh,2017-05-07,Indian Premier League,male,T20,2017,field,Gujarat Lions,"""Punjab Cricket Association IS Bindra Stadium, Mohali""",Gujarat Lions,Punjab Kings,Gujarat Lions,0,0.4647887323943662,0.46153846153846156,0.6,0.4,0.3333333333333333,1.0,0,0,0.0032502708559046245,0.6666666666666666,154.6,170.8,-16.200000000000017,150.8,178.0
1082638,6,Hyderabad,2017-05-08,Indian Premier League,male,T20,2017,bat,Mumbai Indians,"""Rajiv Gandhi International Stadium, Uppal""",Sunrisers Hyderabad,Sunrisers Hyderabad,Mumbai Indians,1,0.5416666666666666,0.5866666666666667,0.4,0.8,0.6428571428571429,0.6666666666666666,0,0,-0.04500000000000004,0.4444444444444444,182.6,175.0,7.599999999999994,171.6,142.8
1082639,6,Chandigarh,2017-05-09,Indian Premier League,male,T20,2017,field,Kolkata Knight Riders,"""Punjab Cricket Association IS Bindra Stadium, Mohali""",Punjab Kings,Punjab Kings,Kolkata Knight Riders,1,0.46153846153846156,0.5352112676056338,0.6,0.6,0.3,1.0,0,0,-0.07367280606717219,0.3,152.8,164.0,-11.199999999999989,149.4,173.4
1082640,6,Kanpur,2017-05-10,Indian Premier League,male,T20,2017,field,Delhi Daredevils,Green Park,Delhi Capitals,Gujarat Lions,Delhi Capitals,0,0.48148148148148145,0.425531914893617,0.4,0.4,1.0,0.5,0,0,0.05594956658786443,0.3333333333333333,171.6,139.2,32.400000000000006,178.4,166.8
1082641,6,Mumbai,2017-05-11,Indian Premier League,male,T20,2017,field,Mumbai Indians,Wankhede Stadium,Punjab Kings,Mumbai Indians,Punjab Kings,0,0.5827814569536424,0.4652777777777778,0.6,0.6,0.6666666666666666,0.5,1,0,0.11750367917586457,0.5263157894736842,162.8,148.6,14.200000000000017,131.2,147.6
1082642,6,Delhi,2017-05-12,Indian Premier League,male,T20,2017,bat,Delhi Daredevils,Feroz Shah Kotla,Delhi Capitals,Delhi Capitals,Rising Pune Supergiants,1,0.4295774647887324,0.5,0.6,0.8,0.41509433962264153,1.0,0,0,-0.07042253521126762,0.3333333333333333,146.6,162.4,-15.800000000000011,173.6,146.4
1082643,6,Kanpur,2017-05-13,Indian Premier League,male,T20,2017,field,Sunrisers Hyderabad,Green Park,Sunrisers Hyderabad,Gujarat Lions,Sunrisers Hyderabad,0,0.4642857142857143,0.547945205479452,0.4,0.6,0.6666666666666666,0.5,0,0,-0.08365949119373772,0.0,178.2,175.4,2.799999999999983,180.2,163.4
1082644,6,Kolkata,2017-05-13,Indian Premier League,male,T20,2017,field,Kolkata Knight Riders,Eden Gardens,Mumbai Indians,Kolkata Knight Riders,Mumbai Indians,0,0.5314685314685315,0.5789473684210527,0.4,0.4,0.6491228070175439,0.8,1,0,-0.0474788369525212,0.2631578947368421,157.8,179.0,-21.19999999999999,170.4,151.6
1082645,6,Pune,2017-05-14,Indian Premier League,male,T20,2017,field,Rising Pune Supergiant,Maharashtra Cricket Association Stadium,Rising Pune Supergiants,Rising Pune Supergiants,Punjab Kings,1,0.48148148148148145,0.4689655172413793,0.8,0.8,0.4,0.0,0,0,0.012515964240102151,0.3333333333333333,158.2,158.4,-0.20000000000001705,143.2,150.8
1082646,6,Delhi,2017-05-14,Indian Premier League,male,T20,2017,bat,Royal Challengers Bangalore,Feroz Shah Kotla,Royal Challengers Bengaluru,Delhi Capitals,Royal Challengers Bengaluru,0,0.43356643356643354,0.48299319727891155,0.8,0.0,0.42592592592592593,0.6666666666666666,0,0,-0.049426763712478006,0.375,166.8,133.8,33.0,192.2,150.8
1082647,6,Mumbai,2017-05-16,Indian Premier League,male,T20,2017,field,Mumbai Indians,Wankhede Stadium,Rising Pune Supergiants,Mumbai Indians,Rising Pune Supergiants,0,0.5816993464052288,0.5,0.6,0.8,0.6538461538461539,1.0,1,0,0.0816993464052288,0.25,182.2,142.4,39.79999999999998,152.4,138.6
1082648,6,Bangalore,2017-05-17,Indian Premier League,male,T20,2017,field,Kolkata Knight Riders,M Chinnaswamy Stadium,Kolkata Knight Riders,Sunrisers Hyderabad,Kolkata Knight Riders,0,0.5540540540540541,0.5277777777777778,0.6,0.2,0.4,0.5555555555555556,0,0,0.026276276276276267,0.36363636363636365,165.6,158.4,7.199999999999989,158.0,173.0
1082649,6,Bangalore,2017-05-19,Indian Premier League,male,T20,2017,field,Mumbai Indians,M Chinnaswamy Stadium,Mumbai Indians,Mumbai Indians,Kolkata Knight Riders,1,0.577922077922078,0.5310344827586206,0.4,0.4,0.7777777777777778,0.6,1,0,0.04688759516345731,0.75,177.6,135.8,41.79999999999998,152.4,156.8
1082650,6,Hyderabad,2017-05-21,Indian Premier League,male,T20,2017,bat,Mumbai Indians,"""Rajiv Gandhi International Stadium, Uppal""",Mumbai Indians,Mumbai Indians,Rising Pune Supergiants,1,0.5806451612903226,0.5172413793103449,0.4,0.8,0.5714285714285714,1.0,1,1,0.06340378197997776,0.2,157.4,141.4,16.0,160.6,134.8
1136561,6,Mumbai,2018-04-07,Indian Premier League,male,T20,2018,field,Chennai Super Kings,Wankhede Stadium,Chennai Super Kings,Mumbai Indians,Chennai Super Kings,0,0.5833333333333334,0.6076923076923076,0.6,0.4,0.6415094339622641,0.4,0,0,-0.024358974358974272,0.5454545454545454,155.6,143.2,12.400000000000006,158.2,155.6
1136563,6,Kolkata,2018-04-08,Indian Premier League,male,T20,2018,field,Kolkata Knight Riders,Eden Gardens,Kolkata Knight Riders,Royal Challengers Bengaluru,Kolkata Knight Riders,0,0.4864864864864865,0.5273972602739726,0.2,0.4,0.375,0.6379310344827587,0,0,-0.04091077378748609,0.45,139.2,126.2,12.999999999999986,154.0,147.4
1136562,6,Chandigarh,2018-04-08,Indian Premier League,male,T20,2018,field,Kings XI Punjab,Punjab Cricket Association IS Bindra Stadium,Punjab Kings,Delhi Capitals,Punjab Kings,0,0.4305555555555556,0.4657534246575342,0.6,0.6,0.5,0.5,0,0,-0.03519786910197864,0.45,159.2,159.4,-0.20000000000001705,187.4,153.0
1136564,6,Hyderabad,2018-04-09,Indian Premier League,male,T20,2018,field,Sunrisers Hyderabad,Rajiv Gandhi International Stadium,Sunrisers Hyderabad,Rajasthan Royals,Sunrisers Hyderabad,0,0.5350877192982456,0.5466666666666666,0.4,0.4,0.5,0.5,0,0,-0.011578947368421022,0.5714285714285714,167.2,149.4,17.799999999999983,180.6,135.4
1136565,6,Chennai,2018-04-10,Indian Premier League,male,T20,2018,field,Chennai Super Kings,MA Chidambaram Stadium,Chennai Super Kings,Kolkata Knight Riders,Chennai Super Kings,0,0.5306122448979592,0.6106870229007634,0.4,0.6,0.5,0.5,0,0,-0.08007477800280416,0.375,129.8,153.2,-23.399999999999977,151.0,164.6
1136566,6,Jaipur,2018-04-11,Indian Premier League,male,T20,2018,field,Delhi Daredevils,Sawai Mansingh Stadium,Rajasthan Royals,Rajasthan Royals,Delhi Capitals,1,0.5304347826086957,0.42758620689655175,0.2,0.4,0.7272727272727273,0.25,0,0,0.10284857571214395,0.625,154.4,149.6,4.800000000000011,171.0,179.2
1136567,6,Hyderabad,2018-04-12,Indian Premier League,male,T20,2018,field,Sunrisers Hyderabad,Rajiv Gandhi International Stadium,Sunrisers Hyderabad,Mumbai Indians,Sunrisers Hyderabad,0,0.5796178343949044,0.5526315789473685,0.6,0.6,0.5,1.0,0,0,0.026986255447535967,0.5,144.0,137.8,6.199999999999989,146.0,122.6
1136568,6,Bengaluru,2018-04-13,Indian Premier League,male,T20,2018,field,Royal Challengers Bangalore,M.Chinnaswamy Stadium,Royal Challengers Bengaluru,Punjab Kings,Royal Challengers Bengaluru,0,0.46938775510204084,0.48322147651006714,0.6,0.2,0.5,1.0,0,0,-0.0138337214080263,0.6,165.2,155.2,10.0,162.4,158.0
1136570,6,Kolkata,2018-04-14,Indian Premier League,male,T20,2018,field,Sunrisers Hyderabad,Eden Gardens,Sunrisers Hyderabad,Kolkata Knight Riders,Sunrisers Hyderabad,0,0.527027027027027,0.5584415584415584,0.4,0.8,0.6440677966101694,0.0,0,0,-0.03141453141453143,0.6666666666666666,139.6,140.8,-1.200000000000017,158.6,122.4
1136569,6,Mumbai,2018-04-14,Indian Premier League,male,T20,2018,field,Delhi Daredevils,Wankhede Stadium,Delhi Capitals,Mumbai Indians,Delhi Capitals,0,0.5759493670886076,0.4246575342465753,0.4,0.4,0.6296296296296297,0.14285714285714285,0,0,0.15129183284203224,0.55,138.8,148.4,-9.599999999999994,143.4,167.4
1136571,6,Bengaluru,2018-04-15,Indian Premier League,male,T20,2018,field,Royal Challengers Bangalore,M.Chinnaswamy Stadium,Rajasthan Royals,Rajasthan Royals,Royal Challengers Bengaluru,1,0.5344827586206896,0.4866666666666667,0.4,0.4,0.5,1.0,0,0,0.04781609195402292,0.4666666666666667,146.2,154.6,-8.400000000000006,142.8,156.0
1136572,6,Chandigarh,2018-04-15,Indian Premier League,male,T20,2018,field,Chennai Super Kings,Punjab Cricket Association IS Bindra Stadium,Punjab Kings,Punjab Kings,Chennai Super Kings,1,0.46621621621621623,0.6136363636363636,0.6,0.6,1.0,0.5,0,0,-0.14742014742014742,0.375,158.4,167.4,-9.0,155.8,179.0
1136573,6,Kolkata,2018-04-16,Indian Premier League,male,T20,2018,field,Delhi Daredevils,Eden Gardens,Kolkata Knight Riders,Kolkata Knight Riders,Delhi Capitals,1,0.5234899328859061,0.42857142857142855,0.4,0.4,0.6333333333333333,0.14285714285714285,0,0,0.09491850431447751,0.631578947368421,134.4,148.0,-13.599999999999994,151.8,167.2
1136574,6,Mumbai,2018-04-17,Indian Premier League,male,T20,2018,field,Royal Challengers Bangalore,Wankhede Stadium,Mumbai Indians,Mumbai Indians,Royal Challengers Bengaluru,1,0.5723270440251572,0.48344370860927155,0.4,0.4,0.6181818181818182,0.375,0,0,0.08888333541588567,0.6190476190476191,149.2,170.4,-21.200000000000017,150.0,171.8
1136575,6,Jaipur,2018-04-18,Indian Premier League,male,T20,2018,field,Kolkata Knight Riders,Sawai Mansingh Stadium,Kolkata Knight Riders,Rajasthan Royals,Kolkata Knight Riders,0,0.5384615384615384,0.5266666666666666,0.6,0.4,0.7352941176470589,0.25,0,0,0.01179487179487182,0.5384615384615384,160.6,164.8,-4.200000000000017,151.0,152.0
1136576,6,Chandigarh,2018-04-19,Indian Premier League,male,T20,2018,bat,Kings XI Punjab,Punjab Cricket Association IS Bindra Stadium,Punjab Kings,Punjab Kings,Sunrisers Hyderabad,1,0.4697986577181208,0.5641025641025641,0.6,0.8,1.0,0.5,0,0,-0.0943039063844433,0.2,164.4,140.6,23.80000000000001,163.8,122.4
1136577,6,Pune,2018-04-20,Indian Premier League,male,T20,2018,field,Rajasthan Royals,Maharashtra Cricket Association Stadium,Chennai Super Kings,Chennai Super Kings,Rajasthan Royals,1,0.6090225563909775,0.5338983050847458,0.6,0.4,0.5,0.5,0,0,0.07512425130623168,0.6470588235294118,173.6,152.8,20.799999999999983,181.0,145.6
1136578,6,Kolkata,2018-04-21,Indian Premier League,male,T20,2018,field,Kings XI Punjab,Eden Gardens,Punjab Kings,Kolkata Knight Riders,Punjab Kings,0,0.5298013245033113,0.47333333333333333,0.6,0.6,0.639344262295082,0.2222222222222222,0,0,0.05646799116997797,0.6666666666666666,176.0,157.0,19.0,161.8,154.8
1136579,6,Bengaluru,2018-04-21,Indian Premier League,male,T20,2018,field,Royal Challengers Bangalore,M.Chinnaswamy Stadium,Royal Challengers Bengaluru,Delhi Capitals,Royal Challengers Bengaluru,0,0.42567567567567566,0.48026315789473684,0.2,0.4,0.0,0.6666666666666666,0,0,-0.05458748221906118,0.35294117647058826,140.2,172.2,-32.0,175.0,182.6
1136580,6,Hyderabad,2018-04-22,Indian Premier League,male,T20,2018,field,Sunrisers Hyderabad,Rajiv Gandhi International Stadium,Chennai Super Kings,Chennai Super Kings,Sunrisers Hyderabad,1,0.6119402985074627,0.5569620253164557,0.6,0.6,0.5,1.0,0,0,0.05497827319100701,0.6666666666666666,186.4,144.6,41.80000000000001,181.2,130.2
1136581,6,Jaipur,2018-04-22,Indian Premier League,male,T20,2018,bat,Mumbai Indians,Sawai Mansingh Stadium,Rajasthan Royals,Mumbai Indians,Rajasthan Royals,0,0.575,0.5294117647058824,0.4,0.4,0.4,0.7142857142857143,1,1,0.045588235294117596,0.625,169.6,159.0,10.599999999999994,162.0,150.4
1136582,6,Delhi,2018-04-23,Indian Premier League,male,T20,2018,field,Delhi Daredevils,Arun Jaitley Stadium,Punjab Kings,Punjab Kings,Delhi Capitals,1,0.4768211920529801,0.4228187919463087,0.8,0.2,0.5,0.5,0,0,0.0540024001066714,0.5714285714285714,167.6,144.8,22.799999999999983,177.4,178.0
1136583,6,Mumbai,2018-04-24,Indian Premier League,male,T20,2018,field,Mumbai Indians,Wankhede Stadium,Sunrisers Hyderabad,Sunrisers Hyderabad,Mumbai Indians,1,0.55,0.5714285714285714,0.6,0.2,0.0,0.625,0,0,-0.021428571428571352,0.5454545454545454,154.6,177.2,-22.599999999999994,157.0,170.0
1136584,6,Bengaluru,2018-04-25,Indian Premier League,male,T20,2018,field,Chennai Super Kings,M.Chinnaswamy Stadium,Chennai Super Kings,Royal Challengers Bengaluru,Chennai Super Kings,0,0.48366013071895425,0.6148148148148148,0.4,0.8,0.75,0.5,0,0,-0.13115468409586056,0.3684210526315789,175.2,190.6,-15.400000000000006,187.2,176.4
1136585,6,Hyderabad,2018-04-26,Indian Premier League,male,T20,2018,field,Kings XI Punjab,Rajiv Gandhi International Stadium,Sunrisers Hyderabad,Sunrisers Hyderabad,Punjab Kings,1,0.5555555555555556,0.48026315789473684,0.6,0.8,0.6666666666666666,0.5,0,0,0.07529239766081874,0.7272727272727273,152.8,162.8,-10.0,149.4,172.0
1136586,6,Delhi,2018-04-27,Indian Premier League,male,T20,2018,field,Kolkata Knight Riders,Arun Jaitley Stadium,Delhi Capitals,Delhi Capitals,Kolkata Knight Riders,1,0.42,0.5263157894736842,0.2,0.4,0.0,0.5,0,0,-0.1063157894736842,0.35,139.4,178.8,-39.400000000000006,173.2,151.8
1136587,6,Pune,2018-04-28,Indian Premier League,male,T20,2018,field,Mumbai Indians,Maharashtra Cricket Association Stadium,Mumbai Indians,Chennai Super Kings,Mumbai Indians,0,0.6176470588235294,0.5679012345679012,0.8,0.2,1.0,0.5,0,0,0.049745824255628235,0.4782608695652174,198.2,161.6,36.599999999999994,184.4,159.8
1136589,6,Bengaluru,2018-04-29,Indian Premier League,male,T20,2018,field,Kolkata Knight Riders,M.Chinnaswamy Stadium,Kolkata Knight Riders,Royal Challengers Bengaluru,Kolkata Knight Riders,0,0.4805194805194805,0.5228758169934641,0.4,0.4,0.6,0.5,0,0,-0.04235633647398357,0.42857142857142855,181.0,171.2,9.800000000000011,193.2,154.6
1136588,6,Jaipur,2018-04-29,Indian Premier League,male,T20,2018,bat,Sunrisers Hyderabad,Sawai Mansingh Stadium,Sunrisers Hyderabad,Sunrisers Hyderabad,Rajasthan Royals,1,0.5609756097560976,0.5333333333333333,0.6,0.6,0.0,0.7222222222222222,1,1,0.02764227642276429,0.5,149.0,167.6,-18.599999999999994,143.8,158.4
1136590,6,Pune,2018-04-30,Indian Premier League,male,T20,2018,field,Delhi Daredevils,Maharashtra Cricket Association Stadium,Chennai Super Kings,Chennai Super Kings,Delhi Capitals,1,0.6131386861313869,0.423841059602649,0.6,0.4,0.5,1.0,0,0,0.18929762652873788,0.6875,191.0,171.2,19.80000000000001,178.0,175.4
1136591,6,Bengaluru,2018-05-01,Indian Premier League,male,T20,2018,field,Mumbai Indians,M.Chinnaswamy Stadium,Royal Challengers Bengaluru,Royal Challengers Bengaluru,Mumbai Indians,1,0.4774193548387097,0.5705521472392638,0.2,0.4,0.5,0.5,0,0,-0.09313279240055417,0.36363636363636365,184.2,166.2,18.0,197.4,163.4
1136592,6,Delhi,2018-05-02,Indian Premier League,male,T20,2018,field,Rajasthan Royals,Arun Jaitley Stadium,Delhi Capitals,Delhi Capitals,Rajasthan Royals,1,0.42105263157894735,0.5289256198347108,0.2,0.4,0.5,0.5,0,0,-0.10787298825576341,0.35294117647058826,171.8,165.0,6.800000000000011,178.8,176.6
1136593,6,Kolkata,2018-05-03,Indian Premier League,male,T20,2018,field,Kolkata Knight Riders,Eden Gardens,Kolkata Knight Riders,Chennai Super Kings,Kolkata Knight Riders,0,0.6159420289855072,0.525974025974026,0.8,0.6,0.4444444444444444,0.6290322580645161,0,0,0.08996800301148122,0.6470588235294118,194.6,178.8,15.799999999999983,178.2,161.8
1136594,6,Indore,2018-05-04,Indian Premier League,male,T20,2018,field,Mumbai Indians,Holkar Cricket Stadium,Mumbai Indians,Punjab Kings,Mumbai Indians,0,0.477124183006536,0.5670731707317073,0.8,0.4,0.75,1.0,0,0,-0.08994898772517129,0.5,155.6,158.0,-2.4000000000000057,166.6,157.8
1136595,6,Pune,2018-05-05,Indian Premier League,male,T20,2018,field,Chennai Super Kings,Maharashtra Cricket Association Stadium,Chennai Super Kings,Royal Challengers Bengaluru,Chennai Super Kings,0,0.4807692307692308,0.6115107913669064,0.4,0.6,0.6666666666666666,0.6666666666666666,0,0,-0.13074156059767567,0.35,178.0,189.2,-11.199999999999989,184.6,186.2
1136596,6,Hyderabad,2018-05-05,Indian Premier League,male,T20,2018,bat,Delhi Daredevils,Rajiv Gandhi International Stadium,Sunrisers Hyderabad,Delhi Capitals,Sunrisers Hyderabad,0,0.42483660130718953,0.5662650602409639,0.4,0.6,0.5,0.75,0,0,-0.14142845893377437,0.4,185.2,151.4,33.79999999999998,168.0,144.2
1136597,6,Mumbai,2018-05-06,Indian Premier League,male,T20,2018,field,Kolkata Knight Riders,Wankhede Stadium,Mumbai Indians,Mumbai Indians,Kolkata Knight Riders,1,0.5696969696969697,0.5290322580645161,0.4,0.6,0.6140350877192983,0.14285714285714285,0,0,0.040664711632453554,0.7619047619047619,150.6,174.8,-24.200000000000017,159.2,171.4
1136598,6,Indore,2018-05-06,Indian Premier League,male,T20,2018,field,Kings XI Punjab,Holkar Cricket Stadium,Punjab Kings,Rajasthan Royals,Punjab Kings,0,0.5245901639344263,0.474025974025974,0.2,0.6,0.0,0.6,0,0,0.05056418990845224,0.6428571428571429,150.8,151.0,-0.19999999999998863,176.2,163.2
1136599,6,Hyderabad,2018-05-07,Indian Premier League,male,T20,2018,field,Royal Challengers Bangalore,Rajiv Gandhi International Stadium,Sunrisers Hyderabad,Sunrisers Hyderabad,Royal Challengers Bengaluru,1,0.5714285714285714,0.47770700636942676,0.8,0.4,0.8,0.5,0,0,0.09372156505914464,0.5555555555555556,148.6,170.0,-21.400000000000006,138.2,167.6
1136600,6,Jaipur,2018-05-08,Indian Premier League,male,T20,2018,bat,Rajasthan Royals,Sawai Mansingh Stadium,Rajasthan Royals,Rajasthan Royals,Punjab Kings,1,0.5203252032520326,0.4774193548387097,0.2,0.6,0.7027027027027027,0.0,1,1,0.0429058484133229,0.6,149.2,143.4,5.799999999999983,174.6,158.0
1136601,6,Kolkata,2018-05-09,Indian Premier League,male,T20,2018,field,Kolkata Knight Riders,Eden Gardens,Mumbai Indians,Mumbai Indians,Kolkata Knight Riders,1,0.572289156626506,0.5256410256410257,0.6,0.4,0.8181818181818182,0.6349206349206349,0,0,0.046648130985480374,0.7727272727272727,153.4,175.8,-22.400000000000006,159.2,175.6
1136602,6,Delhi,2018-05-10,Indian Premier League,male,T20,2018,bat,Delhi Daredevils,Arun Jaitley Stadium,Sunrisers Hyderabad,Delhi Capitals,Sunrisers Hyderabad,0,0.42207792207792205,0.5764705882352941,0.4,1.0,0.6666666666666666,0.5,0,0,-0.15439266615737202,0.36363636363636365,183.0,142.2,40.80000000000001,165.6,130.0
1136603,6,Jaipur,2018-05-11,Indian Premier League,male,T20,2018,bat,Chennai Super Kings,Sawai Mansingh Stadium,Rajasthan Royals,Chennai Super Kings,Rajasthan Royals,0,0.6142857142857143,0.5241935483870968,0.6,0.4,0.5,0.7105263157894737,1,1,0.09009216589861757,0.6666666666666666,178.4,152.8,25.599999999999994,176.0,162.4
1136604,6,Indore,2018-05-12,Indian Premier League,male,T20,2018,field,Kings XI Punjab,Holkar Cricket Stadium,Kolkata Knight Riders,Kolkata Knight Riders,Punjab Kings,1,0.5222929936305732,0.47435897435897434,0.4,0.4,0.5,0.6666666666666666,0,0,0.047934019271598904,0.6363636363636364,159.2,146.8,12.399999999999977,192.4,151.4
1136605,6,Delhi,2018-05-12,Indian Premier League,male,T20,2018,field,Royal Challengers Bangalore,Arun Jaitley Stadium,Royal Challengers Bengaluru,Delhi Capitals,Royal Challengers Bengaluru,0,0.41935483870967744,0.47468354430379744,0.4,0.2,0.5,0.5,0,0,-0.05532870559412001,0.3333333333333333,192.6,163.0,29.599999999999994,175.2,162.0
1136606,6,Pune,2018-05-13,Indian Premier League,male,T20,2018,field,Chennai Super Kings,Maharashtra Cricket Association Stadium,Chennai Super Kings,Sunrisers Hyderabad,Chennai Super Kings,0,0.5813953488372093,0.6099290780141844,1.0,0.4,0.5,0.75,0,0,-0.028533729176975053,0.2857142857142857,156.8,172.2,-15.399999999999977,150.0,170.4
1136607,6,Mumbai,2018-05-13,Indian Premier League,male,T20,2018,field,Rajasthan Royals,Wankhede Stadium,Rajasthan Royals,Mumbai Indians,Rajasthan Royals,0,0.5748502994011976,0.528,0.8,0.4,0.6206896551724138,0.3333333333333333,0,0,0.04685029940119756,0.5882352941176471,178.0,154.6,23.400000000000006,157.2,164.2
1136608,6,Indore,2018-05-14,Indian Premier League,male,T20,2018,field,Royal Challengers Bangalore,Holkar Cricket Stadium,Royal Challengers Bengaluru,Punjab Kings,Royal Challengers Bengaluru,0,0.4713375796178344,0.4779874213836478,0.2,0.4,0.5714285714285714,0.0,0,0,-0.006649841765813402,0.5714285714285714,161.0,159.4,1.5999999999999943,172.6,156.8
1136609,6,Kolkata,2018-05-15,Indian Premier League,male,T20,2018,field,Kolkata Knight Riders,Eden Gardens,Kolkata Knight Riders,Rajasthan Royals,Kolkata Knight Riders,0,0.5317460317460317,0.5253164556962026,0.6,0.6,0.16666666666666666,0.625,0,0,0.006429576049829189,0.5,160.8,175.4,-14.599999999999994,167.6,191.4
1136610,6,Mumbai,2018-05-16,Indian Premier League,male,T20,2018,field,Kings XI Punjab,Wankhede Stadium,Mumbai Indians,Mumbai Indians,Punjab Kings,1,0.5714285714285714,0.46835443037974683,0.6,0.2,0.6101694915254238,0.5555555555555556,0,0,0.10307414104882456,0.5238095238095238,177.6,154.8,22.799999999999983,157.6,164.6
1136611,6,Bengaluru,2018-05-17,Indian Premier League,male,T20,2018,field,Sunrisers Hyderabad,M.Chinnaswamy Stadium,Royal Challengers Bengaluru,Royal Challengers Bengaluru,Sunrisers Hyderabad,1,0.48125,0.5747126436781609,0.6,0.8,0.5714285714285714,0.5,0,0,-0.09346264367816087,0.4,142.8,166.2,-23.399999999999977,139.2,162.2
1136612,6,Delhi,2018-05-18,Indian Premier League,male,T20,2018,field,Chennai Super Kings,Arun Jaitley Stadium,Delhi Capitals,Delhi Capitals,Chennai Super Kings,1,0.4166666666666667,0.6126760563380281,0.2,0.6,0.4,0.5,0,0,-0.19600938967136144,0.29411764705882354,185.0,174.4,10.599999999999994,179.8,172.2
1136613,6,Jaipur,2018-05-19,Indian Premier League,male,T20,2018,bat,Rajasthan Royals,Sawai Mansingh Stadium,Rajasthan Royals,Rajasthan Royals,Royal Challengers Bengaluru,1,0.5275590551181102,0.484472049689441,0.6,0.6,0.717948717948718,0.6,1,1,0.04308700542866917,0.5,160.0,153.0,7.0,157.4,149.4
1136614,6,Hyderabad,2018-05-19,Indian Premier League,male,T20,2018,bat,Sunrisers Hyderabad,Rajiv Gandhi International Stadium,Kolkata Knight Riders,Sunrisers Hyderabad,Kolkata Knight Riders,0,0.5681818181818182,0.5283018867924528,0.6,0.6,0.8333333333333334,0.5,1,1,0.03987993138936541,0.38461538461538464,176.8,169.2,7.600000000000023,177.8,184.8
1136615,6,Delhi,2018-05-20,Indian Premier League,male,T20,2018,bat,Delhi Daredevils,Arun Jaitley Stadium,Delhi Capitals,Delhi Capitals,Mumbai Indians,1,0.42038216560509556,0.5739644970414202,0.4,0.8,0.5,0.5,0,0,-0.1535823314363246,0.47619047619047616,177.8,184.2,-6.399999999999977,163.2,160.8
1136616,6,Pune,2018-05-20,Indian Premier League,male,T20,2018,field,Chennai Super Kings,Maharashtra Cricket Association Stadium,Chennai Super Kings,Punjab Kings,Chennai Super Kings,0,0.46540880503144655,0.6083916083916084,0.2,0.4,0.0,0.8,0,0,-0.1429828033601619,0.4117647058823529,156.6,157.8,-1.200000000000017,166.6,165.0
1136617,6,Mumbai,2018-05-22,Indian Premier League,male,T20,2018,field,Chennai Super Kings,Wankhede Stadium,Chennai Super Kings,Sunrisers Hyderabad,Chennai Super Kings,0,0.5617977528089888,0.6111111111111112,0.4,0.6,0.25,0.45454545454545453,0,0,-0.049313358302122356,0.25,178.4,154.2,24.200000000000017,179.8,159.6
1136618,6,Kolkata,2018-05-23,Indian Premier League,male,T20,2018,field,Rajasthan Royals,Eden Gardens,Kolkata Knight Riders,Kolkata Knight Riders,Rajasthan Royals,1,0.53125,0.53125,0.6,0.8,0.6307692307692307,0.14285714285714285,0,0,0.0,0.5333333333333333,167.8,162.4,5.400000000000006,183.8,153.2
1136619,6,Kolkata,2018-05-25,Indian Premier League,male,T20,2018,field,Kolkata Knight Riders,Eden Gardens,Sunrisers Hyderabad,Sunrisers Hyderabad,Kolkata Knight Riders,1,0.5555555555555556,0.5341614906832298,0.2,0.8,0.16666666666666666,0.6363636363636364,0,0,0.021394064872325758,0.35714285714285715,177.0,168.0,9.0,179.6,176.4
1136620,6,Mumbai,2018-05-27,Indian Premier League,male,T20,2018,field,Chennai Super Kings,Wankhede Stadium,Chennai Super Kings,Sunrisers Hyderabad,Chennai Super Kings,0,0.5604395604395604,0.6137931034482759,0.2,0.6,0.2,0.5,0,0,-0.05335354300871542,0.2222222222222222,173.6,156.6,17.0,174.2,162.0
1175356,6,Chennai,2019-03-23,Indian Premier League,male,T20,2019,field,Chennai Super Kings,MA Chidambaram Stadium,Chennai Super Kings,Royal Challengers Bengaluru,Chennai Super Kings,0,0.48148148148148145,0.6164383561643836,0.6,0.8,0.5,1.0,0,0,-0.13495687468290213,0.3333333333333333,154.4,157.6,-3.1999999999999886,156.6,162.2
1175357,6,Kolkata,2019-03-24,Indian Premier League,male,T20,2019,field,Kolkata Knight Riders,Eden Gardens,Kolkata Knight Riders,Sunrisers Hyderabad,Kolkata Knight Riders,0,0.5543478260869565,0.5308641975308642,0.2,0.8,0.2857142857142857,0.6268656716417911,0,0,0.023483628556092317,0.4,173.4,178.4,-5.0,174.4,169.2
1175358,6,Mumbai,2019-03-24,Indian Premier League,male,T20,2019,field,Mumbai Indians,Wankhede Stadium,Delhi Capitals,Delhi Capitals,Mumbai Indians,1,0.4240506329113924,0.5705882352941176,0.4,0.6,0.25,0.6166666666666667,0,0,-0.14653760238272523,0.5,173.4,181.6,-8.199999999999989,166.6,160.8
1175359,6,Jaipur,2019-03-25,Indian Premier League,male,T20,2019,field,Rajasthan Royals,Sawai Mansingh Stadium,Punjab Kings,Punjab Kings,Rajasthan Royals,1,0.4625,0.5271317829457365,0.0,0.6,0.0,0.725,0,0,-0.06463178294573646,0.375,156.2,159.6,-3.4000000000000057,168.0,158.4
1175360,6,Delhi,2019-03-26,Indian Premier League,male,T20,2019,bat,Delhi Capitals,Arun Jaitley Stadium,Chennai Super Kings,Delhi Capitals,Chennai Super Kings,0,0.4276729559748428,0.6190476190476191,0.6,0.8,0.5714285714285714,0.0,1,1,-0.19137466307277629,0.3333333333333333,183.4,135.8,47.599999999999994,169.0,140.4
1175361,6,Kolkata,2019-03-27,Indian Premier League,male,T20,2019,field,Kings XI Punjab,Eden Gardens,Kolkata Knight Riders,Kolkata Knight Riders,Punjab Kings,1,0.5337423312883436,0.4658385093167702,0.8,0.2,0.6323529411764706,0.3,0,0,0.06790382197157341,0.6521739130434783,166.0,164.4,1.5999999999999943,162.6,170.4
1175362,6,Bengaluru,2019-03-28,Indian Premier League,male,T20,2019,field,Royal Challengers Bangalore,M.Chinnaswamy Stadium,Mumbai Indians,Mumbai Indians,Royal Challengers Bengaluru,1,0.5672514619883041,0.4785276073619632,0.4,0.6,0.0,0.625,0,0,0.08872385462634091,0.6086956521739131,180.6,140.2,40.400000000000006,169.8,141.6
1175363,6,Hyderabad,2019-03-29,Indian Premier League,male,T20,2019,bat,Rajasthan Royals,Rajiv Gandhi International Stadium,Sunrisers Hyderabad,Rajasthan Royals,Sunrisers Hyderabad,0,0.5230769230769231,0.5483870967741935,0.4,0.2,0.0,0.7142857142857143,1,1,-0.0253101736972704,0.4444444444444444,158.2,168.8,-10.600000000000023,160.0,167.4
1175364,6,Chandigarh,2019-03-30,Indian Premier League,male,T20,2019,field,Kings XI Punjab,Punjab Cricket Association IS Bindra Stadium,Punjab Kings,Mumbai Indians,Punjab Kings,0,0.5697674418604651,0.46296296296296297,0.4,0.2,0.5,1.0,0,0,0.10680447889750216,0.5454545454545454,176.0,159.6,16.400000000000006,184.4,165.0
1175366,6,Hyderabad,2019-03-31,Indian Premier League,male,T20,2019,field,Royal Challengers Bangalore,Rajiv Gandhi International Stadium,Sunrisers Hyderabad,Sunrisers Hyderabad,Royal Challengers Bengaluru,1,0.5531914893617021,0.47560975609756095,0.4,0.4,0.75,0.0,0,0,0.0775817332641412,0.5454545454545454,174.6,139.0,35.599999999999994,172.4,142.8
1175367,6,Chennai,2019-03-31,Indian Premier League,male,T20,2019,field,Rajasthan Royals,MA Chidambaram Stadium,Chennai Super Kings,Chennai Super Kings,Rajasthan Royals,1,0.6216216216216216,0.5190839694656488,1.0,0.2,1.0,0.5,0,0,0.10253765215597277,0.631578947368421,140.2,163.6,-23.400000000000006,137.4,166.6
1175368,6,Chandigarh,2019-04-01,Indian Premier League,male,T20,2019,field,Delhi Capitals,Punjab Cricket Association IS Bindra Stadium,Punjab Kings,Punjab Kings,Delhi Capitals,1,0.4662576687116564,0.425,0.4,0.6,1.0,0.0,0,0,0.041257668711656426,0.5909090909090909,177.4,175.4,2.0,181.8,160.8
1175369,6,Jaipur,2019-04-02,Indian Premier League,male,T20,2019,field,Rajasthan Royals,Sawai Mansingh Stadium,Rajasthan Royals,Royal Challengers Bengaluru,Rajasthan Royals,0,0.4727272727272727,0.5151515151515151,0.2,0.2,0.5,0.7073170731707317,0,0,-0.04242424242424242,0.47058823529411764,143.2,168.6,-25.400000000000006,171.4,172.6
1175370,6,Mumbai,2019-04-03,Indian Premier League,male,T20,2019,field,Chennai Super Kings,Wankhede Stadium,Mumbai Indians,Mumbai Indians,Chennai Super Kings,1,0.5664739884393064,0.6241610738255033,0.4,1.0,0.6065573770491803,0.5384615384615384,0,0,-0.057687085386196935,0.5416666666666666,177.6,143.4,34.19999999999999,185.6,140.2
1175371,6,Delhi,2019-04-04,Indian Premier League,male,T20,2019,field,Sunrisers Hyderabad,Arun Jaitley Stadium,Sunrisers Hyderabad,Delhi Capitals,Sunrisers Hyderabad,0,0.422360248447205,0.5578947368421052,0.6,0.6,0.5,1.0,0,0,-0.13553448839490023,0.3333333333333333,169.6,193.0,-23.400000000000006,156.6,167.0
1175372,6,Bengaluru,2019-04-05,Indian Premier League,male,T20,2019,field,Kolkata Knight Riders,M.Chinnaswamy Stadium,Kolkata Knight Riders,Royal Challengers Bengaluru,Kolkata Knight Riders,0,0.46987951807228917,0.5365853658536586,0.0,0.8,0.5555555555555556,1.0,0,0,-0.0667058477813694,0.4090909090909091,131.2,180.6,-49.400000000000006,163.4,172.2
1178394,6,Hyderabad,2019-04-06,Indian Premier League,male,T20,2019,field,Sunrisers Hyderabad,Rajiv Gandhi International Stadium,Mumbai Indians,Mumbai Indians,Sunrisers Hyderabad,1,0.5689655172413793,0.5625,0.4,0.6,0.0,0.7777777777777778,0,0,0.006465517241379337,0.4166666666666667,174.4,184.4,-10.0,175.6,160.8
1178393,6,Chennai,2019-04-06,Indian Premier League,male,T20,2019,bat,Chennai Super Kings,MA Chidambaram Stadium,Chennai Super Kings,Chennai Super Kings,Punjab Kings,1,0.62,0.4695121951219512,0.8,0.6,1.0,0.5,1,1,0.1504878048780488,0.6111111111111112,142.0,174.0,-32.0,146.4,175.0
1178395,6,Bengaluru,2019-04-07,Indian Premier League,male,T20,2019,field,Delhi Capitals,M.Chinnaswamy Stadium,Delhi Capitals,Royal Challengers Bengaluru,Delhi Capitals,0,0.46706586826347307,0.41975308641975306,0.0,0.4,0.5,0.0,0,0,0.04731278184372001,0.6842105263157895,145.4,163.0,-17.599999999999994,171.8,157.2
1178396,6,Jaipur,2019-04-07,Indian Premier League,male,T20,2019,field,Kolkata Knight Riders,Sawai Mansingh Stadium,Kolkata Knight Riders,Rajasthan Royals,Kolkata Knight Riders,0,0.518796992481203,0.5393939393939394,0.2,0.8,0.7142857142857143,0.4,0,0,-0.02059694691273639,0.4375,168.6,187.2,-18.599999999999994,177.4,178.8
1178397,6,Chandigarh,2019-04-08,Indian Premier League,male,T20,2019,field,Kings XI Punjab,Punjab Cricket Association IS Bindra Stadium,Punjab Kings,Sunrisers Hyderabad,Punjab Kings,0,0.5567010309278351,0.4666666666666667,0.6,0.6,0.0,1.0,0,0,0.0900343642611684,0.75,168.0,171.0,-3.0,151.8,175.2
1178398,6,Chennai,2019-04-09,Indian Premier League,male,T20,2019,field,Chennai Super Kings,MA Chidambaram Stadium,Chennai Super Kings,Kolkata Knight Riders,Chennai Super Kings,0,0.5421686746987951,0.6225165562913907,0.8,0.8,0.0,1.0,0,0,-0.08034788159259554,0.3888888888888889,181.4,137.8,43.599999999999994,177.8,138.4
1178399,6,Mumbai,2019-04-10,Indian Premier League,male,T20,2019,field,Mumbai Indians,Wankhede Stadium,Mumbai Indians,Punjab Kings,Mumbai Indians,0,0.46987951807228917,0.5714285714285714,0.6,0.6,0.5,0.6129032258064516,0,0,-0.10154905335628223,0.4782608695652174,164.4,169.0,-4.599999999999994,171.2,160.0
1178400,6,Jaipur,2019-04-11,Indian Premier League,male,T20,2019,field,Chennai Super Kings,Sawai Mansingh Stadium,Chennai Super Kings,Rajasthan Royals,Chennai Super Kings,0,0.5149253731343284,0.625,0.2,0.8,0.6976744186046512,0.4,0,0,-0.1100746268656716,0.35,167.6,145.8,21.799999999999983,171.6,146.0
1178401,6,Kolkata,2019-04-12,Indian Premier League,male,T20,2019,field,Delhi Capitals,Eden Gardens,Delhi Capitals,Kolkata Knight Riders,Delhi Capitals,0,0.5389221556886228,0.4233128834355828,0.8,0.4,0.6376811594202898,0.125,0,0,0.11560927225303996,0.6190476190476191,171.0,158.6,12.400000000000006,165.2,154.4
1178402,6,Mumbai,2019-04-13,Indian Premier League,male,T20,2019,field,Rajasthan Royals,Wankhede Stadium,Rajasthan Royals,Mumbai Indians,Rajasthan Royals,0,0.5738636363636364,0.5111111111111111,0.8,0.2,0.6190476190476191,0.42857142857142855,0,0,0.06275252525252528,0.5555555555555556,173.4,163.8,9.599999999999994,156.8,165.8
1178403,6,Chandigarh,2019-04-13,Indian Premier League,male,T20,2019,field,Royal Challengers Bangalore,Punjab Cricket Association IS Bindra Stadium,Royal Challengers Bengaluru,Punjab Kings,Royal Challengers Bengaluru,0,0.46706586826347307,0.4642857142857143,0.6,0.0,1.0,0.5,0,0,0.0027801539777587703,0.5454545454545454,165.8,161.2,4.600000000000023,167.2,188.0
1178405,6,Hyderabad,2019-04-14,Indian Premier League,male,T20,2019,field,Sunrisers Hyderabad,Rajiv Gandhi International Stadium,Delhi Capitals,Delhi Capitals,Sunrisers Hyderabad,1,0.4268292682926829,0.5510204081632653,0.4,0.6,0.0,0.7,0,0,-0.12419113987058233,0.3076923076923077,152.0,161.8,-9.800000000000011,154.8,145.4
1178404,6,Kolkata,2019-04-14,Indian Premier League,male,T20,2019,field,Chennai Super Kings,Eden Gardens,Chennai Super Kings,Kolkata Knight Riders,Chennai Super Kings,0,0.5357142857142857,0.6274509803921569,0.6,0.8,0.6285714285714286,0.4,0,0,-0.09173669467787116,0.3684210526315789,170.0,146.8,23.19999999999999,165.0,146.8
1178406,6,Mumbai,2019-04-15,Indian Premier League,male,T20,2019,field,Mumbai Indians,Wankhede Stadium,Mumbai Indians,Royal Challengers Bengaluru,Mumbai Indians,0,0.46745562130177515,0.5706214689265536,0.2,0.6,0.3333333333333333,0.609375,0,0,-0.10316584762477848,0.375,159.8,173.4,-13.599999999999994,185.2,158.2
1178407,6,Chandigarh,2019-04-16,Indian Premier League,male,T20,2019,field,Rajasthan Royals,Punjab Cricket Association IS Bindra Stadium,Punjab Kings,Punjab Kings,Rajasthan Royals,1,0.4642857142857143,0.5147058823529411,0.4,0.4,0.8571428571428571,0.5,0,0,-0.05042016806722682,0.4117647058823529,165.0,161.8,3.1999999999999886,166.8,163.0
1178408,6,Hyderabad,2019-04-17,Indian Premier League,male,T20,2019,bat,Chennai Super Kings,Rajiv Gandhi International Stadium,Sunrisers Hyderabad,Chennai Super Kings,Sunrisers Hyderabad,0,0.6298701298701299,0.5454545454545454,0.8,0.4,1.0,0.6363636363636364,1,1,0.0844155844155845,0.8,144.2,144.8,-0.6000000000000227,145.6,136.8
1178409,6,Delhi,2019-04-18,Indian Premier League,male,T20,2019,bat,Mumbai Indians,Arun Jaitley Stadium,Mumbai Indians,Mumbai Indians,Delhi Capitals,1,0.5730337078651685,0.4303030303030303,0.8,0.6,0.0,0.4444444444444444,1,1,0.1427306775621382,0.4782608695652174,172.6,153.6,19.0,157.0,148.0
1178410,6,Kolkata,2019-04-19,Indian Premier League,male,T20,2019,field,Kolkata Knight Riders,Eden Gardens,Royal Challengers Bengaluru,Royal Challengers Bengaluru,Kolkata Knight Riders,1,0.4647058823529412,0.5325443786982249,0.2,0.4,0.3333333333333333,0.6197183098591549,0,0,-0.06783849634528372,0.391304347826087,171.4,158.6,12.800000000000011,173.4,159.4
1178412,6,Delhi,2019-04-20,Indian Premier League,male,T20,2019,field,Delhi Capitals,Arun Jaitley Stadium,Delhi Capitals,Punjab Kings,Delhi Capitals,0,0.46745562130177515,0.42771084337349397,0.4,0.6,1.0,0.4,0,0,0.03974477792828118,0.6086956521739131,168.2,148.8,19.399999999999977,170.4,148.4
1178411,6,Jaipur,2019-04-20,Indian Premier League,male,T20,2019,field,Rajasthan Royals,Sawai Mansingh Stadium,Rajasthan Royals,Mumbai Indians,Rajasthan Royals,0,0.5754189944134078,0.5109489051094891,0.8,0.4,0.3333333333333333,0.6818181818181818,0,0,0.06447008930391873,0.5263157894736842,172.2,162.4,9.799999999999983,156.0,164.4
1178414,6,Bengaluru,2019-04-21,Indian Premier League,male,T20,2019,field,Chennai Super Kings,M.Chinnaswamy Stadium,Royal Challengers Bengaluru,Royal Challengers Bengaluru,Chennai Super Kings,1,0.4678362573099415,0.6258064516129033,0.4,0.8,0.45454545454545453,1.0,0,0,-0.15797019430296178,0.3181818181818182,182.4,144.0,38.400000000000006,181.2,139.0
1178413,6,Hyderabad,2019-04-21,Indian Premier League,male,T20,2019,field,Sunrisers Hyderabad,Rajiv Gandhi International Stadium,Sunrisers Hyderabad,Kolkata Knight Riders,Sunrisers Hyderabad,0,0.5294117647058824,0.55,0.2,0.4,1.0,0.6666666666666666,0,0,-0.020588235294117685,0.625,158.0,126.0,32.0,161.0,140.6
1178415,6,Jaipur,2019-04-22,Indian Premier League,male,T20,2019,field,Delhi Capitals,Sawai Mansingh Stadium,Delhi Capitals,Rajasthan Royals,Delhi Capitals,0,0.5144927536231884,0.4311377245508982,0.4,0.8,0.6888888888888889,0.2,0,0,0.08335502907229014,0.6111111111111112,162.0,156.2,5.800000000000011,165.0,154.8
1178416,6,Chennai,2019-04-23,Indian Premier League,male,T20,2019,field,Chennai Super Kings,MA Chidambaram Stadium,Chennai Super Kings,Sunrisers Hyderabad,Chennai Super Kings,0,0.5544554455445545,0.6217948717948718,0.4,0.6,0.5,1.0,0,0,-0.0673394262503173,0.2727272727272727,132.0,144.0,-12.0,146.6,143.6
1178417,6,Bengaluru,2019-04-24,Indian Premier League,male,T20,2019,field,Kings XI Punjab,M.Chinnaswamy Stadium,Royal Challengers Bengaluru,Royal Challengers Bengaluru,Punjab Kings,1,0.47093023255813954,0.4647058823529412,0.6,0.4,0.5,0.0,0,0,0.006224350205198348,0.4782608695652174,173.6,173.2,0.4000000000000057,172.0,171.6
1178418,6,Kolkata,2019-04-25,Indian Premier League,male,T20,2019,field,Rajasthan Royals,Eden Gardens,Rajasthan Royals,Kolkata Knight Riders,Rajasthan Royals,0,0.5263157894736842,0.5107913669064749,0.0,0.4,0.6111111111111112,0.125,0,0,0.015524422567209317,0.5882352941176471,161.8,172.4,-10.599999999999994,165.4,175.6
1178419,6,Chennai,2019-04-26,Indian Premier League,male,T20,2019,field,Chennai Super Kings,MA Chidambaram Stadium,Mumbai Indians,Mumbai Indians,Chennai Super Kings,1,0.5722222222222222,0.6242038216560509,0.6,0.6,0.5,1.0,0,0,-0.05198159943382874,0.56,177.2,157.0,20.19999999999999,169.2,157.0
1178420,6,Jaipur,2019-04-27,Indian Premier League,male,T20,2019,field,Rajasthan Royals,Sawai Mansingh Stadium,Rajasthan Royals,Sunrisers Hyderabad,Rajasthan Royals,0,0.5490196078431373,0.5142857142857142,0.4,0.6,0.5,0.6739130434782609,0,0,0.03473389355742307,0.6,147.8,177.6,-29.799999999999983,154.6,179.6
1178422,6,Kolkata,2019-04-28,Indian Premier League,male,T20,2019,field,Mumbai Indians,Eden Gardens,Kolkata Knight Riders,Kolkata Knight Riders,Mumbai Indians,1,0.5232558139534884,0.574585635359116,0.0,0.6,0.6027397260273972,0.8333333333333334,0,0,-0.051329821405627585,0.21739130434782608,175.2,168.6,6.599999999999994,178.6,151.6
1178421,6,Delhi,2019-04-28,Indian Premier League,male,T20,2019,bat,Delhi Capitals,Arun Jaitley Stadium,Delhi Capitals,Delhi Capitals,Royal Challengers Bengaluru,1,0.43452380952380953,0.47398843930635837,0.8,0.8,0.45454545454545453,1.0,1,1,-0.03946462978254883,0.35,164.4,184.2,-19.799999999999983,163.2,178.6
1178423,6,Hyderabad,2019-04-29,Indian Premier League,male,T20,2019,field,Kings XI Punjab,Rajiv Gandhi International Stadium,Sunrisers Hyderabad,Sunrisers Hyderabad,Punjab Kings,1,0.5436893203883495,0.4619883040935672,0.4,0.2,0.6923076923076923,0.0,0,0,0.08170101629478227,0.6923076923076923,149.8,180.0,-30.19999999999999,156.6,182.0
1178425,6,Chennai,2019-05-01,Indian Premier League,male,T20,2019,field,Delhi Capitals,MA Chidambaram Stadium,Chennai Super Kings,Chennai Super Kings,Delhi Capitals,1,0.620253164556962,0.4378698224852071,0.4,0.8,0.8571428571428571,0.5,0,0,0.18238334207175488,0.6842105263157895,147.8,165.8,-18.0,157.8,161.8
1178427,6,Chandigarh,2019-05-03,Indian Premier League,male,T20,2019,field,Kolkata Knight Riders,Punjab Cricket Association IS Bindra Stadium,Kolkata Knight Riders,Punjab Kings,Kolkata Knight Riders,0,0.45930232558139533,0.5260115606936416,0.2,0.2,0.875,0.5,0,0,-0.0667092351122463,0.3333333333333333,174.0,186.0,-12.0,184.8,182.2
1178428,6,Delhi,2019-05-04,Indian Premier League,male,T20,2019,bat,Rajasthan Royals,Arun Jaitley Stadium,Delhi Capitals,Rajasthan Royals,Delhi Capitals,0,0.5177304964539007,0.43529411764705883,0.6,0.6,0.0,0.5,1,1,0.08243637880684185,0.5789473684210527,172.2,154.6,17.599999999999994,174.2,174.4
1178429,6,Bengaluru,2019-05-04,Indian Premier League,male,T20,2019,field,Royal Challengers Bangalore,M.Chinnaswamy Stadium,Royal Challengers Bengaluru,Sunrisers Hyderabad,Royal Challengers Bengaluru,0,0.5480769230769231,0.47126436781609193,0.6,0.6,0.0,0.5384615384615384,0,0,0.0768125552608312,0.5833333333333334,169.0,183.6,-14.599999999999994,159.0,181.4
1178430,6,Chandigarh,2019-05-05,Indian Premier League,male,T20,2019,field,Kings XI Punjab,Punjab Cricket Association IS Bindra Stadium,Punjab Kings,Chennai Super Kings,Punjab Kings,0,0.6226415094339622,0.45664739884393063,0.4,0.2,0.0,0.7777777777777778,0,0,0.1659941105900316,0.631578947368421,151.2,176.0,-24.80000000000001,145.4,187.0
1178431,6,Mumbai,2019-05-05,Indian Premier League,male,T20,2019,field,Mumbai Indians,Wankhede Stadium,Mumbai Indians,Kolkata Knight Riders,Mumbai Indians,0,0.5287356321839081,0.5714285714285714,0.4,0.6,0.125,0.6153846153846154,0,0,-0.04269293924466333,0.25,190.8,170.8,20.0,186.4,160.4
1181764,6,Chennai,2019-05-07,Indian Premier League,male,T20,2019,bat,Chennai Super Kings,MA Chidambaram Stadium,Mumbai Indians,Chennai Super Kings,Mumbai Indians,0,0.61875,0.5737704918032787,0.4,0.6,0.875,1.0,1,1,0.04497950819672136,0.4230769230769231,158.8,163.2,-4.399999999999977,152.6,152.8
1181766,6,Visakhapatnam,2019-05-08,Indian Premier League,male,T20,2019,field,Delhi Capitals,Dr. Y.S. Rajasekhara Reddy ACA-VDCA Cricket Stadium,Delhi Capitals,Sunrisers Hyderabad,Delhi Capitals,0,0.5428571428571428,0.43859649122807015,0.4,0.8,0.6,0.3333333333333333,0,0,0.10426065162907266,0.6428571428571429,176.6,153.2,23.400000000000006,168.2,163.8
1181767,6,Visakhapatnam,2019-05-10,Indian Premier League,male,T20,2019,field,Chennai Super Kings,Dr. Y.S. Rajasekhara Reddy ACA-VDCA Cricket Stadium,Chennai Super Kings,Delhi Capitals,Chennai Super Kings,0,0.4418604651162791,0.6149068322981367,0.8,0.4,0.5,1.0,0,0,-0.17304636718185762,0.3,153.0,153.0,0.0,163.6,146.8
1181768,6,Hyderabad,2019-05-12,Indian Premier League,male,T20,2019,bat,Mumbai Indians,Rajiv Gandhi International Stadium,Mumbai Indians,Mumbai Indians,Chennai Super Kings,1,0.5760869565217391,0.6172839506172839,0.6,0.4,0.5,0.5,1,1,-0.04119699409554478,0.5925925925925926,156.0,148.0,8.0,153.4,141.2
1216492,6,Abu Dhabi,2020-09-19,Indian Premier League,male,T20,2020/21,field,Chennai Super Kings,Sheikh Zayed Stadium,Chennai Super Kings,Mumbai Indians,Chennai Super Kings,0,0.5783783783783784,0.6134969325153374,0.8,0.4,0.0,0.5,0,0,-0.03511855413695908,0.6071428571428571,153.6,155.8,-2.200000000000017,150.6,140.0
1216534,6,,2020-09-21,Indian Premier League,male,T20,2020/21,field,Sunrisers Hyderabad,Dubai International Cricket Stadium,Royal Challengers Bengaluru,Royal Challengers Bengaluru,Sunrisers Hyderabad,1,0.4742857142857143,0.5377358490566038,0.8,0.2,0.5,1.0,0,0,-0.06345013477088945,0.46153846153846156,185.0,176.8,8.199999999999989,182.0,169.4
1216496,6,,2020-09-22,Indian Premier League,male,T20,2020/21,field,Chennai Super Kings,Sharjah Cricket Stadium,Rajasthan Royals,Rajasthan Royals,Chennai Super Kings,1,0.5140845070422535,0.6158536585365854,0.6,0.4,0.0,1.0,0,0,-0.10176915149433186,0.3333333333333333,161.2,153.2,8.0,162.0,152.6
1216508,6,Abu Dhabi,2020-09-23,Indian Premier League,male,T20,2020/21,field,Kolkata Knight Riders,Sheikh Zayed Stadium,Mumbai Indians,Mumbai Indians,Kolkata Knight Riders,1,0.5752688172043011,0.5257142857142857,0.6,0.4,0.0,0.5,0,0,0.04955453149001543,0.76,155.0,176.8,-21.80000000000001,162.0,170.6
1216510,6,,2020-09-24,Indian Premier League,male,T20,2020/21,field,Royal Challengers Bangalore,Dubai International Cricket Stadium,Punjab Kings,Punjab Kings,Royal Challengers Bengaluru,1,0.45977011494252873,0.4772727272727273,0.2,0.8,1.0,0.6666666666666666,0,0,-0.017502612330198564,0.5,174.2,175.0,-0.8000000000000114,187.0,172.0
1216539,6,,2020-09-25,Indian Premier League,male,T20,2020/21,field,Chennai Super Kings,Dubai International Cricket Stadium,Delhi Capitals,Delhi Capitals,Chennai Super Kings,1,0.4393063583815029,0.6121212121212121,0.6,0.4,0.5,1.0,0,0,-0.17281485373970917,0.2857142857142857,143.8,159.2,-15.399999999999977,155.6,161.2
1216545,6,Abu Dhabi,2020-09-26,Indian Premier League,male,T20,2020/21,bat,Sunrisers Hyderabad,Sheikh Zayed Stadium,Kolkata Knight Riders,Sunrisers Hyderabad,Kolkata Knight Riders,0,0.5327102803738317,0.5227272727272727,0.2,0.4,0.0,0.3333333333333333,1,1,0.009983007646559017,0.4117647058823529,172.4,174.2,-1.799999999999983,166.8,177.4
1216527,6,,2020-09-27,Indian Premier League,male,T20,2020/21,field,Rajasthan Royals,Sharjah Cricket Stadium,Rajasthan Royals,Punjab Kings,Rajasthan Royals,0,0.46285714285714286,0.5174825174825175,0.4,0.6,1.0,0.5,0,0,-0.054625374625374645,0.4444444444444444,182.8,172.0,10.800000000000011,175.6,169.8
1216532,6,Abu Dhabi,2020-09-29,Indian Premier League,male,T20,2020/21,field,Delhi Capitals,Sheikh Zayed Stadium,Sunrisers Hyderabad,Sunrisers Hyderabad,Delhi Capitals,1,0.5277777777777778,0.4425287356321839,0.2,0.6,0.0,0.0,0,0,0.08524904214559387,0.6,168.8,141.4,27.400000000000006,163.6,147.6
1216504,6,,2020-09-30,Indian Premier League,male,T20,2020/21,field,Rajasthan Royals,Dubai International Cricket Stadium,Kolkata Knight Riders,Kolkata Knight Riders,Rajasthan Royals,1,0.5254237288135594,0.5208333333333334,0.6,0.8,0.0,0.0,0,0,0.004590395480225995,0.5555555555555556,168.2,179.0,-10.800000000000011,170.4,175.8
1216503,6,Abu Dhabi,2020-10-01,Indian Premier League,male,T20,2020/21,field,Kings XI Punjab,Sheikh Zayed Stadium,Mumbai Indians,Mumbai Indians,Punjab Kings,1,0.5775401069518716,0.4602272727272727,0.8,0.4,0.3333333333333333,1.0,0,0,0.11731283422459893,0.5416666666666666,154.4,190.4,-36.0,144.8,180.4
1216516,6,,2020-10-02,Indian Premier League,male,T20,2020/21,bat,Sunrisers Hyderabad,Dubai International Cricket Stadium,Sunrisers Hyderabad,Sunrisers Hyderabad,Chennai Super Kings,1,0.5321100917431193,0.608433734939759,0.2,0.4,0.6666666666666666,0.6666666666666666,1,1,-0.07632364319663976,0.25,158.8,159.2,-0.39999999999997726,159.6,169.8
1216515,6,,2020-10-03,Indian Premier League,male,T20,2020/21,field,Kolkata Knight Riders,Sharjah Cricket Stadium,Delhi Capitals,Delhi Capitals,Kolkata Knight Riders,1,0.44,0.5280898876404494,0.6,0.6,0.5,1.0,0,0,-0.0880898876404494,0.4090909090909091,151.0,156.6,-5.599999999999994,144.2,158.2
1216514,6,Abu Dhabi,2020-10-03,Indian Premier League,male,T20,2020/21,bat,Rajasthan Royals,Sheikh Zayed Stadium,Royal Challengers Bengaluru,Rajasthan Royals,Royal Challengers Bengaluru,0,0.5172413793103449,0.4745762711864407,0.6,0.6,1.0,0.0,1,1,0.04266510812390417,0.5555555555555556,171.0,164.6,6.400000000000006,175.6,181.2
1216513,6,,2020-10-04,Indian Premier League,male,T20,2020/21,bat,Kings XI Punjab,Dubai International Cricket Stadium,Chennai Super Kings,Punjab Kings,Chennai Super Kings,0,0.4576271186440678,0.6047904191616766,0.4,0.2,1.0,0.5,0,0,-0.14716330051760884,0.4,185.6,160.4,25.19999999999999,176.2,173.2
1216538,6,,2020-10-04,Indian Premier League,male,T20,2020/21,bat,Mumbai Indians,Sharjah Cricket Stadium,Mumbai Indians,Mumbai Indians,Sunrisers Hyderabad,1,0.5797872340425532,0.5363636363636364,0.8,0.4,0.0,0.0,1,1,0.04342359767891679,0.46153846153846156,165.8,156.6,9.200000000000017,146.8,155.4
1216519,6,,2020-10-05,Indian Premier League,male,T20,2020/21,field,Royal Challengers Bangalore,Dubai International Cricket Stadium,Delhi Capitals,Delhi Capitals,Royal Challengers Bengaluru,1,0.4431818181818182,0.47752808988764045,0.6,0.6,0.6666666666666666,0.5,0,0,-0.03434627170582227,0.38095238095238093,172.4,155.8,16.599999999999994,163.2,175.0
1216511,6,Abu Dhabi,2020-10-06,Indian Premier League,male,T20,2020/21,bat,Mumbai Indians,Sheikh Zayed Stadium,Mumbai Indians,Mumbai Indians,Rajasthan Royals,1,0.582010582010582,0.5136986301369864,0.8,0.4,0.5,0.6666666666666666,1,1,0.06831195187359562,0.5,181.0,169.6,11.400000000000006,155.4,175.2
1216501,6,Abu Dhabi,2020-10-07,Indian Premier League,male,T20,2020/21,bat,Kolkata Knight Riders,Sheikh Zayed Stadium,Kolkata Knight Riders,Kolkata Knight Riders,Chennai Super Kings,1,0.5251396648044693,0.6071428571428571,0.4,0.4,0.5,0.6666666666666666,1,1,-0.08200319233838782,0.35,161.6,167.0,-5.400000000000006,167.2,179.0
1216542,6,,2020-10-08,Indian Premier League,male,T20,2020/21,bat,Sunrisers Hyderabad,Dubai International Cricket Stadium,Sunrisers Hyderabad,Sunrisers Hyderabad,Punjab Kings,1,0.5315315315315315,0.4550561797752809,0.4,0.4,0.75,0.6666666666666666,1,1,0.07647535175625064,0.7142857142857143,159.0,184.6,-25.599999999999994,164.0,175.4
1216500,6,,2020-10-09,Indian Premier League,male,T20,2020/21,field,Rajasthan Royals,Sharjah Cricket Stadium,Delhi Capitals,Delhi Capitals,Rajasthan Royals,1,0.4463276836158192,0.5102040816326531,0.6,0.4,0.6666666666666666,0.6666666666666666,0,0,-0.06387639801683387,0.45,178.6,173.8,4.799999999999983,158.2,189.6
1216523,6,Abu Dhabi,2020-10-10,Indian Premier League,male,T20,2020/21,bat,Kolkata Knight Riders,Sheikh Zayed Stadium,Kolkata Knight Riders,Kolkata Knight Riders,Punjab Kings,1,0.5277777777777778,0.45251396648044695,0.6,0.2,0.6,0.6666666666666666,1,1,0.07526381129733084,0.68,168.4,176.4,-8.0,171.8,181.6
1216525,6,,2020-10-10,Indian Premier League,male,T20,2020/21,bat,Royal Challengers Bangalore,Dubai International Cricket Stadium,Royal Challengers Bengaluru,Royal Challengers Bengaluru,Chennai Super Kings,1,0.4748603351955307,0.6035502958579881,0.6,0.2,0.4,0.6,0,0,-0.12868996066245741,0.34782608695652173,149.0,165.2,-16.19999999999999,176.8,180.0
1216529,6,Abu Dhabi,2020-10-11,Indian Premier League,male,T20,2020/21,bat,Delhi Capitals,Sheikh Zayed Stadium,Mumbai Indians,Delhi Capitals,Mumbai Indians,0,0.449438202247191,0.5842105263157895,0.8,0.8,0.0,0.6,1,1,-0.13477232406859851,0.5,186.0,189.8,-3.8000000000000114,155.6,153.0
1216507,6,,2020-10-11,Indian Premier League,male,T20,2020/21,bat,Sunrisers Hyderabad,Dubai International Cricket Stadium,Rajasthan Royals,Sunrisers Hyderabad,Rajasthan Royals,0,0.5357142857142857,0.5067567567567568,0.6,0.2,0.8,0.0,1,1,0.0289575289575289,0.5454545454545454,168.6,158.2,10.400000000000006,157.8,186.4
1216540,6,,2020-10-12,Indian Premier League,male,T20,2020/21,bat,Royal Challengers Bangalore,Sharjah Cricket Stadium,Royal Challengers Bengaluru,Royal Challengers Bengaluru,Kolkata Knight Riders,1,0.4777777777777778,0.5303867403314917,0.6,0.8,0.5,0.5,0,0,-0.05260896255371389,0.4166666666666667,147.2,172.0,-24.80000000000001,168.2,165.2
1216528,6,,2020-10-13,Indian Premier League,male,T20,2020/21,bat,Chennai Super Kings,Dubai International Cricket Stadium,Chennai Super Kings,Chennai Super Kings,Sunrisers Hyderabad,1,0.6,0.5309734513274337,0.2,0.6,0.5,0.6666666666666666,1,1,0.0690265486725663,0.6923076923076923,151.6,171.8,-20.200000000000017,170.6,161.4
1216543,6,,2020-10-14,Indian Premier League,male,T20,2020/21,bat,Delhi Capitals,Dubai International Cricket Stadium,Delhi Capitals,Delhi Capitals,Rajasthan Royals,1,0.44692737430167595,0.5100671140939598,0.6,0.2,0.75,0.3333333333333333,1,1,-0.06313973979228382,0.47619047619047616,183.4,145.6,37.80000000000001,162.6,173.4
1216531,6,,2020-10-15,Indian Premier League,male,T20,2020/21,bat,Royal Challengers Bangalore,Sharjah Cricket Stadium,Punjab Kings,Royal Challengers Bengaluru,Punjab Kings,0,0.48066298342541436,0.45,0.6,0.0,0.6666666666666666,0.6666666666666666,0,0,0.030662983425414347,0.48,153.4,167.6,-14.199999999999989,160.0,192.6
1216526,6,Abu Dhabi,2020-10-16,Indian Premier League,male,T20,2020/21,bat,Kolkata Knight Riders,Sheikh Zayed Stadium,Mumbai Indians,Kolkata Knight Riders,Mumbai Indians,0,0.5274725274725275,0.5863874345549738,0.6,1.0,0.6666666666666666,0.6666666666666666,1,1,-0.05891490708244629,0.23076923076923078,165.4,190.6,-25.19999999999999,175.6,152.2
1216522,6,,2020-10-17,Indian Premier League,male,T20,2020/21,bat,Rajasthan Royals,Dubai International Cricket Stadium,Royal Challengers Bengaluru,Rajasthan Royals,Royal Challengers Bengaluru,0,0.5066666666666667,0.47802197802197804,0.2,0.6,0.25,0.5,1,1,0.028644688644688665,0.5263157894736842,147.8,165.8,-18.0,170.8,154.2
1216509,6,,2020-10-17,Indian Premier League,male,T20,2020/21,bat,Chennai Super Kings,Sharjah Cricket Stadium,Delhi Capitals,Chennai Super Kings,Delhi Capitals,0,0.6023391812865497,0.45,0.4,0.8,0.5,0.75,1,1,0.15233918128654972,0.6818181818181818,158.8,186.2,-27.399999999999977,165.0,159.8
1216533,6,Abu Dhabi,2020-10-19,Indian Premier League,male,T20,2020/21,bat,Chennai Super Kings,Sheikh Zayed Stadium,Rajasthan Royals,Chennai Super Kings,Rajasthan Royals,0,0.5988372093023255,0.5033112582781457,0.4,0.2,0.5,0.5,1,1,0.09552595102417982,0.6363636363636364,163.2,152.4,10.799999999999983,169.2,175.0
1216546,6,,2020-10-20,Indian Premier League,male,T20,2020/21,bat,Delhi Capitals,Dubai International Cricket Stadium,Punjab Kings,Delhi Capitals,Punjab Kings,0,0.4530386740331492,0.4530386740331492,0.8,0.2,0.8,0.5,1,1,0.0,0.4166666666666667,177.6,158.4,19.19999999999999,153.6,181.6
1216494,6,Abu Dhabi,2020-10-21,Indian Premier League,male,T20,2020/21,bat,Kolkata Knight Riders,Sheikh Zayed Stadium,Royal Challengers Bengaluru,Kolkata Knight Riders,Royal Challengers Bengaluru,0,0.5245901639344263,0.4808743169398907,0.4,0.6,0.5714285714285714,0.5,1,1,0.04371584699453557,0.56,160.2,170.0,-9.800000000000011,178.0,158.8
1216518,6,,2020-10-22,Indian Premier League,male,T20,2020/21,field,Sunrisers Hyderabad,Dubai International Cricket Stadium,Sunrisers Hyderabad,Rajasthan Royals,Sunrisers Hyderabad,0,0.506578947368421,0.5263157894736842,0.4,0.4,0.2,0.5714285714285714,0,0,-0.019736842105263164,0.5,150.4,168.8,-18.400000000000006,161.4,165.4
1216521,6,,2020-10-23,Indian Premier League,male,T20,2020/21,field,Mumbai Indians,Sharjah Cricket Stadium,Mumbai Indians,Chennai Super Kings,Mumbai Indians,0,0.5953757225433526,0.5885416666666666,0.2,1.0,0.3333333333333333,0.5,0,0,0.006834055876685952,0.41379310344827586,152.0,181.4,-29.400000000000006,158.8,152.6
1216498,6,,2020-10-24,Indian Premier League,male,T20,2020/21,field,Sunrisers Hyderabad,Dubai International Cricket Stadium,Punjab Kings,Punjab Kings,Sunrisers Hyderabad,1,0.45604395604395603,0.5304347826086957,0.4,0.4,0.6,0.625,0,0,-0.07439082656473966,0.26666666666666666,163.2,167.2,-4.0,176.2,164.8
1216497,6,Abu Dhabi,2020-10-24,Indian Premier League,male,T20,2020/21,field,Delhi Capitals,Sheikh Zayed Stadium,Kolkata Knight Riders,Kolkata Knight Riders,Delhi Capitals,1,0.5217391304347826,0.45054945054945056,0.4,0.6,0.5,0.0,0,0,0.07118967988533204,0.5652173913043478,135.0,171.2,-36.19999999999999,149.4,159.6
1216541,6,Abu Dhabi,2020-10-25,Indian Premier League,male,T20,2020/21,bat,Mumbai Indians,Sheikh Zayed Stadium,Rajasthan Royals,Mumbai Indians,Rajasthan Royals,0,0.5906735751295337,0.5032679738562091,1.0,0.4,0.7142857142857143,0.6,1,1,0.08740560127332453,0.5238095238095238,166.4,153.6,12.800000000000011,146.8,155.8
1216544,6,,2020-10-25,Indian Premier League,male,T20,2020/21,bat,Royal Challengers Bangalore,Dubai International Cricket Stadium,Chennai Super Kings,Royal Challengers Bengaluru,Chennai Super Kings,0,0.483695652173913,0.5919540229885057,0.8,0.2,0.5714285714285714,0.5714285714285714,0,0,-0.10825837081459272,0.375,159.6,143.4,16.19999999999999,136.4,148.6
1216520,6,,2020-10-26,Indian Premier League,male,T20,2020/21,field,Kings XI Punjab,Sharjah Cricket Stadium,Punjab Kings,Kolkata Knight Riders,Punjab Kings,0,0.5243243243243243,0.45901639344262296,0.4,0.6,0.3333333333333333,0.75,0,0,0.06530793088170134,0.6923076923076923,140.4,152.8,-12.400000000000006,145.0,162.8
1216524,6,,2020-10-27,Indian Premier League,male,T20,2020/21,field,Delhi Capitals,Dubai International Cricket Stadium,Sunrisers Hyderabad,Sunrisers Hyderabad,Delhi Capitals,1,0.5258620689655172,0.44808743169398907,0.4,0.4,0.5555555555555556,0.6666666666666666,0,0,0.07777463727152817,0.625,155.2,161.4,-6.200000000000017,148.4,170.8
1216499,6,Abu Dhabi,2020-10-28,Indian Premier League,male,T20,2020/21,field,Mumbai Indians,Sheikh Zayed Stadium,Mumbai Indians,Royal Challengers Bengaluru,Mumbai Indians,0,0.4810810810810811,0.5876288659793815,0.6,0.8,0.6666666666666666,0.625,0,0,-0.10654778489830036,0.36,154.8,163.8,-9.0,140.0,151.2
1216536,6,,2020-10-29,Indian Premier League,male,T20,2020/21,field,Chennai Super Kings,Dubai International Cricket Stadium,Chennai Super Kings,Kolkata Knight Riders,Chennai Super Kings,0,0.521505376344086,0.5942857142857143,0.2,0.4,0.5,0.625,0,0,-0.0727803379416283,0.38095238095238093,137.4,147.0,-9.599999999999994,142.6,143.8
1216537,6,Abu Dhabi,2020-10-30,Indian Premier League,male,T20,2020/21,field,Rajasthan Royals,Sheikh Zayed Stadium,Rajasthan Royals,Punjab Kings,Rajasthan Royals,0,0.46195652173913043,0.5064935064935064,0.8,0.4,0.5,0.6666666666666666,0,0,-0.04453698475437601,0.42105263157894735,156.4,160.2,-3.799999999999983,152.4,163.2
1216502,6,,2020-10-31,Indian Premier League,male,T20,2020/21,field,Sunrisers Hyderabad,Sharjah Cricket Stadium,Sunrisers Hyderabad,Royal Challengers Bengaluru,Sunrisers Hyderabad,0,0.478494623655914,0.5299145299145299,0.4,0.4,0.5,0.0,0,0,-0.05141990625861592,0.5,148.8,158.8,-10.0,150.8,148.2
1216535,6,,2020-10-31,Indian Premier League,male,T20,2020/21,field,Mumbai Indians,Dubai International Cricket Stadium,Mumbai Indians,Delhi Capitals,Mumbai Indians,0,0.44565217391304346,0.5897435897435898,0.4,0.8,0.5714285714285714,0.0,0,0,-0.1440914158305463,0.48,155.2,158.4,-3.200000000000017,181.4,156.8
1216506,6,Abu Dhabi,2020-11-01,Indian Premier League,male,T20,2020/21,field,Chennai Super Kings,Sheikh Zayed Stadium,Chennai Super Kings,Punjab Kings,Chennai Super Kings,0,0.4594594594594595,0.5965909090909091,0.8,0.4,0.4,0.4,0,0,-0.13713144963144958,0.38095238095238093,161.0,149.2,11.800000000000011,156.8,148.8
1216530,6,,2020-11-01,Indian Premier League,male,T20,2020/21,field,Rajasthan Royals,Dubai International Cricket Stadium,Kolkata Knight Riders,Kolkata Knight Riders,Rajasthan Royals,1,0.5187165775401069,0.5096774193548387,0.2,0.6,0.3333333333333333,0.16666666666666666,0,0,0.009039158185268237,0.5789473684210527,149.4,167.8,-18.400000000000006,139.4,168.0
1216505,6,Abu Dhabi,2020-11-02,Indian Premier League,male,T20,2020/21,field,Delhi Capitals,Sheikh Zayed Stadium,Delhi Capitals,Royal Challengers Bengaluru,Delhi Capitals,0,0.47593582887700536,0.44324324324324327,0.4,0.2,0.5,0.0,0,0,0.032692585633762095,0.5909090909090909,138.6,145.0,-6.400000000000006,139.6,174.0
1216495,6,,2020-11-03,Indian Premier League,male,T20,2020/21,field,Sunrisers Hyderabad,Sharjah Cricket Stadium,Sunrisers Hyderabad,Mumbai Indians,Sunrisers Hyderabad,0,0.5918367346938775,0.5338983050847458,0.8,0.6,0.6666666666666666,0.25,0,0,0.05793842960913176,0.5,147.4,151.4,-4.0,146.4,139.6
1237177,6,,2020-11-05,Indian Premier League,male,T20,2020/21,field,Delhi Capitals,Dubai International Cricket Stadium,Mumbai Indians,Mumbai Indians,Delhi Capitals,1,0.5888324873096447,0.44623655913978494,0.6,0.2,0.25,0.5,0,0,0.14259592816985972,0.5384615384615384,147.4,138.8,8.599999999999994,147.0,168.6
1237178,6,Abu Dhabi,2020-11-06,Indian Premier League,male,T20,2020/21,field,Sunrisers Hyderabad,Sheikh Zayed Stadium,Sunrisers Hyderabad,Royal Challengers Bengaluru,Sunrisers Hyderabad,0,0.4734042553191489,0.5378151260504201,0.2,0.8,0.4,0.3333333333333333,0,0,-0.06441087073127122,0.4666666666666667,133.2,152.2,-19.0,135.0,136.0
1237180,6,Abu Dhabi,2020-11-08,Indian Premier League,male,T20,2020/21,bat,Delhi Capitals,Sheikh Zayed Stadium,Delhi Capitals,Delhi Capitals,Sunrisers Hyderabad,1,0.44385026737967914,0.5416666666666666,0.2,0.8,0.2,0.5,1,1,-0.09781639928698749,0.35294117647058826,134.6,147.4,-12.800000000000011,175.2,131.4
1237181,6,,2020-11-10,Indian Premier League,male,T20,2020/21,bat,Delhi Capitals,Dubai International Cricket Stadium,Mumbai Indians,Delhi Capitals,Mumbai Indians,0,0.44680851063829785,0.5909090909090909,0.4,0.6,0.4444444444444444,0.4,1,1,-0.1441005802707931,0.4444444444444444,145.4,164.2,-18.799999999999983,170.8,152.8
1254058,6,Chennai,2021-04-09,Indian Premier League,male,T20,2021,field,Royal Challengers Bangalore,"""MA Chidambaram Stadium, Chepauk, Chennai""",Royal Challengers Bengaluru,Mumbai Indians,Royal Challengers Bengaluru,0,0.592964824120603,0.4708994708994709,0.8,0.0,0.5,0.5,0,0,0.12206535322113216,0.6538461538461539,156.6,142.4,14.199999999999989,144.8,144.6
1254059,6,Mumbai,2021-04-10,Indian Premier League,male,T20,2021,field,Delhi Capitals,"""Wankhede Stadium, Mumbai""",Delhi Capitals,Chennai Super Kings,Delhi Capitals,0,0.5988700564971752,0.4444444444444444,0.6,0.4,0.5,0.5,0,0,0.15442561205273075,0.6521739130434783,144.2,150.4,-6.200000000000017,142.4,158.4
1254060,6,Chennai,2021-04-11,Indian Premier League,male,T20,2021,field,Sunrisers Hyderabad,"""MA Chidambaram Stadium, Chepauk, Chennai""",Kolkata Knight Riders,Kolkata Knight Riders,Sunrisers Hyderabad,1,0.5212765957446809,0.5371900826446281,0.4,0.8,0.5,0.5,0,0,-0.015913486899947205,0.6111111111111112,158.0,159.0,-1.0,135.8,144.0
1254061,6,Mumbai,2021-04-12,Indian Premier League,male,T20,2021,field,Rajasthan Royals,"""Wankhede Stadium, Mumbai""",Punjab Kings,Punjab Kings,Rajasthan Royals,1,0.45698924731182794,0.5064102564102564,0.6,0.6,0.5,0.5,0,0,-0.04942100909842845,0.4,156.2,158.6,-2.4000000000000057,153.4,170.4
1254062,6,Chennai,2021-04-13,Indian Premier League,male,T20,2021,field,Kolkata Knight Riders,"""MA Chidambaram Stadium, Chepauk, Chennai""",Mumbai Indians,Mumbai Indians,Kolkata Knight Riders,1,0.59,0.5238095238095238,0.6,0.6,0.0,1.0,0,0,0.06619047619047613,0.7777777777777778,155.2,178.6,-23.400000000000006,144.0,154.2
1254063,6,Chennai,2021-04-14,Indian Premier League,male,T20,2021,field,Sunrisers Hyderabad,"""MA Chidambaram Stadium, Chepauk, Chennai""",Royal Challengers Bengaluru,Royal Challengers Bengaluru,Sunrisers Hyderabad,1,0.47368421052631576,0.5327868852459017,0.2,0.6,1.0,0.0,0,0,-0.05910267471958591,0.4375,145.4,150.6,-5.199999999999989,146.4,155.2
1254064,6,Mumbai,2021-04-15,Indian Premier League,male,T20,2021,field,Rajasthan Royals,"""Wankhede Stadium, Mumbai""",Rajasthan Royals,Delhi Capitals,Rajasthan Royals,0,0.4473684210526316,0.5031847133757962,0.6,0.4,1.0,0.0,0,0,-0.055816292323164596,0.5,166.4,176.8,-10.400000000000006,173.8,189.6
1254065,6,Mumbai,2021-04-16,Indian Premier League,male,T20,2021,field,Chennai Super Kings,"""Wankhede Stadium, Mumbai""",Chennai Super Kings,Punjab Kings,Chennai Super Kings,0,0.45989304812834225,0.5955056179775281,0.6,0.6,1.0,0.0,0,0,-0.13561256984918585,0.36363636363636365,167.0,156.8,10.199999999999989,164.0,155.2
1254066,6,Chennai,2021-04-17,Indian Premier League,male,T20,2021,bat,Mumbai Indians,"""MA Chidambaram Stadium, Chepauk, Chennai""",Mumbai Indians,Mumbai Indians,Sunrisers Hyderabad,1,0.5920398009950248,0.5284552845528455,0.6,0.4,0.5,0.0,1,1,0.06358451644217933,0.4666666666666667,163.4,155.0,8.400000000000006,150.4,161.0
1254068,6,Mumbai,2021-04-18,Indian Premier League,male,T20,2021,field,Delhi Capitals,"""Wankhede Stadium, Mumbai""",Delhi Capitals,Punjab Kings,Delhi Capitals,0,0.4574468085106383,0.44502617801047123,0.4,0.4,0.5,0.5,0,0,0.012420630500167062,0.6,163.0,165.0,-2.0,162.6,173.4
1254067,6,Chennai,2021-04-18,Indian Premier League,male,T20,2021,bat,Royal Challengers Bangalore,"""MA Chidambaram Stadium, Chepauk, Chennai""",Royal Challengers Bengaluru,Royal Challengers Bengaluru,Kolkata Knight Riders,1,0.47643979057591623,0.5210526315789473,0.4,0.4,1.0,0.5,0,0,-0.04461284100303109,0.46153846153846156,142.4,168.2,-25.799999999999983,141.8,157.6
1254069,6,Mumbai,2021-04-19,Indian Premier League,male,T20,2021,field,Rajasthan Royals,"""Wankhede Stadium, Mumbai""",Chennai Super Kings,Chennai Super Kings,Rajasthan Royals,1,0.5977653631284916,0.5063291139240507,0.8,0.6,0.5,0.5,0,0,0.09143624920444093,0.6086956521739131,155.4,176.0,-20.599999999999994,153.2,187.8
1254070,6,Chennai,2021-04-20,Indian Premier League,male,T20,2021,bat,Mumbai Indians,"""MA Chidambaram Stadium, Chepauk, Chennai""",Delhi Capitals,Mumbai Indians,Delhi Capitals,0,0.594059405940594,0.4479166666666667,0.8,0.6,0.6666666666666666,0.5,1,1,0.14614273927392735,0.5714285714285714,163.6,176.0,-12.400000000000006,147.6,172.4
1254071,6,Chennai,2021-04-21,Indian Premier League,male,T20,2021,bat,Punjab Kings,"""MA Chidambaram Stadium, Chepauk, Chennai""",Sunrisers Hyderabad,Punjab Kings,Sunrisers Hyderabad,0,0.455026455026455,0.5241935483870968,0.2,0.2,0.5,0.0,1,1,-0.06916709336064175,0.3125,172.0,152.2,19.80000000000001,172.4,161.2
1254072,6,Mumbai,2021-04-21,Indian Premier League,male,T20,2021,field,Kolkata Knight Riders,"""Wankhede Stadium, Mumbai""",Chennai Super Kings,Chennai Super Kings,Kolkata Knight Riders,1,0.6,0.518324607329843,0.8,0.4,0.6666666666666666,0.5,0,0,0.081675392670157,0.6363636363636364,163.0,171.6,-8.599999999999994,152.8,168.4
1254073,6,Mumbai,2021-04-22,Indian Premier League,male,T20,2021,field,Royal Challengers Bangalore,"""Wankhede Stadium, Mumbai""",Royal Challengers Bengaluru,Rajasthan Royals,Royal Challengers Bengaluru,0,0.5031446540880503,0.4791666666666667,0.4,0.6,0.3333333333333333,0.5,0,0,0.02397798742138363,0.5,165.4,159.2,6.200000000000017,186.4,150.8
1254074,6,Chennai,2021-04-23,Indian Premier League,male,T20,2021,field,Punjab Kings,"""MA Chidambaram Stadium, Chepauk, Chennai""",Punjab Kings,Mumbai Indians,Punjab Kings,0,0.5911330049261084,0.45263157894736844,0.6,0.2,0.5,0.0,0,0,0.13850142597874,0.56,151.0,159.0,-8.0,146.6,159.4
1254075,6,Mumbai,2021-04-24,Indian Premier League,male,T20,2021,field,Rajasthan Royals,"""Wankhede Stadium, Mumbai""",Rajasthan Royals,Kolkata Knight Riders,Rajasthan Royals,0,0.515625,0.5,0.4,0.2,0.0,0.25,0,0,0.015625,0.6,177.6,163.6,14.0,176.8,185.6
1254076,6,Mumbai,2021-04-25,Indian Premier League,male,T20,2021,bat,Chennai Super Kings,"""Wankhede Stadium, Mumbai""",Chennai Super Kings,Chennai Super Kings,Royal Challengers Bengaluru,1,0.6022099447513812,0.48186528497409326,0.8,0.8,0.75,1.0,1,1,0.12034465977728798,0.64,171.4,165.0,6.400000000000006,158.8,155.4
1254078,6,Ahmedabad,2021-04-26,Indian Premier League,male,T20,2021,field,Kolkata Knight Riders,"""Narendra Modi Stadium, Ahmedabad""",Kolkata Knight Riders,Punjab Kings,Kolkata Knight Riders,0,0.45549738219895286,0.5129533678756477,0.4,0.2,0.5,0.5,0,0,-0.057455985676694854,0.3333333333333333,154.8,166.0,-11.199999999999989,154.8,177.4
1254079,6,Ahmedabad,2021-04-27,Indian Premier League,male,T20,2021,field,Delhi Capitals,"""Narendra Modi Stadium, Ahmedabad""",Royal Challengers Bengaluru,Royal Challengers Bengaluru,Delhi Capitals,1,0.4793814432989691,0.45077720207253885,0.8,0.6,0.5,0.5,0,0,0.028604241226430238,0.5652173913043478,163.2,165.8,-2.6000000000000227,167.2,165.4
1254080,6,Delhi,2021-04-28,Indian Premier League,male,T20,2021,bat,Sunrisers Hyderabad,"""Arun Jaitley Stadium, Delhi""",Chennai Super Kings,Sunrisers Hyderabad,Chennai Super Kings,0,0.528,0.6043956043956044,0.2,0.8,0.5,0.5,1,1,-0.07639560439560433,0.2857142857142857,150.0,178.8,-28.80000000000001,159.0,152.6
1254082,6,Ahmedabad,2021-04-29,Indian Premier League,male,T20,2021,field,Delhi Capitals,"""Narendra Modi Stadium, Ahmedabad""",Delhi Capitals,Kolkata Knight Riders,Delhi Capitals,0,0.5154639175257731,0.4484536082474227,0.2,0.6,1.0,0.0,0,0,0.06701030927835044,0.5833333333333334,153.8,168.6,-14.799999999999983,166.6,168.2
1254081,6,Delhi,2021-04-29,Indian Premier League,male,T20,2021,field,Mumbai Indians,"""Arun Jaitley Stadium, Delhi""",Mumbai Indians,Rajasthan Royals,Mumbai Indians,0,0.5031055900621118,0.5882352941176471,0.4,0.4,0.5,0.5,0,0,-0.08512970405553533,0.5,164.2,145.8,18.399999999999977,174.0,141.8
1254083,6,Ahmedabad,2021-04-30,Indian Premier League,male,T20,2021,field,Royal Challengers Bangalore,"""Narendra Modi Stadium, Ahmedabad""",Punjab Kings,Punjab Kings,Royal Challengers Bengaluru,1,0.453125,0.48205128205128206,0.2,0.8,0.0,1.0,0,0,-0.02892628205128206,0.5384615384615384,135.2,165.4,-30.200000000000017,136.6,169.4
1254084,6,Delhi,2021-05-01,Indian Premier League,male,T20,2021,field,Mumbai Indians,"""Arun Jaitley Stadium, Delhi""",Mumbai Indians,Chennai Super Kings,Mumbai Indians,0,0.6065573770491803,0.5902439024390244,1.0,0.6,1.0,1.0,0,0,0.016313474610155976,0.4,175.8,148.4,27.400000000000006,148.8,144.0
1254086,6,Ahmedabad,2021-05-02,Indian Premier League,male,T20,2021,field,Delhi Capitals,"""Narendra Modi Stadium, Ahmedabad""",Delhi Capitals,Punjab Kings,Delhi Capitals,0,0.45595854922279794,0.4512820512820513,0.4,0.6,0.5,0.5,0,0,0.004676497940746649,0.5769230769230769,149.8,161.8,-12.0,144.2,161.4
1254085,6,Delhi,2021-05-02,Indian Premier League,male,T20,2021,field,Sunrisers Hyderabad,"""Arun Jaitley Stadium, Delhi""",Rajasthan Royals,Rajasthan Royals,Sunrisers Hyderabad,1,0.5,0.5238095238095238,0.4,0.2,0.0,0.0,0,0,-0.023809523809523836,0.46153846153846156,155.0,149.8,5.199999999999989,164.2,155.8
1254104,6,Dubai,2021-09-19,Indian Premier League,male,T20,2021,bat,Chennai Super Kings,Dubai International Cricket Stadium,Chennai Super Kings,Chennai Super Kings,Mumbai Indians,1,0.6032608695652174,0.5922330097087378,0.8,0.6,0.6666666666666666,0.5,1,1,0.011027859856479583,0.3870967741935484,198.0,161.8,36.19999999999999,171.4,159.2
1254087,6,Abu Dhabi,2021-09-20,Indian Premier League,male,T20,2021,bat,Royal Challengers Bangalore,"""Zayed Cricket Stadium, Abu Dhabi""",Kolkata Knight Riders,Royal Challengers Bengaluru,Kolkata Knight Riders,0,0.47959183673469385,0.5128205128205128,0.6,0.2,0.5,0.5,0,0,-0.03322867608581892,0.48148148148148145,164.6,156.2,8.400000000000006,176.6,167.4
1254111,6,Dubai,2021-09-21,Indian Premier League,male,T20,2021,field,Punjab Kings,Dubai International Cricket Stadium,Rajasthan Royals,Rajasthan Royals,Punjab Kings,1,0.5030674846625767,0.4536082474226804,0.4,0.4,0.14285714285714285,0.6666666666666666,0,0,0.04945923723989626,0.5714285714285714,169.0,144.0,25.0,167.8,138.0
1254105,6,Dubai,2021-09-22,Indian Premier League,male,T20,2021,bat,Sunrisers Hyderabad,Dubai International Cricket Stadium,Delhi Capitals,Sunrisers Hyderabad,Delhi Capitals,0,0.5196850393700787,0.45408163265306123,0.2,0.8,0.6,0.4,1,1,0.06560340671701748,0.6111111111111112,147.4,165.8,-18.400000000000006,162.4,164.6
1254096,6,Abu Dhabi,2021-09-23,Indian Premier League,male,T20,2021,field,Kolkata Knight Riders,"""Zayed Cricket Stadium, Abu Dhabi""",Kolkata Knight Riders,Mumbai Indians,Kolkata Knight Riders,0,0.5893719806763285,0.5153061224489796,0.4,0.4,0.5,1.0,0,0,0.0740658582273489,0.7857142857142857,159.0,141.8,17.19999999999999,163.0,145.0
1254113,6,Sharjah,2021-09-24,Indian Premier League,male,T20,2021,field,Chennai Super Kings,Sharjah Cricket Stadium,Chennai Super Kings,Royal Challengers Bengaluru,Chennai Super Kings,0,0.47715736040609136,0.6054054054054054,0.4,0.8,0.4,0.25,0,0,-0.12824804499931408,0.34615384615384615,142.2,191.6,-49.400000000000006,162.2,170.0
1254107,6,Sharjah,2021-09-25,Indian Premier League,male,T20,2021,field,Sunrisers Hyderabad,Sharjah Cricket Stadium,Punjab Kings,Punjab Kings,Sunrisers Hyderabad,1,0.4512820512820513,0.515625,0.4,0.2,0.8,0.4,0,0,-0.06434294871794871,0.29411764705882354,156.6,145.6,11.0,150.8,160.4
1254097,6,Abu Dhabi,2021-09-25,Indian Premier League,male,T20,2021,field,Rajasthan Royals,"""Zayed Cricket Stadium, Abu Dhabi""",Delhi Capitals,Delhi Capitals,Rajasthan Royals,1,0.45685279187817257,0.5060975609756098,0.8,0.6,0.5,0.5,0,0,-0.04924476909743719,0.4782608695652174,154.0,177.4,-23.400000000000006,152.4,166.8
1254108,6,Dubai,2021-09-26,Indian Premier League,male,T20,2021,field,Mumbai Indians,Dubai International Cricket Stadium,Royal Challengers Bengaluru,Royal Challengers Bengaluru,Mumbai Indians,1,0.47474747474747475,0.5865384615384616,0.2,0.4,0.5,0.42857142857142855,0,0,-0.11179098679098681,0.37037037037037035,137.2,162.6,-25.400000000000006,158.2,167.2
1254098,6,Abu Dhabi,2021-09-26,Indian Premier League,male,T20,2021,bat,Kolkata Knight Riders,"""Zayed Cricket Stadium, Abu Dhabi""",Chennai Super Kings,Kolkata Knight Riders,Chennai Super Kings,0,0.5177664974619289,0.6075268817204301,0.6,0.8,1.0,0.5,1,1,-0.08976038425850119,0.34782608695652173,133.2,179.0,-45.80000000000001,132.0,160.8
1254100,6,Dubai,2021-09-27,Indian Premier League,male,T20,2021,bat,Rajasthan Royals,Dubai International Cricket Stadium,Sunrisers Hyderabad,Rajasthan Royals,Sunrisers Hyderabad,0,0.503030303030303,0.5116279069767442,0.6,0.2,0.25,0.5454545454545454,1,1,-0.008597603946441157,0.5,166.2,142.2,24.0,161.4,155.4
1254099,6,Abu Dhabi,2021-09-28,Indian Premier League,male,T20,2021,field,Mumbai Indians,"""Zayed Cricket Stadium, Abu Dhabi""",Mumbai Indians,Punjab Kings,Mumbai Indians,0,0.45408163265306123,0.583732057416268,0.4,0.4,0.5,0.0,0,0,-0.12965042476320676,0.46153846153846156,155.2,158.6,-3.4000000000000057,148.6,173.8
1254092,6,Sharjah,2021-09-28,Indian Premier League,male,T20,2021,field,Kolkata Knight Riders,Sharjah Cricket Stadium,Kolkata Knight Riders,Delhi Capitals,Kolkata Knight Riders,0,0.4595959595959596,0.5151515151515151,0.8,0.6,0.8,0.25,0,0,-0.055555555555555525,0.44,157.2,140.8,16.399999999999977,149.2,139.6
1254103,6,Dubai,2021-09-29,Indian Premier League,male,T20,2021,field,Royal Challengers Bangalore,Dubai International Cricket Stadium,Royal Challengers Bengaluru,Rajasthan Royals,Royal Challengers Bengaluru,0,0.5,0.47738693467336685,0.4,0.4,0.2222222222222222,0.5555555555555556,0,0,0.022613065326633153,0.47619047619047616,172.2,145.8,26.399999999999977,168.2,142.2
1254091,6,Sharjah,2021-09-30,Indian Premier League,male,T20,2021,field,Chennai Super Kings,Sharjah Cricket Stadium,Chennai Super Kings,Sunrisers Hyderabad,Chennai Super Kings,0,0.5153846153846153,0.6096256684491979,0.2,0.8,0.3333333333333333,0.4,0,0,-0.09424105306458253,0.26666666666666666,151.4,175.2,-23.799999999999983,164.2,170.6
1254102,6,Dubai,2021-10-01,Indian Premier League,male,T20,2021,field,Punjab Kings,Dubai International Cricket Stadium,Punjab Kings,Kolkata Knight Riders,Punjab Kings,0,0.5175879396984925,0.4517766497461929,0.6,0.4,0.5,0.5714285714285714,0,0,0.06581128995229957,0.6785714285714286,141.6,157.6,-16.0,140.4,150.8
1254112,6,Sharjah,2021-10-02,Indian Premier League,male,T20,2021,field,Delhi Capitals,Sharjah Cricket Stadium,Delhi Capitals,Mumbai Indians,Delhi Capitals,0,0.5857142857142857,0.457286432160804,0.4,0.8,0.5,0.6666666666666666,0,0,0.12842785355348174,0.5517241379310345,151.6,148.6,3.0,166.6,141.0
1254089,6,Abu Dhabi,2021-10-02,Indian Premier League,male,T20,2021,field,Rajasthan Royals,"""Zayed Cricket Stadium, Abu Dhabi""",Rajasthan Royals,Chennai Super Kings,Rajasthan Royals,0,0.6117021276595744,0.49700598802395207,0.8,0.4,1.0,0.0,0,0,0.11469613963562236,0.625,168.4,167.8,0.5999999999999943,163.2,164.4
1254090,6,Sharjah,2021-10-03,Indian Premier League,male,T20,2021,bat,Royal Challengers Bangalore,Sharjah Cricket Stadium,Royal Challengers Bengaluru,Royal Challengers Bengaluru,Punjab Kings,1,0.48,0.45454545454545453,0.4,0.4,0.3333333333333333,0.8333333333333334,0,0,0.025454545454545452,0.4444444444444444,142.2,155.4,-13.200000000000017,138.0,154.8
1254109,6,Dubai,2021-10-03,Indian Premier League,male,T20,2021,bat,Sunrisers Hyderabad,Dubai International Cricket Stadium,Kolkata Knight Riders,Sunrisers Hyderabad,Kolkata Knight Riders,0,0.5114503816793893,0.515,0.2,0.6,0.5833333333333334,0.4,1,1,-0.003549618320610737,0.3684210526315789,144.0,143.8,0.19999999999998863,157.4,142.8
1254110,6,Dubai,2021-10-04,Indian Premier League,male,T20,2021,field,Delhi Capitals,Dubai International Cricket Stadium,Delhi Capitals,Chennai Super Kings,Delhi Capitals,0,0.6084656084656085,0.46,0.8,0.8,0.7,0.45454545454545453,0,0,0.14846560846560847,0.625,162.6,143.8,18.799999999999983,157.4,136.0
1254093,6,Sharjah,2021-10-05,Indian Premier League,male,T20,2021,field,Mumbai Indians,Sharjah Cricket Stadium,Mumbai Indians,Rajasthan Royals,Mumbai Indians,0,0.5,0.5829383886255924,0.4,0.2,0.5,0.4,0,0,-0.08293838862559244,0.4782608695652174,161.8,133.6,28.200000000000017,169.2,149.4
1254095,6,Abu Dhabi,2021-10-06,Indian Premier League,male,T20,2021,field,Royal Challengers Bangalore,"""Zayed Cricket Stadium, Abu Dhabi""",Sunrisers Hyderabad,Sunrisers Hyderabad,Royal Challengers Bengaluru,1,0.5075757575757576,0.48258706467661694,0.2,0.6,0.5,0.0,0,0,0.02498869289914063,0.5294117647058824,134.0,146.0,-12.0,137.2,133.8
1254094,6,Dubai,2021-10-07,Indian Premier League,male,T20,2021,field,Punjab Kings,Dubai International Cricket Stadium,Punjab Kings,Chennai Super Kings,Punjab Kings,0,0.6052631578947368,0.45226130653266333,0.6,0.4,0.6363636363636364,0.625,0,0,0.1530018513620735,0.6521739130434783,158.6,153.8,4.799999999999983,158.0,154.2
1254106,6,Sharjah,2021-10-07,Indian Premier League,male,T20,2021,field,Rajasthan Royals,Sharjah Cricket Stadium,Kolkata Knight Riders,Kolkata Knight Riders,Rajasthan Royals,1,0.5174129353233831,0.4970414201183432,0.6,0.2,0.4,0.4,0,0,0.02037151520503988,0.5714285714285714,148.8,142.8,6.0,147.4,151.4
1254101,6,Dubai,2021-10-08,Indian Premier League,male,T20,2021,field,Royal Challengers Bangalore,Dubai International Cricket Stadium,Royal Challengers Bengaluru,Delhi Capitals,Royal Challengers Bengaluru,0,0.4626865671641791,0.4801980198019802,0.8,0.6,0.5,0.6,0,0,-0.017511452637801073,0.4166666666666667,138.2,155.0,-16.80000000000001,130.0,143.2
1254088,6,Abu Dhabi,2021-10-08,Indian Premier League,male,T20,2021,bat,Mumbai Indians,"""Zayed Cricket Stadium, Abu Dhabi""",Mumbai Indians,Mumbai Indians,Sunrisers Hyderabad,1,0.5849056603773585,0.5112781954887218,0.4,0.4,0.5,1.0,1,1,0.0736274648886367,0.5,125.2,135.4,-10.200000000000003,136.2,136.8
1254114,6,Dubai,2021-10-10,Indian Premier League,male,T20,2021,field,Chennai Super Kings,Dubai International Cricket Stadium,Chennai Super Kings,Delhi Capitals,Chennai Super Kings,0,0.4603960396039604,0.6020942408376964,0.6,0.4,0.46153846153846156,0.5833333333333334,0,0,-0.14169820123373594,0.4,143.2,154.0,-10.800000000000011,136.4,154.6
1254115,6,Sharjah,2021-10-11,Indian Premier League,male,T20,2021,bat,Royal Challengers Bangalore,Sharjah Cricket Stadium,Kolkata Knight Riders,Royal Challengers Bengaluru,Kolkata Knight Riders,0,0.4827586206896552,0.5198019801980198,0.8,0.6,0.42857142857142855,0.5,0,0,-0.037043359508364626,0.4642857142857143,157.0,151.2,5.800000000000011,144.6,133.4
1254116,6,Sharjah,2021-10-13,Indian Premier League,male,T20,2021,field,Kolkata Knight Riders,Sharjah Cricket Stadium,Kolkata Knight Riders,Delhi Capitals,Kolkata Knight Riders,0,0.458128078817734,0.5221674876847291,0.4,0.8,0.7142857142857143,0.5714285714285714,0,0,-0.0640394088669951,0.4230769230769231,146.8,144.8,2.0,146.8,126.6
1254117,6,Dubai,2021-10-15,Indian Premier League,male,T20,2021,field,Kolkata Knight Riders,Dubai International Cricket Stadium,Chennai Super Kings,Chennai Super Kings,Kolkata Knight Riders,1,0.6041666666666666,0.5245098039215687,0.4,0.8,0.6153846153846154,0.5,0,0,0.07965686274509798,0.6666666666666666,154.2,146.0,8.199999999999989,154.8,128.2
1304047,6,Mumbai,2022-03-26,Indian Premier League,male,T20,2022,field,Kolkata Knight Riders,"""Wankhede Stadium, Mumbai""",Kolkata Knight Riders,Chennai Super Kings,Kolkata Knight Riders,0,0.6062176165803109,0.5219512195121951,0.4,0.8,0.8,0.0,0,0,0.08426639706811578,0.68,164.8,146.0,18.80000000000001,161.0,133.0
1304048,6,Mumbai,2022-03-27,Indian Premier League,male,T20,2022,field,Delhi Capitals,"""Brabourne Stadium, Mumbai""",Delhi Capitals,Mumbai Indians,Delhi Capitals,0,0.5868544600938967,0.45588235294117646,0.6,0.4,1.0,0.5,0,0,0.13097210715272029,0.5333333333333333,141.2,148.4,-7.200000000000017,143.0,148.0
1304049,6,Mumbai,2022-03-27,Indian Premier League,male,T20,2022,field,Punjab Kings,"""Dr DY Patil Sports Academy, Mumbai""",Punjab Kings,Royal Challengers Bengaluru,Punjab Kings,0,0.4803921568627451,0.455,0.6,0.6,0.5,0.5,0,0,0.025392156862745097,0.4642857142857143,151.6,145.0,6.599999999999994,150.2,144.0
1304050,6,Mumbai,2022-03-28,Indian Premier League,male,T20,2022,field,Gujarat Titans,"""Wankhede Stadium, Mumbai""",Gujarat Titans,Lucknow Super Giants,Gujarat Titans,0,0.5,0.5,0.5,0.5,0.5,0.5,0,0,0.0,0.5,160.0,160.0,0.0,160.0,160.0
1304051,6,Pune,2022-03-29,Indian Premier League,male,T20,2022,field,Sunrisers Hyderabad,"""Maharashtra Cricket Association Stadium, Pune""",Rajasthan Royals,Rajasthan Royals,Sunrisers Hyderabad,1,0.49411764705882355,0.5074626865671642,0.2,0.4,0.5,0.5,0,0,-0.01334503950834065,0.4666666666666667,135.6,150.0,-14.400000000000006,154.8,158.8
1304052,6,Mumbai,2022-03-30,Indian Premier League,male,T20,2022,field,Royal Challengers Bangalore,"""Dr DY Patil Sports Academy, Mumbai""",Royal Challengers Bengaluru,Kolkata Knight Riders,Royal Challengers Bengaluru,0,0.5242718446601942,0.47804878048780486,0.8,0.4,0.5,0.0,0,0,0.046223064172389305,0.5517241379310345,148.8,162.0,-13.199999999999989,136.2,162.0
1304053,6,Mumbai,2022-03-31,Indian Premier League,male,T20,2022,field,Lucknow Super Giants,"""Brabourne Stadium, Mumbai""",Lucknow Super Giants,Chennai Super Kings,Lucknow Super Giants,0,0.6030927835051546,0.0,0.4,0.0,0.0,0.5,0,0,0.6030927835051546,0.5,153.2,158.0,-4.800000000000011,149.6,161.0
1304054,6,Mumbai,2022-04-01,Indian Premier League,male,T20,2022,field,Kolkata Knight Riders,"""Wankhede Stadium, Mumbai""",Kolkata Knight Riders,Punjab Kings,Kolkata Knight Riders,0,0.4577114427860697,0.5217391304347826,0.6,0.6,0.3333333333333333,0.3333333333333333,0,0,-0.06402768764871292,0.3448275862068966,161.6,140.2,21.400000000000006,161.0,145.6
1304055,6,Mumbai,2022-04-02,Indian Premier League,male,T20,2022,field,Mumbai Indians,"""Dr DY Patil Sports Academy, Mumbai""",Rajasthan Royals,Rajasthan Royals,Mumbai Indians,1,0.49707602339181284,0.5841121495327103,0.4,0.6,0.5,0.5,0,0,-0.08703612614089745,0.4583333333333333,144.8,154.4,-9.599999999999994,151.2,145.8
1304056,6,Pune,2022-04-02,Indian Premier League,male,T20,2022,field,Delhi Capitals,"""Maharashtra Cricket Association Stadium, Pune""",Gujarat Titans,Gujarat Titans,Delhi Capitals,1,1.0,0.4585365853658537,1.0,0.4,0.5,0.5,0,0,0.5414634146341464,0.5,161.0,157.8,3.1999999999999886,158.0,157.6
1304057,6,Mumbai,2022-04-03,Indian Premier League,male,T20,2022,field,Chennai Super Kings,"""Brabourne Stadium, Mumbai""",Punjab Kings,Punjab Kings,Chennai Super Kings,1,0.45544554455445546,0.6,0.6,0.4,0.5,0.0,0,0,-0.14455445544554452,0.375,162.0,168.0,-6.0,161.8,164.0
1304058,6,Mumbai,2022-04-04,Indian Premier League,male,T20,2022,field,Sunrisers Hyderabad,"""Dr DY Patil Sports Academy, Mumbai""",Lucknow Super Giants,Lucknow Super Giants,Sunrisers Hyderabad,1,0.5,0.5037037037037037,0.5,0.2,0.5,0.5,0,0,-0.0037037037037036535,0.5,184.5,146.4,38.099999999999994,185.5,168.0
1304059,6,Mumbai,2022-04-05,Indian Premier League,male,T20,2022,field,Royal Challengers Bangalore,"""Wankhede Stadium, Mumbai""",Royal Challengers Bengaluru,Rajasthan Royals,Royal Challengers Bengaluru,0,0.5,0.48058252427184467,0.6,0.4,0.4,0.5,0,0,0.01941747572815533,0.45454545454545453,153.6,155.6,-2.0,154.6,156.0
1304060,6,Pune,2022-04-06,Indian Premier League,male,T20,2022,field,Kolkata Knight Riders,"""Maharashtra Cricket Association Stadium, Pune""",Kolkata Knight Riders,Mumbai Indians,Kolkata Knight Riders,0,0.5813953488372093,0.5240384615384616,0.4,0.6,0.5,0.5,0,0,0.05735688729874777,0.7586206896551724,161.0,140.6,20.400000000000006,157.4,145.4
1304061,6,Mumbai,2022-04-07,Indian Premier League,male,T20,2022,field,Lucknow Super Giants,"""Dr DY Patil Sports Academy, Mumbai""",Lucknow Super Giants,Delhi Capitals,Lucknow Super Giants,0,0.4563106796116505,0.6666666666666666,0.2,0.6666666666666666,0.5,1.0,0,0,-0.21035598705501612,0.5,161.4,179.33333333333334,-17.933333333333337,164.6,176.0
1304062,6,Mumbai,2022-04-08,Indian Premier League,male,T20,2022,field,Gujarat Titans,"""Brabourne Stadium, Mumbai""",Gujarat Titans,Punjab Kings,Gujarat Titans,0,0.458128078817734,1.0,0.6,1.0,1.0,0.5,0,0,-0.541871921182266,0.5,164.4,166.0,-1.5999999999999943,154.0,157.5
1304063,6,Mumbai,2022-04-09,Indian Premier League,male,T20,2022,field,Sunrisers Hyderabad,"""Dr DY Patil Sports Academy, Mumbai""",Sunrisers Hyderabad,Chennai Super Kings,Sunrisers Hyderabad,0,0.5969387755102041,0.5,0.4,0.2,0.5,0.0,0,0,0.09693877551020413,0.75,166.4,151.0,15.400000000000006,172.2,174.0
1304064,6,Pune,2022-04-09,Indian Premier League,male,T20,2022,field,Royal Challengers Bangalore,"""Maharashtra Cricket Association Stadium, Pune""",Royal Challengers Bengaluru,Mumbai Indians,Royal Challengers Bengaluru,0,0.5787037037037037,0.4830917874396135,0.4,0.6,0.0,0.5,0,0,0.09561191626409021,0.6071428571428571,167.4,162.8,4.599999999999994,163.4,161.6
1304065,6,Mumbai,2022-04-10,Indian Premier League,male,T20,2022,field,Kolkata Knight Riders,"""Brabourne Stadium, Mumbai""",Delhi Capitals,Delhi Capitals,Kolkata Knight Riders,1,0.45410628019323673,0.5263157894736842,0.2,0.6,1.0,0.5,0,0,-0.07220950928044745,0.4074074074074074,158.4,145.8,12.599999999999994,162.4,150.6
1304066,6,Mumbai,2022-04-10,Indian Premier League,male,T20,2022,field,Lucknow Super Giants,"""Wankhede Stadium, Mumbai""",Rajasthan Royals,Rajasthan Royals,Lucknow Super Giants,1,0.49710982658959535,0.75,0.4,0.75,0.3333333333333333,0.0,0,0,-0.25289017341040465,0.5,149.4,173.25,-23.849999999999994,151.4,169.25
1304067,6,Mumbai,2022-04-11,Indian Premier League,male,T20,2022,field,Sunrisers Hyderabad,"""Dr DY Patil Sports Academy, Mumbai""",Sunrisers Hyderabad,Gujarat Titans,Sunrisers Hyderabad,0,1.0,0.5036496350364964,1.0,0.4,0.5,0.5,0,0,0.4963503649635036,0.5,174.0,159.0,15.0,168.0,181.0
1304068,6,Mumbai,2022-04-12,Indian Premier League,male,T20,2022,field,Royal Challengers Bangalore,"""Dr DY Patil Sports Academy, Mumbai""",Chennai Super Kings,Chennai Super Kings,Royal Challengers Bengaluru,1,0.5939086294416244,0.4855769230769231,0.2,0.6,0.0,0.5,0,0,0.1083317063647013,0.6666666666666666,162.6,160.0,2.5999999999999943,168.8,159.0
1304069,6,Pune,2022-04-13,Indian Premier League,male,T20,2022,field,Mumbai Indians,"""Maharashtra Cricket Association Stadium, Pune""",Punjab Kings,Punjab Kings,Mumbai Indians,1,0.45588235294117646,0.576036866359447,0.6,0.2,0.5,0.0,0,0,-0.12015451341827049,0.4444444444444444,170.6,178.8,-8.200000000000017,159.2,175.8
1304070,6,Mumbai,2022-04-14,Indian Premier League,male,T20,2022,field,Rajasthan Royals,"""Dr DY Patil Sports Academy, Mumbai""",Gujarat Titans,Gujarat Titans,Rajasthan Royals,1,0.75,0.5,0.75,0.6,0.0,1.0,0,0,0.25,0.5,171.0,164.4,6.599999999999994,168.0,165.0
1304071,6,Mumbai,2022-04-15,Indian Premier League,male,T20,2022,field,Sunrisers Hyderabad,"""Brabourne Stadium, Mumbai""",Sunrisers Hyderabad,Kolkata Knight Riders,Sunrisers Hyderabad,0,0.5238095238095238,0.5072463768115942,0.6,0.4,0.0,0.5,0,0,0.0165631469979296,0.65,147.0,164.4,-17.400000000000006,155.2,186.0
1304072,6,Mumbai,2022-04-16,Indian Premier League,male,T20,2022,field,Mumbai Indians,"""Brabourne Stadium, Mumbai""",Lucknow Super Giants,Lucknow Super Giants,Mumbai Indians,1,0.6,0.573394495412844,0.6,0.0,1.0,0.5,0,0,0.026605504587155937,0.5,171.0,169.0,2.0,168.4,176.8
1304073,6,Mumbai,2022-04-16,Indian Premier League,male,T20,2022,field,Delhi Capitals,"""Wankhede Stadium, Mumbai""",Royal Challengers Bengaluru,Royal Challengers Bengaluru,Delhi Capitals,1,0.48325358851674644,0.4567307692307692,0.6,0.4,0.6666666666666666,0.6666666666666666,0,0,0.026522819285977217,0.6,171.0,167.0,4.0,174.4,162.0
1304075,6,Pune,2022-04-17,Indian Premier League,male,T20,2022,field,Gujarat Titans,"""Maharashtra Cricket Association Stadium, Pune""",Gujarat Titans,Chennai Super Kings,Gujarat Titans,0,0.5959595959595959,0.8,0.2,0.8,0.5,1.0,0,0,-0.20404040404040413,0.5,167.4,175.2,-7.799999999999983,174.4,165.4
1304074,6,Mumbai,2022-04-17,Indian Premier League,male,T20,2022,field,Sunrisers Hyderabad,"""Dr DY Patil Sports Academy, Mumbai""",Sunrisers Hyderabad,Punjab Kings,Sunrisers Hyderabad,0,0.4585365853658537,0.5107913669064749,0.6,0.6,1.0,0.6666666666666666,0,0,-0.05225478154062119,0.3333333333333333,182.4,161.0,21.400000000000006,169.6,174.0
1304076,6,Mumbai,2022-04-18,Indian Premier League,male,T20,2022,field,Kolkata Knight Riders,"""Brabourne Stadium, Mumbai""",Rajasthan Royals,Rajasthan Royals,Kolkata Knight Riders,1,0.49714285714285716,0.5213270142180095,0.6,0.4,0.5,0.0,0,0,-0.024184157075152368,0.4090909090909091,178.4,155.4,23.0,169.2,164.2
1304077,6,Mumbai,2022-04-19,Indian Premier League,male,T20,2022,field,Lucknow Super Giants,"""Dr DY Patil Sports Academy, Mumbai""",Royal Challengers Bengaluru,Royal Challengers Bengaluru,Lucknow Super Giants,1,0.4857142857142857,0.6666666666666666,0.8,0.8,0.3333333333333333,1.0,0,0,-0.18095238095238092,0.5,167.8,179.2,-11.399999999999977,167.4,172.4
1304078,6,Mumbai,2022-04-20,Indian Premier League,male,T20,2022,field,Delhi Capitals,"""Brabourne Stadium, Mumbai""",Delhi Capitals,Punjab Kings,Delhi Capitals,0,0.4563106796116505,0.45454545454545453,0.4,0.4,0.5,1.0,0,0,0.0017652250661959745,0.5555555555555556,171.0,174.6,-3.5999999999999943,159.0,172.6
1304079,6,Navi Mumbai,2022-04-21,Indian Premier League,male,T20,2022,field,Chennai Super Kings,"""Dr DY Patil Sports Academy, Mumbai""",Chennai Super Kings,Mumbai Indians,Chennai Super Kings,0,0.5707762557077626,0.592964824120603,0.0,0.2,0.0,0.5,0,0,-0.022188568412840448,0.59375,169.8,175.0,-5.199999999999989,180.8,181.8
1304080,6,Mumbai,2022-04-22,Indian Premier League,male,T20,2022,field,Delhi Capitals,"""Wankhede Stadium, Mumbai""",Rajasthan Royals,Rajasthan Royals,Delhi Capitals,1,0.5,0.45714285714285713,0.6,0.4,0.42857142857142855,0.5,0,0,0.04285714285714287,0.5,179.8,162.6,17.200000000000017,181.4,160.2
1304082,6,Mumbai,2022-04-23,Indian Premier League,male,T20,2022,field,Sunrisers Hyderabad,"""Brabourne Stadium, Mumbai""",Sunrisers Hyderabad,Royal Challengers Bengaluru,Sunrisers Hyderabad,0,0.4881516587677725,0.5142857142857142,0.8,0.8,0.5,1.0,0,0,-0.026134055517941734,0.4444444444444444,177.6,161.6,16.0,174.4,162.2
1304081,6,Navi Mumbai,2022-04-23,Indian Premier League,male,T20,2022,bat,Gujarat Titans,"""Dr DY Patil Sports Academy, Mumbai""",Gujarat Titans,Gujarat Titans,Kolkata Knight Riders,1,0.8333333333333334,0.5188679245283019,0.8,0.4,0.5,0.0,1,1,0.3144654088050315,0.5,177.0,171.8,5.199999999999989,167.6,181.2
1304083,6,Mumbai,2022-04-24,Indian Premier League,male,T20,2022,field,Mumbai Indians,"""Wankhede Stadium, Mumbai""",Lucknow Super Giants,Lucknow Super Giants,Mumbai Indians,1,0.5714285714285714,0.5681818181818182,0.6,0.0,0.0,0.5,0,0,0.0032467532467531646,1.0,169.6,166.8,2.799999999999983,166.6,173.4
1304084,6,Mumbai,2022-04-25,Indian Premier League,male,T20,2022,field,Chennai Super Kings,"""Wankhede Stadium, Mumbai""",Punjab Kings,Punjab Kings,Chennai Super Kings,1,0.45410628019323673,0.595,0.4,0.4,0.25,0.6666666666666666,0,0,-0.14089371980676324,0.4,166.6,164.2,2.4000000000000057,154.6,170.6
1304085,6,Pune,2022-04-26,Indian Premier League,male,T20,2022,field,Royal Challengers Bangalore,"""Maharashtra Cricket Association Stadium, Pune""",Rajasthan Royals,Rajasthan Royals,Royal Challengers Bengaluru,1,0.5028248587570622,0.4858490566037736,0.6,0.6,1.0,1.0,0,0,0.01697580215328859,0.43478260869565216,185.6,156.6,29.0,188.8,155.0
1304086,6,Mumbai,2022-04-27,Indian Premier League,male,T20,2022,field,Gujarat Titans,"""Wankhede Stadium, Mumbai""",Gujarat Titans,Sunrisers Hyderabad,Gujarat Titans,0,0.5177304964539007,0.8571428571428571,1.0,0.8,0.5,1.0,0,0,-0.3394123606889564,1.0,144.6,174.0,-29.400000000000006,142.0,165.8
1304087,6,Mumbai,2022-04-28,Indian Premier League,male,T20,2022,field,Delhi Capitals,"""Wankhede Stadium, Mumbai""",Delhi Capitals,Kolkata Knight Riders,Delhi Capitals,0,0.5164319248826291,0.4549763033175355,0.2,0.4,0.5,0.4,0,0,0.0614556215650936,0.5714285714285714,173.2,172.6,0.5999999999999943,185.0,170.4
1304088,6,Pune,2022-04-29,Indian Premier League,male,T20,2022,field,Punjab Kings,"""Maharashtra Cricket Association Stadium, Pune""",Lucknow Super Giants,Lucknow Super Giants,Punjab Kings,1,0.625,0.4567307692307692,0.6,0.4,0.5,1.0,0,0,0.16826923076923078,0.5,169.4,168.0,1.4000000000000057,161.6,164.6
1304089,6,Mumbai,2022-04-30,Indian Premier League,male,T20,2022,bat,Royal Challengers Bangalore,"""Brabourne Stadium, Mumbai""",Gujarat Titans,Royal Challengers Bengaluru,Gujarat Titans,0,0.4835680751173709,0.875,0.4,0.8,0.0,1.0,0,0,-0.3914319248826291,0.5,149.2,175.8,-26.600000000000023,153.6,167.0
1304090,6,Navi Mumbai,2022-04-30,Indian Premier League,male,T20,2022,field,Mumbai Indians,"""Dr DY Patil Sports Academy, Mumbai""",Mumbai Indians,Rajasthan Royals,Mumbai Indians,0,0.5056179775280899,0.5656108597285068,0.8,0.0,0.5,0.0,0,0,-0.059992882200416875,0.48,180.6,161.0,19.599999999999994,177.2,174.6
1304091,6,Mumbai,2022-05-01,Indian Premier League,male,T20,2022,bat,Lucknow Super Giants,"""Wankhede Stadium, Mumbai""",Lucknow Super Giants,Lucknow Super Giants,Delhi Capitals,1,0.6666666666666666,0.45754716981132076,0.6,0.6,0.3333333333333333,0.5,1,1,0.20911949685534587,1.0,169.0,172.8,-3.8000000000000114,158.4,168.6
1304092,6,Pune,2022-05-01,Indian Premier League,male,T20,2022,field,Sunrisers Hyderabad,"""Maharashtra Cricket Association Stadium, Pune""",Chennai Super Kings,Chennai Super Kings,Sunrisers Hyderabad,1,0.5920398009950248,0.5140845070422535,0.4,0.8,0.0,0.0,0,0,0.07795529395277134,0.7058823529411765,174.2,152.6,21.599999999999994,172.0,151.0
1304093,6,Mumbai,2022-05-02,Indian Premier League,male,T20,2022,field,Kolkata Knight Riders,"""Wankhede Stadium, Mumbai""",Kolkata Knight Riders,Rajasthan Royals,Kolkata Knight Riders,0,0.5027932960893855,0.514018691588785,0.6,0.0,0.5,0.4,0,0,-0.011225395499399493,0.43478260869565216,179.2,170.0,9.199999999999989,177.0,182.8
1304094,6,Navi Mumbai,2022-05-03,Indian Premier League,male,T20,2022,bat,Gujarat Titans,"""Dr DY Patil Sports Academy, Mumbai""",Punjab Kings,Gujarat Titans,Punjab Kings,0,0.8888888888888888,0.45454545454545453,1.0,0.4,0.6666666666666666,0.5,1,1,0.4343434343434343,1.0,178.2,156.8,21.399999999999977,167.4,157.2
1304095,6,Pune,2022-05-04,Indian Premier League,male,T20,2022,field,Chennai Super Kings,"""Maharashtra Cricket Association Stadium, Pune""",Royal Challengers Bengaluru,Royal Challengers Bengaluru,Chennai Super Kings,1,0.48130841121495327,0.594059405940594,0.4,0.6,0.5,0.5,0,0,-0.11275099472564076,0.32142857142857145,144.6,183.8,-39.20000000000002,145.2,178.8
1304096,6,Mumbai,2022-05-05,Indian Premier League,male,T20,2022,field,Sunrisers Hyderabad,"""Brabourne Stadium, Mumbai""",Delhi Capitals,Delhi Capitals,Sunrisers Hyderabad,1,0.45539906103286387,0.5104895104895105,0.4,0.6,1.0,1.0,0,0,-0.05509044945664665,0.42105263157894735,167.6,156.8,10.799999999999983,173.4,159.0
1304097,6,Mumbai,2022-05-06,Indian Premier League,male,T20,2022,field,Gujarat Titans,"""Brabourne Stadium, Mumbai""",Mumbai Indians,Mumbai Indians,Gujarat Titans,1,0.5675675675675675,0.8,0.2,0.8,0.3333333333333333,1.0,0,0,-0.2324324324324325,0.5,163.0,168.4,-5.400000000000006,175.8,165.4
1304099,6,Pune,2022-05-07,Indian Premier League,male,T20,2022,field,Kolkata Knight Riders,"""Maharashtra Cricket Association Stadium, Pune""",Lucknow Super Giants,Lucknow Super Giants,Kolkata Knight Riders,1,0.7,0.5162790697674419,0.8,0.2,1.0,1.0,0,0,0.1837209302325581,0.5,175.6,167.4,8.199999999999989,163.2,170.2
1304098,6,Mumbai,2022-05-07,Indian Premier League,male,T20,2022,bat,Punjab Kings,"""Wankhede Stadium, Mumbai""",Rajasthan Royals,Punjab Kings,Rajasthan Royals,0,0.45714285714285713,0.5,0.4,0.6,0.4,0.4444444444444444,1,1,-0.04285714285714287,0.4090909090909091,146.2,178.6,-32.400000000000006,148.6,170.2
1304101,6,Navi Mumbai,2022-05-08,Indian Premier League,male,T20,2022,field,Delhi Capitals,"""Dr DY Patil Sports Academy, Mumbai""",Chennai Super Kings,Chennai Super Kings,Delhi Capitals,1,0.5911330049261084,0.45794392523364486,0.4,0.6,0.6666666666666666,0.0,0,0,0.13318907969246357,0.6153846153846154,172.6,174.4,-1.8000000000000114,174.8,172.8
1304100,6,Mumbai,2022-05-08,Indian Premier League,male,T20,2022,bat,Royal Challengers Bangalore,"""Wankhede Stadium, Mumbai""",Royal Challengers Bengaluru,Royal Challengers Bengaluru,Sunrisers Hyderabad,1,0.48372093023255813,0.5069444444444444,0.4,0.4,0.75,0.0,0,0,-0.023223514211886287,0.42105263157894735,141.4,158.8,-17.400000000000006,142.6,165.4
1304102,6,Navi Mumbai,2022-05-09,Indian Premier League,male,T20,2022,field,Mumbai Indians,"""Dr DY Patil Sports Academy, Mumbai""",Kolkata Knight Riders,Kolkata Knight Riders,Mumbai Indians,1,0.5138888888888888,0.5695067264573991,0.2,0.4,0.0,0.3333333333333333,0,0,-0.05561783756851024,0.26666666666666666,152.6,161.2,-8.599999999999994,170.2,170.6
1304103,6,Pune,2022-05-10,Indian Premier League,male,T20,2022,bat,Gujarat Titans,"""Maharashtra Cricket Association Stadium, Pune""",Gujarat Titans,Gujarat Titans,Lucknow Super Giants,1,0.7272727272727273,0.7272727272727273,0.6,0.8,1.0,1.0,1,1,0.0,1.0,168.8,171.0,-2.1999999999999886,167.0,147.2
1304104,6,Navi Mumbai,2022-05-11,Indian Premier League,male,T20,2022,field,Delhi Capitals,"""Dr DY Patil Sports Academy, Mumbai""",Delhi Capitals,Rajasthan Royals,Delhi Capitals,0,0.5027624309392266,0.4558139534883721,0.6,0.4,0.3333333333333333,0.0,0,0,0.04694847745085445,0.52,173.2,174.0,-0.8000000000000114,166.0,191.4
1304105,6,Mumbai,2022-05-12,Indian Premier League,male,T20,2022,field,Mumbai Indians,"""Wankhede Stadium, Mumbai""",Mumbai Indians,Chennai Super Kings,Mumbai Indians,0,0.5931372549019608,0.5669642857142857,0.6,0.4,0.5714285714285714,0.0,0,0,0.026172969187675088,0.42424242424242425,180.4,147.6,32.80000000000001,164.2,163.8
1304106,6,Mumbai,2022-05-13,Indian Premier League,male,T20,2022,field,Royal Challengers Bangalore,"""Brabourne Stadium, Mumbai""",Punjab Kings,Punjab Kings,Royal Challengers Bengaluru,1,0.4549763033175355,0.4861111111111111,0.4,0.4,0.3333333333333333,0.0,0,0,-0.03113480779357558,0.5517241379310345,153.8,143.6,10.200000000000017,156.2,135.0
1304107,6,Pune,2022-05-14,Indian Premier League,male,T20,2022,bat,Kolkata Knight Riders,"""Maharashtra Cricket Association Stadium, Pune""",Kolkata Knight Riders,Kolkata Knight Riders,Sunrisers Hyderabad,1,0.5161290322580645,0.503448275862069,0.4,0.2,0.5,0.0,1,1,0.01268075639599553,0.6190476190476191,143.6,153.4,-9.800000000000011,149.4,173.6
1304108,6,Mumbai,2022-05-15,Indian Premier League,male,T20,2022,bat,Chennai Super Kings,"""Wankhede Stadium, Mumbai""",Gujarat Titans,Chennai Super Kings,Gujarat Titans,0,0.5902439024390244,0.75,0.4,0.6,0.5,1.0,1,1,-0.15975609756097564,0.0,168.6,166.4,2.1999999999999886,153.8,153.8
1304109,6,Mumbai,2022-05-15,Indian Premier League,male,T20,2022,bat,Rajasthan Royals,"""Brabourne Stadium, Mumbai""",Rajasthan Royals,Rajasthan Royals,Lucknow Super Giants,1,0.5,0.6666666666666666,0.4,0.8,1.0,1.0,1,1,-0.16666666666666663,1.0,160.8,154.8,6.0,156.8,139.8
1304110,6,Navi Mumbai,2022-05-16,Indian Premier League,male,T20,2022,field,Punjab Kings,"""Dr DY Patil Sports Academy, Mumbai""",Delhi Capitals,Delhi Capitals,Punjab Kings,1,0.4583333333333333,0.45754716981132076,0.6,0.6,0.3333333333333333,0.6666666666666666,0,0,0.0007861635220125507,0.4642857142857143,164.8,172.6,-7.799999999999983,179.0,163.4
1304111,6,Mumbai,2022-05-17,Indian Premier League,male,T20,2022,field,Mumbai Indians,"""Wankhede Stadium, Mumbai""",Sunrisers Hyderabad,Sunrisers Hyderabad,Mumbai Indians,1,0.5,0.5688888888888889,0.0,0.6,0.0,0.5,0,0,-0.06888888888888889,0.47058823529411764,163.6,137.2,26.400000000000006,195.4,152.0
1304112,6,Navi Mumbai,2022-05-18,Indian Premier League,male,T20,2022,bat,Lucknow Super Giants,"""Dr DY Patil Sports Academy, Mumbai""",Lucknow Super Giants,Lucknow Super Giants,Kolkata Knight Riders,1,0.6153846153846154,0.518348623853211,0.6,0.6,0.6666666666666666,0.3333333333333333,1,1,0.09703599153140441,1.0,152.0,149.4,2.5999999999999943,149.0,142.8
1304113,6,Mumbai,2022-05-19,Indian Premier League,male,T20,2022,bat,Gujarat Titans,"""Wankhede Stadium, Mumbai""",Royal Challengers Bengaluru,Gujarat Titans,Royal Challengers Bengaluru,0,0.7692307692307693,0.4838709677419355,0.6,0.4,1.0,0.8,1,1,0.2853598014888338,1.0,154.0,161.0,-7.0,141.4,162.4
1304114,6,Mumbai,2022-05-20,Indian Premier League,male,T20,2022,bat,Chennai Super Kings,"""Brabourne Stadium, Mumbai""",Rajasthan Royals,Chennai Super Kings,Rajasthan Royals,0,0.587378640776699,0.5027322404371585,0.4,0.4,0.0,1.0,1,1,0.08464640033954052,0.6,160.0,167.6,-7.599999999999994,143.8,164.6
1304115,6,Mumbai,2022-05-21,Indian Premier League,male,T20,2022,field,Mumbai Indians,"""Wankhede Stadium, Mumbai""",Mumbai Indians,Delhi Capitals,Mumbai Indians,0,0.4608294930875576,0.5663716814159292,0.6,0.6,0.42857142857142855,0.3333333333333333,0,0,-0.10554218832837159,0.4838709677419355,166.6,148.8,17.799999999999983,178.2,157.0
1304116,6,Mumbai,2022-05-22,Indian Premier League,male,T20,2022,bat,Sunrisers Hyderabad,"""Wankhede Stadium, Mumbai""",Punjab Kings,Sunrisers Hyderabad,Punjab Kings,0,0.5034013605442177,0.45539906103286387,0.2,0.4,0.3333333333333333,0.3333333333333333,1,1,0.04800229951135382,0.6842105263157895,163.2,163.6,-0.4000000000000057,193.6,160.0
1312197,6,Kolkata,2022-05-24,Indian Premier League,male,T20,2022,field,Gujarat Titans,"""Eden Gardens, Kolkata""",Gujarat Titans,Rajasthan Royals,Gujarat Titans,0,0.5054347826086957,0.7142857142857143,0.6,0.4,0.5,0.5,0,0,-0.20885093167701863,0.0,166.2,152.8,13.399999999999977,162.4,141.4
1312198,6,Kolkata,2022-05-25,Indian Premier League,male,T20,2022,field,Lucknow Super Giants,"""Eden Gardens, Kolkata""",Royal Challengers Bengaluru,Royal Challengers Bengaluru,Lucknow Super Giants,1,0.48623853211009177,0.6428571428571429,0.6,0.6,0.5,0.5,0,0,-0.15661861074705113,1.0,172.0,163.4,8.599999999999994,167.2,164.0
1312199,6,Ahmedabad,2022-05-27,Indian Premier League,male,T20,2022,field,Rajasthan Royals,"""Narendra Modi Stadium, Ahmedabad""",Rajasthan Royals,Royal Challengers Bengaluru,Rajasthan Royals,0,0.4885844748858447,0.5027027027027027,0.8,0.6,0.5,0.5,0,0,-0.014118227816857953,0.5416666666666666,179.4,173.4,6.0,171.0,169.0
1312200,6,Ahmedabad,2022-05-29,Indian Premier League,male,T20,2022,bat,Rajasthan Royals,"""Narendra Modi Stadium, Ahmedabad""",Gujarat Titans,Rajasthan Royals,Gujarat Titans,0,0.5053763440860215,0.7333333333333333,0.6,0.6,1.0,0.5,1,1,-0.22795698924731178,0.0,167.6,162.4,5.199999999999989,162.6,150.0
1359475,6,Ahmedabad,2023-03-31,Indian Premier League,male,T20,2023,field,Gujarat Titans,"""Narendra Modi Stadium, Ahmedabad""",Gujarat Titans,Chennai Super Kings,Gujarat Titans,0,0.5845410628019324,0.75,0.2,0.8,0.5,1.0,0,0,-0.1654589371980676,0.0,149.6,154.6,-5.0,136.2,140.6
1359477,6,Lucknow,2023-04-01,Indian Premier League,male,T20,2023,field,Delhi Capitals,"""Bharat Ratna Shri Atal Bihari Vajpayee Ekana Cricket Stadium, Lucknow""",Lucknow Super Giants,Lucknow Super Giants,Delhi Capitals,1,0.6,0.45871559633027525,0.4,0.6,0.5,0.5,0,0,0.14128440366972472,1.0,163.0,160.6,2.4000000000000057,167.6,171.2
1359476,6,Chandigarh,2023-04-01,Indian Premier League,male,T20,2023,field,Kolkata Knight Riders,"""Punjab Cricket Association IS Bindra Stadium, Mohali, Chandigarh""",Punjab Kings,Punjab Kings,Kolkata Knight Riders,1,0.45794392523364486,0.5159817351598174,0.6,0.6,0.5,0.5,0,0,-0.05803780992617252,0.3333333333333333,169.0,161.8,7.199999999999989,160.8,154.8
1359478,6,Hyderabad,2023-04-02,Indian Premier League,male,T20,2023,field,Sunrisers Hyderabad,"""Rajiv Gandhi International Stadium, Uppal, Hyderabad""",Rajasthan Royals,Rajasthan Royals,Sunrisers Hyderabad,1,0.5026737967914439,0.5,0.6,0.2,0.5,0.5,0,0,0.002673796791443861,0.5,161.6,156.8,4.799999999999983,157.0,185.2
1359479,6,Bengaluru,2023-04-02,Indian Premier League,male,T20,2023,field,Royal Challengers Bangalore,"""M Chinnaswamy Stadium, Bengaluru""",Royal Challengers Bengaluru,Mumbai Indians,Royal Challengers Bengaluru,0,0.5682819383259912,0.4863636363636364,0.6,0.6,0.5,0.5,0,0,0.08191830196235478,0.5862068965517241,148.6,176.2,-27.599999999999994,157.2,171.2
1359480,6,Chennai,2023-04-03,Indian Premier League,male,T20,2023,field,Lucknow Super Giants,"""MA Chidambaram Stadium, Chepauk, Chennai""",Chennai Super Kings,Chennai Super Kings,Lucknow Super Giants,1,0.5817307692307693,0.625,0.2,0.4,0.5,0.5,0,0,-0.043269230769230727,0.0,153.2,166.4,-13.200000000000017,138.0,176.0
1359481,6,Delhi,2023-04-04,Indian Premier League,male,T20,2023,field,Gujarat Titans,"""Arun Jaitley Stadium, Delhi""",Gujarat Titans,Delhi Capitals,Gujarat Titans,0,0.45662100456621,0.7647058823529411,0.4,0.8,0.5,0.5,0,0,-0.3080848777867311,0.0,147.8,162.2,-14.399999999999977,172.6,159.8
1359482,6,Guwahati,2023-04-05,Indian Premier League,male,T20,2023,field,Rajasthan Royals,"""Barsapara Cricket Stadium, Guwahati""",Punjab Kings,Punjab Kings,Rajasthan Royals,1,0.4604651162790698,0.5053191489361702,0.6,0.6,0.5,0.5,0,0,-0.04485403265710047,0.391304347826087,178.2,166.6,11.599999999999994,161.4,152.4
1359483,6,Kolkata,2023-04-06,Indian Premier League,male,T20,2023,field,Royal Challengers Bangalore,"""Eden Gardens, Kolkata""",Kolkata Knight Riders,Kolkata Knight Riders,Royal Challengers Bengaluru,1,0.5136363636363637,0.48868778280542985,0.4,0.6,0.5,1.0,0,0,0.02494858083093382,0.5333333333333333,159.4,172.2,-12.799999999999983,162.6,180.4
1359484,6,Lucknow,2023-04-07,Indian Premier League,male,T20,2023,bat,Sunrisers Hyderabad,"""Bharat Ratna Shri Atal Bihari Vajpayee Ekana Cricket Stadium, Lucknow""",Lucknow Super Giants,Sunrisers Hyderabad,Lucknow Super Giants,0,0.4966442953020134,0.5882352941176471,0.2,0.4,0.5,1.0,1,1,-0.09159099881563365,0.0,145.8,191.0,-45.19999999999999,184.4,190.6
1359485,6,Guwahati,2023-04-08,Indian Premier League,male,T20,2023,field,Delhi Capitals,"""Barsapara Cricket Stadium, Guwahati""",Rajasthan Royals,Rajasthan Royals,Delhi Capitals,1,0.5026455026455027,0.45454545454545453,0.4,0.4,0.0,0.5,0,0,0.04810004810004814,0.5,174.8,156.8,18.0,161.8,163.6
1359486,6,Mumbai,2023-04-08,Indian Premier League,male,T20,2023,field,Chennai Super Kings,"""Wankhede Stadium, Mumbai""",Chennai Super Kings,Mumbai Indians,Chennai Super Kings,0,0.5657894736842105,0.583732057416268,0.4,0.2,0.5,0.4444444444444444,0,0,-0.017942583732057482,0.5882352941176471,147.4,155.0,-7.599999999999994,157.2,155.6
1359487,6,Ahmedabad,2023-04-09,Indian Premier League,male,T20,2023,bat,Gujarat Titans,"""Narendra Modi Stadium, Ahmedabad""",Kolkata Knight Riders,Gujarat Titans,Kolkata Knight Riders,0,0.7777777777777778,0.5158371040723982,0.8,0.6,1.0,0.5,1,1,0.26194067370537955,1.0,167.4,180.0,-12.599999999999994,165.6,152.0
1359488,6,Hyderabad,2023-04-09,Indian Premier League,male,T20,2023,field,Sunrisers Hyderabad,"""Rajiv Gandhi International Stadium, Uppal, Hyderabad""",Sunrisers Hyderabad,Punjab Kings,Sunrisers Hyderabad,0,0.46296296296296297,0.49333333333333335,0.8,0.2,0.5,0.0,0,0,-0.03037037037037038,0.35,179.8,145.0,34.80000000000001,161.8,171.4
1359489,6,Bengaluru,2023-04-10,Indian Premier League,male,T20,2023,field,Lucknow Super Giants,"""M Chinnaswamy Stadium, Bengaluru""",Lucknow Super Giants,Royal Challengers Bengaluru,Lucknow Super Giants,0,0.4864864864864865,0.6111111111111112,0.6,0.6,1.0,0.5,0,0,-0.12462462462462465,1.0,165.8,185.6,-19.799999999999983,179.4,179.2
1359490,6,Delhi,2023-04-11,Indian Premier League,male,T20,2023,field,Mumbai Indians,"""Arun Jaitley Stadium, Delhi""",Mumbai Indians,Delhi Capitals,Mumbai Indians,0,0.45248868778280543,0.5633187772925764,0.2,0.4,0.0,1.0,0,0,-0.11083008950977097,0.46875,153.0,156.2,-3.1999999999999886,171.4,156.0
1359491,6,Chennai,2023-04-12,Indian Premier League,male,T20,2023,field,Chennai Super Kings,"""MA Chidambaram Stadium, Chepauk, Chennai""",Rajasthan Royals,Rajasthan Royals,Chennai Super Kings,1,0.5052631578947369,0.5857142857142857,0.6,0.4,0.5,1.0,0,0,-0.08045112781954888,0.4230769230769231,177.0,167.4,9.599999999999994,152.0,166.4
1359492,6,Chandigarh,2023-04-13,Indian Premier League,male,T20,2023,field,Gujarat Titans,"""Punjab Cricket Association IS Bindra Stadium, Mohali, Chandigarh""",Gujarat Titans,Punjab Kings,Gujarat Titans,0,0.4608294930875576,0.7368421052631579,0.6,0.8,1.0,0.5,0,0,-0.27601261217560025,0.5,166.6,174.6,-8.0,159.8,173.0
1359493,6,Kolkata,2023-04-14,Indian Premier League,male,T20,2023,field,Kolkata Knight Riders,"""Eden Gardens, Kolkata""",Sunrisers Hyderabad,Sunrisers Hyderabad,Kolkata Knight Riders,1,0.4966887417218543,0.5180180180180181,0.4,0.6,0.5,1.0,0,0,-0.02132927629616377,0.36363636363636365,149.4,188.4,-39.0,164.6,170.2
1359494,6,Bengaluru,2023-04-15,Indian Premier League,male,T20,2023,field,Delhi Capitals,"""M Chinnaswamy Stadium, Bengaluru""",Royal Challengers Bengaluru,Royal Challengers Bengaluru,Delhi Capitals,1,0.484304932735426,0.45045045045045046,0.4,0.0,0.5,0.5,0,0,0.03385448228497556,0.6153846153846154,174.2,155.6,18.599999999999994,188.4,177.6
1359495,6,Lucknow,2023-04-15,Indian Premier League,male,T20,2023,field,Punjab Kings,"""Bharat Ratna Shri Atal Bihari Vajpayee Ekana Cricket Stadium, Lucknow""",Punjab Kings,Lucknow Super Giants,Punjab Kings,0,0.631578947368421,0.45871559633027525,0.6,0.6,1.0,0.5,0,0,0.17286335103814576,1.0,186.2,168.8,17.399999999999977,180.0,158.8
1359497,6,Ahmedabad,2023-04-16,Indian Premier League,male,T20,2023,field,Rajasthan Royals,"""Narendra Modi Stadium, Ahmedabad""",Rajasthan Royals,Gujarat Titans,Rajasthan Royals,0,0.75,0.5078534031413613,0.8,0.6,0.6666666666666666,0.5,0,0,0.2421465968586387,1.0,167.2,179.8,-12.600000000000023,166.0,155.0
1359496,6,Mumbai,2023-04-16,Indian Premier League,male,T20,2023,field,Mumbai Indians,"""Wankhede Stadium, Mumbai""",Mumbai Indians,Kolkata Knight Riders,Mumbai Indians,0,0.515695067264574,0.5652173913043478,0.4,0.4,0.5,0.4,0,0,-0.049522324039773746,0.2903225806451613,194.0,170.2,23.80000000000001,191.2,171.0
1359498,6,Bengaluru,2023-04-17,Indian Premier League,male,T20,2023,field,Royal Challengers Bangalore,"""M Chinnaswamy Stadium, Bengaluru""",Chennai Super Kings,Chennai Super Kings,Royal Challengers Bengaluru,1,0.5829383886255924,0.48660714285714285,0.4,0.4,0.5,0.6666666666666666,0,0,0.09633124576844959,0.6551724137931034,175.2,167.6,7.599999999999994,174.0,180.0
1359499,6,Hyderabad,2023-04-18,Indian Premier League,male,T20,2023,field,Sunrisers Hyderabad,"""Rajiv Gandhi International Stadium, Uppal, Hyderabad""",Mumbai Indians,Mumbai Indians,Sunrisers Hyderabad,1,0.5670995670995671,0.5,0.6,0.4,0.5,0.5,0,0,0.0670995670995671,0.5,169.4,156.4,13.0,169.4,167.6
1359500,6,Jaipur,2023-04-19,Indian Premier League,male,T20,2023,field,Rajasthan Royals,"""Sawai Mansingh Stadium, Jaipur""",Lucknow Super Giants,Lucknow Super Giants,Rajasthan Royals,1,0.6,0.5104166666666666,0.6,0.8,0.5,0.5,0,0,0.08958333333333335,0.0,179.4,189.6,-10.199999999999989,170.8,163.8
1359501,6,Chandigarh,2023-04-20,Indian Premier League,male,T20,2023,field,Punjab Kings,"""Punjab Cricket Association IS Bindra Stadium, Mohali, Chandigarh""",Royal Challengers Bengaluru,Royal Challengers Bengaluru,Punjab Kings,1,0.48444444444444446,0.4611872146118721,0.4,0.6,0.5,0.5,0,0,0.023257229832572335,0.43333333333333335,179.8,169.0,10.800000000000011,193.0,159.2
1359502,6,Delhi,2023-04-20,Indian Premier League,male,T20,2023,field,Delhi Capitals,"""Arun Jaitley Stadium, Delhi""",Delhi Capitals,Kolkata Knight Riders,Delhi Capitals,0,0.5133928571428571,0.4484304932735426,0.4,0.0,0.5,0.0,0,0,0.06496236386931448,0.5517241379310345,189.4,154.0,35.400000000000006,186.4,180.4
1359503,6,Chennai,2023-04-21,Indian Premier League,male,T20,2023,field,Chennai Super Kings,"""MA Chidambaram Stadium, Chepauk, Chennai""",Chennai Super Kings,Sunrisers Hyderabad,Chennai Super Kings,0,0.49673202614379086,0.5849056603773585,0.4,0.6,0.25,0.5,0,0,-0.08817363423356761,0.2777777777777778,160.6,190.4,-29.80000000000001,174.0,187.4
1359504,6,Lucknow,2023-04-22,Indian Premier League,male,T20,2023,bat,Gujarat Titans,"""Bharat Ratna Shri Atal Bihari Vajpayee Ekana Cricket Stadium, Lucknow""",Gujarat Titans,Gujarat Titans,Lucknow Super Giants,1,0.7142857142857143,0.6190476190476191,0.6,0.6,0.5,0.6666666666666666,1,1,0.09523809523809523,1.0,176.0,171.6,4.400000000000006,175.8,171.0
1359505,6,Mumbai,2023-04-22,Indian Premier League,male,T20,2023,field,Mumbai Indians,"""Wankhede Stadium, Mumbai""",Punjab Kings,Punjab Kings,Mumbai Indians,1,0.4590909090909091,0.5689655172413793,0.4,0.6,0.42857142857142855,0.5,0,0,-0.10987460815047023,0.4642857142857143,160.8,175.8,-15.0,164.8,173.2
1359506,6,Bengaluru,2023-04-23,Indian Premier League,male,T20,2023,field,Rajasthan Royals,"""M Chinnaswamy Stadium, Bengaluru""",Royal Challengers Bengaluru,Royal Challengers Bengaluru,Rajasthan Royals,1,0.48672566371681414,0.5077720207253886,0.4,0.6,0.5,0.5,0,0,-0.02104635700857449,0.52,180.2,177.8,2.3999999999999773,188.8,168.4
1359507,6,Kolkata,2023-04-23,Indian Premier League,male,T20,2023,field,Kolkata Knight Riders,"""Eden Gardens, Kolkata""",Chennai Super Kings,Chennai Super Kings,Kolkata Knight Riders,1,0.5868544600938967,0.5111111111111111,0.8,0.4,0.5,0.5,0,0,0.07574334898278567,0.6538461538461539,182.4,185.6,-3.1999999999999886,177.8,173.8
1359508,6,Hyderabad,2023-04-24,Indian Premier League,male,T20,2023,bat,Delhi Capitals,"""Rajiv Gandhi International Stadium, Uppal, Hyderabad""",Delhi Capitals,Delhi Capitals,Sunrisers Hyderabad,1,0.45089285714285715,0.4935064935064935,0.2,0.4,0.5,0.3333333333333333,1,1,-0.042613636363636354,0.45,151.0,161.2,-10.199999999999989,167.2,161.0
1359509,6,Ahmedabad,2023-04-25,Indian Premier League,male,T20,2023,field,Mumbai Indians,"""Narendra Modi Stadium, Ahmedabad""",Gujarat Titans,Gujarat Titans,Mumbai Indians,1,0.7272727272727273,0.5665236051502146,0.6,0.6,0.5,0.5,0,0,0.1607491221225127,0.0,166.6,181.8,-15.200000000000017,165.8,181.6
1359510,6,Bengaluru,2023-04-26,Indian Premier League,male,T20,2023,field,Royal Challengers Bangalore,"""M Chinnaswamy Stadium, Bengaluru""",Kolkata Knight Riders,Kolkata Knight Riders,Royal Challengers Bengaluru,1,0.5088495575221239,0.4889867841409692,0.2,0.6,0.5,0.6,0,0,0.01986277338115472,0.5483870967741935,182.0,193.4,-11.400000000000006,196.2,184.4
1359511,6,Jaipur,2023-04-27,Indian Premier League,male,T20,2023,bat,Rajasthan Royals,"""Sawai Mansingh Stadium, Jaipur""",Rajasthan Royals,Rajasthan Royals,Chennai Super Kings,1,0.5051546391752577,0.5887850467289719,0.6,0.8,0.0,0.5,1,1,-0.0836304075537142,0.4444444444444444,175.8,186.0,-10.199999999999989,166.8,174.0
1359512,6,Chandigarh,2023-04-28,Indian Premier League,male,T20,2023,field,Punjab Kings,"""Punjab Cricket Association IS Bindra Stadium, Mohali, Chandigarh""",Lucknow Super Giants,Lucknow Super Giants,Punjab Kings,1,0.5909090909090909,0.46153846153846156,0.6,0.4,0.5,0.3333333333333333,0,0,0.12937062937062938,0.5,156.2,164.2,-8.0,154.6,166.6
1359513,6,Kolkata,2023-04-29,Indian Premier League,male,T20,2023,field,Gujarat Titans,"""Eden Gardens, Kolkata""",Gujarat Titans,Kolkata Knight Riders,Gujarat Titans,0,0.5110132158590308,0.7391304347826086,0.2,0.6,0.3333333333333333,1.0,0,0,-0.22811721892357784,0.5,180.6,175.4,5.199999999999989,191.2,163.8
1359514,6,Delhi,2023-04-29,Indian Premier League,male,T20,2023,bat,Sunrisers Hyderabad,"""Arun Jaitley Stadium, Delhi""",Sunrisers Hyderabad,Sunrisers Hyderabad,Delhi Capitals,1,0.49032258064516127,0.4533333333333333,0.4,0.4,0.0,0.3333333333333333,1,1,0.036989247311827955,0.5238095238095238,164.4,147.4,17.0,164.4,162.0
1359516,6,Mumbai,2023-04-30,Indian Premier League,male,T20,2023,bat,Rajasthan Royals,"""Wankhede Stadium, Mumbai""",Mumbai Indians,Rajasthan Royals,Mumbai Indians,0,0.5076923076923077,0.5641025641025641,0.6,0.6,0.5,0.42857142857142855,1,1,-0.05641025641025643,0.46153846153846156,176.4,180.8,-4.400000000000006,172.4,191.2
1359515,6,Chennai,2023-04-30,Indian Premier League,male,T20,2023,bat,Chennai Super Kings,"""MA Chidambaram Stadium, Chepauk, Chennai""",Punjab Kings,Chennai Super Kings,Punjab Kings,0,0.586046511627907,0.4594594594594595,0.6,0.4,0.6666666666666666,0.5,1,1,0.1265870521684475,0.5769230769230769,188.2,175.8,12.399999999999977,183.0,189.0
1359517,6,Lucknow,2023-05-01,Indian Premier League,male,T20,2023,bat,Royal Challengers Bangalore,"""Bharat Ratna Shri Atal Bihari Vajpayee Ekana Cricket Stadium, Lucknow""",Royal Challengers Bengaluru,Royal Challengers Bengaluru,Lucknow Super Giants,1,0.4868421052631579,0.6086956521739131,0.6,0.6,0.5,0.5,0,0,-0.12185354691075517,0.6666666666666666,186.8,182.2,4.600000000000023,181.8,170.6
1359518,6,Ahmedabad,2023-05-02,Indian Premier League,male,T20,2023,bat,Delhi Capitals,"""Narendra Modi Stadium, Ahmedabad""",Delhi Capitals,Delhi Capitals,Gujarat Titans,1,0.45132743362831856,0.75,0.4,0.8,0.6666666666666666,0.6,1,1,-0.29867256637168144,0.0,156.6,170.6,-14.0,161.6,158.2
1359520,6,Chandigarh,2023-05-03,Indian Premier League,male,T20,2023,field,Mumbai Indians,"""Punjab Cricket Association IS Bindra Stadium, Mohali, Chandigarh""",Mumbai Indians,Punjab Kings,Mumbai Indians,0,0.4618834080717489,0.5659574468085107,0.6,0.6,0.25,0.5,0,0,-0.1040740387367618,0.4827586206896552,185.4,189.0,-3.5999999999999943,198.2,199.2
1359521,6,Hyderabad,2023-05-04,Indian Premier League,male,T20,2023,bat,Kolkata Knight Riders,"""Rajiv Gandhi International Stadium, Uppal, Hyderabad""",Kolkata Knight Riders,Kolkata Knight Riders,Sunrisers Hyderabad,1,0.5087719298245614,0.4935897435897436,0.2,0.4,0.5,0.25,1,1,0.015182186234817818,0.6086956521739131,175.4,174.8,0.5999999999999943,181.6,173.4
1359522,6,Jaipur,2023-05-05,Indian Premier League,male,T20,2023,bat,Rajasthan Royals,"""Sawai Mansingh Stadium, Jaipur""",Gujarat Titans,Rajasthan Royals,Gujarat Titans,0,0.5051020408163265,0.72,0.4,0.6,0.5,0.5,1,1,-0.2148979591836735,0.25,183.8,164.8,19.0,180.8,153.6
1359523,6,Chennai,2023-05-06,Indian Premier League,male,T20,2023,field,Chennai Super Kings,"""MA Chidambaram Stadium, Chepauk, Chennai""",Chennai Super Kings,Mumbai Indians,Chennai Super Kings,0,0.5677966101694916,0.5833333333333334,0.6,0.6,0.4,0.5,0,0,-0.015536723163841804,0.5714285714285714,195.0,193.8,1.1999999999999886,205.0,188.2
1359524,6,Delhi,2023-05-06,Indian Premier League,male,T20,2023,bat,Royal Challengers Bangalore,"""Arun Jaitley Stadium, Delhi""",Delhi Capitals,Royal Challengers Bengaluru,Delhi Capitals,0,0.4890829694323144,0.45374449339207046,0.6,0.6,0.5,0.25,0,0,0.03533847604024393,0.6296296296296297,177.2,148.2,29.0,173.2,152.0
1359525,6,Ahmedabad,2023-05-07,Indian Premier League,male,T20,2023,field,Lucknow Super Giants,"""Narendra Modi Stadium, Ahmedabad""",Gujarat Titans,Gujarat Titans,Lucknow Super Giants,1,0.7307692307692307,0.5833333333333334,0.8,0.4,0.5,0.5,0,0,0.14743589743589736,1.0,153.2,161.2,-8.0,141.4,153.4
1359526,6,Jaipur,2023-05-07,Indian Premier League,male,T20,2023,bat,Rajasthan Royals,"""Sawai Mansingh Stadium, Jaipur""",Sunrisers Hyderabad,Rajasthan Royals,Sunrisers Hyderabad,0,0.5025380710659898,0.49044585987261147,0.2,0.2,0.3333333333333333,0.5,1,1,0.012092211193378333,0.5294117647058824,171.6,162.4,9.199999999999989,169.2,166.6
1359527,6,Kolkata,2023-05-08,Indian Premier League,male,T20,2023,bat,Punjab Kings,"""Eden Gardens, Kolkata""",Kolkata Knight Riders,Punjab Kings,Kolkata Knight Riders,0,0.45982142857142855,0.5109170305676856,0.4,0.4,0.5,0.25,1,1,-0.05109560199625701,0.3548387096774194,196.0,172.6,23.400000000000006,209.6,177.6
1359528,6,Mumbai,2023-05-09,Indian Premier League,male,T20,2023,field,Mumbai Indians,"""Wankhede Stadium, Mumbai""",Mumbai Indians,Royal Challengers Bengaluru,Mumbai Indians,0,0.48695652173913045,0.5654008438818565,0.6,0.4,0.8333333333333334,0.5,0,0,-0.07844432214272606,0.43333333333333335,169.8,184.4,-14.599999999999994,165.4,197.4
1359529,6,Chennai,2023-05-10,Indian Premier League,male,T20,2023,bat,Chennai Super Kings,"""MA Chidambaram Stadium, Chepauk, Chennai""",Chennai Super Kings,Chennai Super Kings,Delhi Capitals,1,0.5852534562211982,0.45614035087719296,0.6,0.8,0.6,1.0,1,1,0.12911310534400522,0.6296296296296297,176.6,155.4,21.19999999999999,172.4,153.4
1359530,6,Kolkata,2023-05-11,Indian Premier League,male,T20,2023,field,Rajasthan Royals,"""Eden Gardens, Kolkata""",Rajasthan Royals,Kolkata Knight Riders,Rajasthan Royals,0,0.5130434782608696,0.5,0.6,0.2,0.4,0.0,0,0,0.013043478260869601,0.5833333333333334,183.6,185.6,-2.0,187.8,181.8
1359531,6,Mumbai,2023-05-12,Indian Premier League,male,T20,2023,field,Gujarat Titans,"""Wankhede Stadium, Mumbai""",Mumbai Indians,Mumbai Indians,Gujarat Titans,1,0.5672268907563025,0.7407407407407407,0.6,0.8,0.5555555555555556,0.75,0,0,-0.1735138499844382,0.5,184.2,171.6,12.599999999999994,194.4,150.0
1359533,6,Delhi,2023-05-13,Indian Premier League,male,T20,2023,field,Delhi Capitals,"""Arun Jaitley Stadium, Delhi""",Punjab Kings,Punjab Kings,Delhi Capitals,1,0.4577777777777778,0.45414847161572053,0.4,0.6,0.5,0.4,0,0,0.0036293061620572553,0.5172413793103449,201.8,157.8,44.0,211.2,161.4
1359532,6,Hyderabad,2023-05-13,Indian Premier League,male,T20,2023,bat,Sunrisers Hyderabad,"""Rajiv Gandhi International Stadium, Uppal, Hyderabad""",Lucknow Super Giants,Sunrisers Hyderabad,Lucknow Super Giants,0,0.4936708860759494,0.56,0.4,0.4,0.2,0.5,1,1,-0.06632911392405066,0.0,170.2,163.6,6.599999999999994,171.0,166.6
1359534,6,Jaipur,2023-05-14,Indian Premier League,male,T20,2023,bat,Royal Challengers Bangalore,"""Sawai Mansingh Stadium, Jaipur""",Royal Challengers Bengaluru,Royal Challengers Bengaluru,Rajasthan Royals,1,0.48484848484848486,0.5025125628140703,0.4,0.4,0.5,0.25,0,0,-0.017664077965585445,0.5384615384615384,174.8,179.4,-4.599999999999994,175.4,173.8
1359535,6,Chennai,2023-05-14,Indian Premier League,male,T20,2023,bat,Chennai Super Kings,"""MA Chidambaram Stadium, Chepauk, Chennai""",Kolkata Knight Riders,Chennai Super Kings,Kolkata Knight Riders,0,0.5871559633027523,0.5108225108225108,0.6,0.6,0.6666666666666666,0.3333333333333333,1,1,0.07633345248024148,0.6666666666666666,182.4,176.2,6.200000000000017,173.6,171.0
1359536,6,Ahmedabad,2023-05-15,Indian Premier League,male,T20,2023,field,Sunrisers Hyderabad,"""Narendra Modi Stadium, Ahmedabad""",Gujarat Titans,Gujarat Titans,Sunrisers Hyderabad,1,0.7142857142857143,0.49056603773584906,0.6,0.4,0.5714285714285714,0.5,0,0,0.22371967654986524,0.5,168.4,179.8,-11.400000000000006,163.2,180.4
1359537,6,Lucknow,2023-05-16,Indian Premier League,male,T20,2023,field,Mumbai Indians,"""Bharat Ratna Shri Atal Bihari Vajpayee Ekana Cricket Stadium, Lucknow""",Lucknow Super Giants,Lucknow Super Giants,Mumbai Indians,1,0.5769230769230769,0.5690376569037657,0.4,0.8,0.4,0.5,0,0,0.00788542001931114,1.0,169.8,197.4,-27.599999999999994,174.2,191.2
1359538,6,Dharamsala,2023-05-17,Indian Premier League,male,T20,2023,field,Punjab Kings,"""Himachal Pradesh Cricket Association Stadium, Dharamsala""",Delhi Capitals,Delhi Capitals,Punjab Kings,1,0.45217391304347826,0.46017699115044247,0.4,0.4,0.5,0.5,0,0,-0.008003078106964212,0.4666666666666667,156.2,192.4,-36.20000000000002,167.4,198.2
1359539,6,Hyderabad,2023-05-18,Indian Premier League,male,T20,2023,field,Royal Challengers Bangalore,"""Rajiv Gandhi International Stadium, Uppal, Hyderabad""",Royal Challengers Bengaluru,Sunrisers Hyderabad,Royal Challengers Bengaluru,0,0.4875,0.4870689655172414,0.4,0.4,0.16666666666666666,0.5,0,0,0.0004310344827586077,0.55,183.2,171.2,12.0,189.2,150.8
1359540,6,Dharamsala,2023-05-19,Indian Premier League,male,T20,2023,field,Rajasthan Royals,"""Himachal Pradesh Cricket Association Stadium, Dharamsala""",Rajasthan Royals,Punjab Kings,Rajasthan Royals,0,0.4581497797356828,0.5,0.4,0.2,0.0,0.5,0,0,-0.04185022026431717,0.4166666666666667,191.8,150.8,41.0,189.4,174.0
1359541,6,Delhi,2023-05-20,Indian Premier League,male,T20,2023,bat,Chennai Super Kings,"""Arun Jaitley Stadium, Delhi""",Chennai Super Kings,Chennai Super Kings,Delhi Capitals,1,0.5844748858447488,0.45454545454545453,0.4,0.6,0.5,0.3333333333333333,1,1,0.1299294312992943,0.6428571428571429,164.2,161.2,3.0,165.8,167.6
1359542,6,Kolkata,2023-05-20,Indian Premier League,male,T20,2023,field,Kolkata Knight Riders,"""Eden Gardens, Kolkata""",Lucknow Super Giants,Lucknow Super Giants,Kolkata Knight Riders,1,0.5925925925925926,0.5129310344827587,0.6,0.6,0.0,0.3333333333333333,0,0,0.07966155810983389,1.0,179.6,165.6,14.0,181.6,164.0
1359543,6,Mumbai,2023-05-21,Indian Premier League,male,T20,2023,field,Mumbai Indians,"""Wankhede Stadium, Mumbai""",Mumbai Indians,Sunrisers Hyderabad,Mumbai Indians,0,0.484472049689441,0.5666666666666667,0.2,0.6,0.25,0.6,0,0,-0.08219461697722563,0.47368421052631576,181.0,189.0,-8.0,189.0,184.2
1359544,6,Bengaluru,2023-05-21,Indian Premier League,male,T20,2023,field,Gujarat Titans,"""M Chinnaswamy Stadium, Bengaluru""",Gujarat Titans,Royal Challengers Bengaluru,Gujarat Titans,0,0.4892703862660944,0.7241379310344828,0.6,0.6,0.5,0.5,0,0,-0.23486754476838834,0.5,172.8,170.0,2.8000000000000114,148.0,158.2
1370350,6,Chennai,2023-05-23,Indian Premier League,male,T20,2023,field,Gujarat Titans,"""MA Chidambaram Stadium, Chepauk, Chennai""",Chennai Super Kings,Chennai Super Kings,Gujarat Titans,1,0.5863636363636363,0.7333333333333333,0.6,0.8,0.5714285714285714,0.5,0,0,-0.14696969696969697,0.0,174.8,184.6,-9.799999999999983,154.6,171.6
1370351,6,Chennai,2023-05-24,Indian Premier League,male,T20,2023,bat,Mumbai Indians,"""MA Chidambaram Stadium, Chepauk, Chennai""",Mumbai Indians,Mumbai Indians,Lucknow Super Giants,1,0.5684647302904564,0.6071428571428571,0.6,0.6,0.3333333333333333,0.0,1,1,-0.038678126852400685,0.0,186.0,163.4,22.599999999999994,181.4,176.4
1370352,6,Ahmedabad,2023-05-26,Indian Premier League,male,T20,2023,field,Mumbai Indians,"""Narendra Modi Stadium, Ahmedabad""",Gujarat Titans,Gujarat Titans,Mumbai Indians,1,0.7096774193548387,0.5702479338842975,0.6,0.8,0.625,0.0,0,0,0.13942948547054124,0.3333333333333333,192.2,194.6,-2.4000000000000057,182.4,173.6
1370353,6,Ahmedabad,2023-05-29,Indian Premier League,male,T20,2023,field,Chennai Super Kings,"""Narendra Modi Stadium, Ahmedabad""",Chennai Super Kings,Gujarat Titans,Chennai Super Kings,0,0.71875,0.5882352941176471,0.6,0.8,0.6666666666666666,0.0,0,0,0.13051470588235292,0.75,193.4,169.2,24.200000000000017,182.4,145.8
1422119,6,Chennai,2024-03-22,Indian Premier League,male,T20,2024,bat,Royal Challengers Bengaluru,"""MA Chidambaram Stadium, Chepauk, Chennai""",Chennai Super Kings,Royal Challengers Bengaluru,Chennai Super Kings,0,0.48717948717948717,0.5900900900900901,0.4,0.8,1.0,0.625,1,1,-0.10291060291060289,0.3333333333333333,187.0,175.4,11.599999999999994,166.0,160.8
1422121,6,Kolkata,2024-03-23,Indian Premier League,male,T20,2024,field,Sunrisers Hyderabad,"""Eden Gardens, Kolkata""",Kolkata Knight Riders,Kolkata Knight Riders,Sunrisers Hyderabad,1,0.5107296137339056,0.48148148148148145,0.6,0.2,0.2857142857142857,1.0,0,0,0.02924813225242412,0.625,164.8,187.8,-23.0,163.2,195.0
1422120,6,Mohali,2024-03-23,Indian Premier League,male,T20,2024,field,Punjab Kings,"""Maharaja Yadavindra Singh International Cricket Stadium, Mullanpur""",Punjab Kings,Delhi Capitals,Punjab Kings,0,0.4525862068965517,0.45614035087719296,0.4,0.2,0.5,0.5,0,0,-0.0035541439806412445,0.4838709677419355,164.4,189.0,-24.599999999999994,187.2,187.2
1422122,6,Jaipur,2024-03-24,Indian Premier League,male,T20,2024,bat,Rajasthan Royals,"""Sawai Mansingh Stadium, Jaipur""",Rajasthan Royals,Rajasthan Royals,Lucknow Super Giants,1,0.5024875621890548,0.5862068965517241,0.4,0.6,0.2,1.0,1,1,-0.08371933436266932,0.6666666666666666,146.2,162.0,-15.800000000000011,168.6,187.6
1422123,6,Ahmedabad,2024-03-24,Indian Premier League,male,T20,2024,field,Mumbai Indians,"""Narendra Modi Stadium, Ahmedabad""",Gujarat Titans,Gujarat Titans,Mumbai Indians,1,0.696969696969697,0.5679012345679012,0.6,0.6,0.6,0.0,0,0,0.1290684624017958,0.5,198.0,188.8,9.199999999999989,173.0,180.4
1422124,6,Bengaluru,2024-03-25,Indian Premier League,male,T20,2024,field,Royal Challengers Bengaluru,"""M Chinnaswamy Stadium, Bengaluru""",Royal Challengers Bengaluru,Punjab Kings,Royal Challengers Bengaluru,0,0.4585152838427948,0.4851063829787234,0.4,0.4,0.5,0.42857142857142855,0,0,-0.02659109913592861,0.5483870967741935,181.6,185.4,-3.8000000000000114,178.8,163.8
1422125,6,Chennai,2024-03-26,Indian Premier League,male,T20,2024,field,Gujarat Titans,"""MA Chidambaram Stadium, Chepauk, Chennai""",Chennai Super Kings,Chennai Super Kings,Gujarat Titans,1,0.5919282511210763,0.7058823529411765,0.8,0.6,0.6666666666666666,0.0,0,0,-0.11395410182010024,0.4,177.2,194.0,-16.80000000000001,167.4,174.6
1422126,6,Hyderabad,2024-03-27,Indian Premier League,male,T20,2024,field,Mumbai Indians,"""Rajiv Gandhi International Stadium, Uppal, Hyderabad""",Sunrisers Hyderabad,Sunrisers Hyderabad,Mumbai Indians,1,0.4785276073619632,0.5655737704918032,0.0,0.4,0.14285714285714285,1.0,0,0,-0.08704616312984004,0.45,185.2,177.6,7.599999999999994,193.8,175.8
1422127,6,Jaipur,2024-03-28,Indian Premier League,male,T20,2024,field,Delhi Capitals,"""Sawai Mansingh Stadium, Jaipur""",Rajasthan Royals,Rajasthan Royals,Delhi Capitals,1,0.504950495049505,0.45064377682403434,0.6,0.2,0.3333333333333333,0.5,0,0,0.05430671822547062,0.5185185185185185,161.2,161.8,-0.6000000000000227,179.4,186.4
1422128,6,Bengaluru,2024-03-29,Indian Premier League,male,T20,2024,field,Kolkata Knight Riders,"""M Chinnaswamy Stadium, Bengaluru""",Kolkata Knight Riders,Royal Challengers Bengaluru,Kolkata Knight Riders,0,0.4872881355932203,0.5128205128205128,0.6,0.6,0.5,1.0,0,0,-0.025532377227292458,0.4375,181.2,172.2,9.0,159.0,170.8
1422129,6,Lucknow,2024-03-30,Indian Premier League,male,T20,2024,bat,Lucknow Super Giants,"""Bharat Ratna Shri Atal Bihari Vajpayee Ekana Cricket Stadium, Lucknow""",Lucknow Super Giants,Lucknow Super Giants,Punjab Kings,1,0.5666666666666667,0.45652173913043476,0.6,0.4,0.5,1.0,1,1,0.1101449275362319,0.6666666666666666,162.4,181.0,-18.599999999999994,180.8,178.0
1422130,6,Ahmedabad,2024-03-31,Indian Premier League,male,T20,2024,bat,Sunrisers Hyderabad,"""Narendra Modi Stadium, Ahmedabad""",Gujarat Titans,Sunrisers Hyderabad,Gujarat Titans,0,0.4817073170731707,0.6857142857142857,0.2,0.4,0.0,0.6363636363636364,1,1,-0.204006968641115,0.3333333333333333,204.2,183.0,21.19999999999999,206.0,176.4
1422131,6,Visakhapatnam,2024-03-31,Indian Premier League,male,T20,2024,bat,Delhi Capitals,"""Dr. Y.S. Rajasekhara Reddy ACA-VDCA Cricket Stadium, Visakhapatnam""",Delhi Capitals,Delhi Capitals,Chennai Super Kings,1,0.44871794871794873,0.59375,0.2,1.0,0.5,0.5,1,1,-0.14503205128205127,0.3448275862068966,168.4,189.6,-21.19999999999999,190.0,166.6
1422132,6,Mumbai,2024-04-01,Indian Premier League,male,T20,2024,field,Rajasthan Royals,"""Wankhede Stadium, Mumbai""",Rajasthan Royals,Mumbai Indians,Rajasthan Royals,0,0.563265306122449,0.5073891625615764,0.4,0.8,0.6363636363636364,0.45454545454545453,0,0,0.05587614356087256,0.5555555555555556,192.4,155.4,37.0,195.8,170.6
1422133,6,Bengaluru,2024-04-02,Indian Premier League,male,T20,2024,field,Royal Challengers Bengaluru,"""M Chinnaswamy Stadium, Bengaluru""",Lucknow Super Giants,Lucknow Super Giants,Royal Challengers Bengaluru,1,0.5806451612903226,0.48523206751054854,0.6,0.4,1.0,0.4444444444444444,0,0,0.09541309377977408,0.25,165.2,183.4,-18.200000000000017,180.0,184.4
1422134,6,Visakhapatnam,2024-04-03,Indian Premier League,male,T20,2024,bat,Kolkata Knight Riders,"""Dr. Y.S. Rajasekhara Reddy ACA-VDCA Cricket Stadium, Visakhapatnam""",Kolkata Knight Riders,Kolkata Knight Riders,Delhi Capitals,1,0.5148936170212766,0.451063829787234,0.6,0.4,0.5,1.0,1,1,0.06382978723404253,0.5333333333333333,173.0,179.4,-6.400000000000006,171.4,190.8
1422135,6,Ahmedabad,2024-04-04,Indian Premier League,male,T20,2024,field,Punjab Kings,"""Narendra Modi Stadium, Ahmedabad""",Punjab Kings,Gujarat Titans,Punjab Kings,0,0.6944444444444444,0.45454545454545453,0.6,0.2,0.6666666666666666,0.3333333333333333,0,0,0.2398989898989899,0.6666666666666666,185.2,183.2,2.0,174.4,190.6
1422136,6,Hyderabad,2024-04-05,Indian Premier League,male,T20,2024,field,Sunrisers Hyderabad,"""Rajiv Gandhi International Stadium, Uppal, Hyderabad""",Sunrisers Hyderabad,Chennai Super Kings,Sunrisers Hyderabad,0,0.5911111111111111,0.47878787878787876,0.8,0.2,0.5,0.25,0,0,0.11232323232323238,0.7368421052631579,179.2,205.8,-26.600000000000023,175.6,202.0
1422137,6,Jaipur,2024-04-06,Indian Premier League,male,T20,2024,field,Rajasthan Royals,"""Sawai Mansingh Stadium, Jaipur""",Rajasthan Royals,Royal Challengers Bengaluru,Rajasthan Royals,0,0.4831932773109244,0.5098039215686274,0.2,0.8,1.0,0.42857142857142855,0,0,-0.026610644257703042,0.5555555555555556,176.6,150.6,26.0,183.4,165.8
1422138,6,Mumbai,2024-04-07,Indian Premier League,male,T20,2024,field,Delhi Capitals,"""Wankhede Stadium, Mumbai""",Mumbai Indians,Mumbai Indians,Delhi Capitals,1,0.5609756097560976,0.4491525423728814,0.2,0.2,0.5833333333333334,0.375,0,0,0.11182306738321623,0.5454545454545454,177.2,170.0,7.199999999999989,181.2,205.6
1422139,6,Lucknow,2024-04-07,Indian Premier League,male,T20,2024,bat,Lucknow Super Giants,"""Bharat Ratna Shri Atal Bihari Vajpayee Ekana Cricket Stadium, Lucknow""",Lucknow Super Giants,Lucknow Super Giants,Gujarat Titans,1,0.59375,0.6756756756756757,0.6,0.4,0.5714285714285714,1.0,1,1,-0.08192567567567566,0.0,166.0,178.4,-12.400000000000006,176.2,180.2
1426260,6,Chennai,2024-04-08,Indian Premier League,male,T20,2024,field,Chennai Super Kings,"""MA Chidambaram Stadium, Chepauk, Chennai""",Chennai Super Kings,Kolkata Knight Riders,Chennai Super Kings,0,0.5169491525423728,0.588495575221239,0.8,0.6,0.5,0.7,0,0,-0.07154642267886613,0.35714285714285715,197.6,177.8,19.799999999999983,174.4,177.4
1426261,6,Mohali,2024-04-09,Indian Premier League,male,T20,2024,field,Punjab Kings,"""Maharaja Yadavindra Singh International Cricket Stadium, Mullanpur""",Sunrisers Hyderabad,Sunrisers Hyderabad,Punjab Kings,1,0.4819277108433735,0.45689655172413796,0.4,0.4,0.5,1.0,0,0,0.025031159119235535,0.6666666666666666,201.8,183.6,18.200000000000017,197.6,187.8
1426262,6,Jaipur,2024-04-10,Indian Premier League,male,T20,2024,field,Gujarat Titans,"""Sawai Mansingh Stadium, Jaipur""",Gujarat Titans,Rajasthan Royals,Gujarat Titans,0,0.5121951219512195,0.6578947368421053,1.0,0.4,0.5,1.0,0,0,-0.1456996148908858,0.2,176.6,161.6,15.0,168.2,178.6
1426263,6,Mumbai,2024-04-11,Indian Premier League,male,T20,2024,field,Mumbai Indians,"""Wankhede Stadium, Mumbai""",Mumbai Indians,Royal Challengers Bengaluru,Mumbai Indians,0,0.4811715481171548,0.562753036437247,0.2,0.2,0.7142857142857143,0.6153846153846154,0,0,-0.08158148832009215,0.41935483870967744,173.8,187.6,-13.799999999999983,181.6,202.0
1426264,6,Lucknow,2024-04-12,Indian Premier League,male,T20,2024,bat,Lucknow Super Giants,"""Bharat Ratna Shri Atal Bihari Vajpayee Ekana Cricket Stadium, Lucknow""",Delhi Capitals,Lucknow Super Giants,Delhi Capitals,0,0.6060606060606061,0.4472573839662447,0.6,0.2,0.625,0.0,1,1,0.15880322209436137,1.0,163.4,181.8,-18.400000000000006,167.2,207.8
1426265,6,Mohali,2024-04-13,Indian Premier League,male,T20,2024,field,Rajasthan Royals,"""Maharaja Yadavindra Singh International Cricket Stadium, Mullanpur""",Rajasthan Royals,Punjab Kings,Rajasthan Royals,0,0.45493562231759654,0.5097087378640777,0.4,0.8,0.5,0.5,0,0,-0.05477311554648112,0.4,182.2,178.0,4.199999999999989,186.4,170.6
1426266,6,Kolkata,2024-04-14,Indian Premier League,male,T20,2024,field,Kolkata Knight Riders,"""Eden Gardens, Kolkata""",Kolkata Knight Riders,Lucknow Super Giants,Kolkata Knight Riders,0,0.5882352941176471,0.5147679324894515,0.6,0.6,0.5,0.375,0,0,0.07346736162819556,1.0,176.6,195.6,-19.0,164.8,173.8
1426267,6,Mumbai,2024-04-14,Indian Premier League,male,T20,2024,field,Mumbai Indians,"""Wankhede Stadium, Mumbai""",Chennai Super Kings,Chennai Super Kings,Mumbai Indians,1,0.5903083700440529,0.5645161290322581,0.6,0.4,0.5,0.6428571428571429,0,0,0.02579224101179478,0.4444444444444444,171.8,193.2,-21.399999999999977,162.0,194.6
1426268,6,Bengaluru,2024-04-15,Indian Premier League,male,T20,2024,field,Royal Challengers Bengaluru,"""M Chinnaswamy Stadium, Bengaluru""",Sunrisers Hyderabad,Sunrisers Hyderabad,Royal Challengers Bengaluru,1,0.48502994011976047,0.4791666666666667,0.6,0.2,0.5,0.4,0,0,0.005863273453093787,0.5238095238095238,198.2,178.4,19.799999999999983,193.4,186.2
1426269,6,Kolkata,2024-04-16,Indian Premier League,male,T20,2024,field,Rajasthan Royals,"""Eden Gardens, Kolkata""",Rajasthan Royals,Kolkata Knight Riders,Rajasthan Royals,0,0.5168067226890757,0.5120772946859904,0.8,0.8,0.4444444444444444,0.5,0,0,0.00472942800308529,0.56,193.0,169.8,23.19999999999999,170.8,165.4
1426270,6,Ahmedabad,2024-04-17,Indian Premier League,male,T20,2024,field,Delhi Capitals,"""Narendra Modi Stadium, Ahmedabad""",Delhi Capitals,Gujarat Titans,Delhi Capitals,0,0.6666666666666666,0.4495798319327731,0.4,0.4,0.6153846153846154,0.75,0,0,0.2170868347338935,0.6666666666666666,167.8,181.0,-13.199999999999989,185.4,205.8
1426271,6,Mohali,2024-04-18,Indian Premier League,male,T20,2024,field,Punjab Kings,"""Maharaja Yadavindra Singh International Cricket Stadium, Mullanpur""",Mumbai Indians,Mumbai Indians,Punjab Kings,1,0.5622489959839357,0.452991452991453,0.4,0.2,0.5,0.3333333333333333,0,0,0.10925754299248275,0.5333333333333333,198.0,176.2,21.80000000000001,202.2,182.0
1426272,6,Lucknow,2024-04-19,Indian Premier League,male,T20,2024,field,Lucknow Super Giants,"""Bharat Ratna Shri Atal Bihari Vajpayee Ekana Cricket Stadium, Lucknow""",Lucknow Super Giants,Chennai Super Kings,Lucknow Super Giants,0,0.5921052631578947,0.5714285714285714,0.6,0.6,0.5,0.5555555555555556,0,0,0.020676691729323293,0.5,177.8,174.2,3.6000000000000227,164.6,158.6
1426273,6,Delhi,2024-04-20,Indian Premier League,male,T20,2024,field,Delhi Capitals,"""Arun Jaitley Stadium, Delhi""",Sunrisers Hyderabad,Sunrisers Hyderabad,Delhi Capitals,1,0.4880952380952381,0.45188284518828453,0.8,0.6,0.3333333333333333,0.2857142857142857,0,0,0.03621239290695355,0.5454545454545454,214.8,164.8,50.0,204.2,186.6
1426275,6,Mohali,2024-04-21,Indian Premier League,male,T20,2024,bat,Punjab Kings,"""Maharaja Yadavindra Singh International Cricket Stadium, Mullanpur""",Gujarat Titans,Punjab Kings,Gujarat Titans,0,0.451063829787234,0.65,0.2,0.4,0.25,0.5,1,1,-0.198936170212766,0.5,177.6,157.0,20.599999999999994,184.8,162.6
1426274,6,Kolkata,2024-04-21,Indian Premier League,male,T20,2024,field,Royal Challengers Bengaluru,"""Eden Gardens, Kolkata""",Kolkata Knight Riders,Kolkata Knight Riders,Royal Challengers Bengaluru,1,0.5146443514644351,0.47717842323651455,0.6,0.0,0.4,0.5,0,0,0.03746592822792055,0.5757575757575758,196.0,195.2,0.8000000000000114,174.8,208.4
1426276,6,Jaipur,2024-04-22,Indian Premier League,male,T20,2024,bat,Mumbai Indians,"""Sawai Mansingh Stadium, Jaipur""",Rajasthan Royals,Mumbai Indians,Rajasthan Royals,0,0.564,0.5144230769230769,0.6,0.8,0.5,0.4444444444444444,1,1,0.049576923076923074,0.5357142857142857,187.2,177.6,9.599999999999994,183.4,175.4
1426277,6,Chennai,2024-04-23,Indian Premier League,male,T20,2024,field,Lucknow Super Giants,"""MA Chidambaram Stadium, Chepauk, Chennai""",Lucknow Super Giants,Chennai Super Kings,Lucknow Super Giants,0,0.5895196506550219,0.5833333333333334,0.4,0.6,0.7272727272727273,0.0,0,0,0.006186317321688506,0.3333333333333333,171.8,170.4,1.4000000000000057,172.0,158.2
1426278,6,Delhi,2024-04-24,Indian Premier League,male,T20,2024,field,Gujarat Titans,"""Arun Jaitley Stadium, Delhi""",Delhi Capitals,Delhi Capitals,Gujarat Titans,1,0.45,0.6585365853658537,0.4,0.4,0.25,1.0,0,0,-0.20853658536585368,0.5,166.4,152.6,13.800000000000011,205.6,158.6
1426279,6,Hyderabad,2024-04-25,Indian Premier League,male,T20,2024,bat,Royal Challengers Bengaluru,"""Rajiv Gandhi International Stadium, Uppal, Hyderabad""",Royal Challengers Bengaluru,Royal Challengers Bengaluru,Sunrisers Hyderabad,1,0.47520661157024796,0.4911242603550296,0.0,0.8,1.0,0.3333333333333333,1,1,-0.015917648784781635,0.45454545454545453,203.0,212.6,-9.599999999999994,215.6,194.8
1426280,6,Kolkata,2024-04-26,Indian Premier League,male,T20,2024,field,Punjab Kings,"""Eden Gardens, Kolkata""",Punjab Kings,Kolkata Knight Riders,Punjab Kings,0,0.5166666666666667,0.4491525423728814,0.6,0.2,0.45454545454545453,0.0,0,0,0.06751412429378534,0.65625,203.2,170.4,32.79999999999998,182.6,174.2
1426282,6,Lucknow,2024-04-27,Indian Premier League,male,T20,2024,field,Rajasthan Royals,"""Bharat Ratna Shri Atal Bihari Vajpayee Ekana Cricket Stadium, Lucknow""",Rajasthan Royals,Lucknow Super Giants,Rajasthan Royals,0,0.5945945945945946,0.5167464114832536,0.6,0.8,0.6,0.5,0,0,0.07784818311134101,0.25,176.8,188.8,-12.0,169.6,186.2
1426281,6,Delhi,2024-04-27,Indian Premier League,male,T20,2024,field,Mumbai Indians,"""Arun Jaitley Stadium, Delhi""",Delhi Capitals,Delhi Capitals,Mumbai Indians,1,0.45228215767634855,0.5617529880478087,0.6,0.6,0.3333333333333333,1.0,0,0,-0.10947083037146016,0.4411764705882353,178.0,198.0,-20.0,195.2,194.6
1426283,6,Ahmedabad,2024-04-28,Indian Premier League,male,T20,2024,field,Royal Challengers Bengaluru,"""Narendra Modi Stadium, Ahmedabad""",Royal Challengers Bengaluru,Gujarat Titans,Royal Challengers Bengaluru,0,0.6428571428571429,0.4773662551440329,0.4,0.2,0.5714285714285714,0.3333333333333333,0,0,0.16549088771311,0.6666666666666666,156.8,213.6,-56.79999999999998,163.4,213.6
1426284,6,Chennai,2024-04-28,Indian Premier League,male,T20,2024,field,Sunrisers Hyderabad,"""MA Chidambaram Stadium, Chepauk, Chennai""",Chennai Super Kings,Chennai Super Kings,Sunrisers Hyderabad,1,0.5869565217391305,0.48823529411764705,0.4,0.8,0.6666666666666666,0.2,0,0,0.09872122762148344,0.7,179.6,214.4,-34.80000000000001,176.4,202.4
1426285,6,Kolkata,2024-04-29,Indian Premier League,male,T20,2024,bat,Delhi Capitals,"""Eden Gardens, Kolkata""",Kolkata Knight Riders,Delhi Capitals,Kolkata Knight Riders,0,0.45454545454545453,0.5145228215767634,0.8,0.4,0.5,0.4166666666666667,1,1,-0.059977367031308904,0.45161290322580644,188.4,201.0,-12.599999999999994,197.8,201.8
1426286,6,Lucknow,2024-04-30,Indian Premier League,male,T20,2024,field,Lucknow Super Giants,"""Bharat Ratna Shri Atal Bihari Vajpayee Ekana Cricket Stadium, Lucknow""",Lucknow Super Giants,Mumbai Indians,Lucknow Super Giants,0,0.5595238095238095,0.5789473684210527,0.4,0.4,0.0,0.5454545454545454,0,0,-0.01942355889724312,0.25,200.6,183.4,17.19999999999999,205.0,183.4
1426287,6,Chennai,2024-05-01,Indian Premier League,male,T20,2024,field,Punjab Kings,"""MA Chidambaram Stadium, Chepauk, Chennai""",Punjab Kings,Chennai Super Kings,Punjab Kings,0,0.5887445887445888,0.45147679324894513,0.6,0.2,0.6923076923076923,0.6666666666666666,0,0,0.13726779549564366,0.5555555555555556,189.0,182.8,6.199999999999989,170.0,186.6
1426288,6,Hyderabad,2024-05-02,Indian Premier League,male,T20,2024,bat,Sunrisers Hyderabad,"""Rajiv Gandhi International Stadium, Uppal, Hyderabad""",Sunrisers Hyderabad,Sunrisers Hyderabad,Rajasthan Royals,1,0.4853801169590643,0.5190476190476191,0.6,0.8,0.3,1.0,1,1,-0.03366750208855479,0.5,208.0,190.8,17.19999999999999,211.8,188.8
1426289,6,Mumbai,2024-05-03,Indian Premier League,male,T20,2024,field,Mumbai Indians,"""Wankhede Stadium, Mumbai""",Kolkata Knight Riders,Kolkata Knight Riders,Mumbai Indians,1,0.5165289256198347,0.5573122529644269,0.6,0.2,0.42857142857142855,0.6,0,0,-0.040783327344592224,0.28125,205.0,189.6,15.400000000000006,204.2,194.8
1426290,6,Bengaluru,2024-05-04,Indian Premier League,male,T20,2024,field,Royal Challengers Bengaluru,"""M Chinnaswamy Stadium, Bengaluru""",Royal Challengers Bengaluru,Gujarat Titans,Royal Challengers Bengaluru,0,0.627906976744186,0.47950819672131145,0.4,0.4,1.0,0.36363636363636365,0,0,0.1483987800228746,0.5,170.8,218.2,-47.39999999999998,172.0,215.8
1426292,6,Lucknow,2024-05-05,Indian Premier League,male,T20,2024,field,Lucknow Super Giants,"""Bharat Ratna Shri Atal Bihari Vajpayee Ekana Cricket Stadium, Lucknow""",Kolkata Knight Riders,Kolkata Knight Riders,Lucknow Super Giants,1,0.5185185185185185,0.5897435897435898,0.6,0.6,0.5,0.5833333333333334,0,0,-0.07122507122507127,0.25,206.4,179.0,27.400000000000006,201.0,178.2
1426291,6,Dharamsala,2024-05-05,Indian Premier League,male,T20,2024,field,Punjab Kings,"""Himachal Pradesh Cricket Association Stadium, Dharamsala""",Chennai Super Kings,Chennai Super Kings,Punjab Kings,1,0.5862068965517241,0.453781512605042,0.4,0.4,0.5,0.0,0,0,0.13242538394668207,0.5357142857142857,193.2,179.4,13.799999999999983,175.2,182.6
1426293,6,Mumbai,2024-05-06,Indian Premier League,male,T20,2024,field,Mumbai Indians,"""Wankhede Stadium, Mumbai""",Mumbai Indians,Sunrisers Hyderabad,Mumbai Indians,0,0.4883720930232558,0.5551181102362205,0.6,0.2,0.2,0.5625,0,0,-0.06674601721296469,0.47619047619047616,211.8,181.4,30.400000000000006,215.8,187.4
1426294,6,Delhi,2024-05-07,Indian Premier League,male,T20,2024,field,Rajasthan Royals,"""Arun Jaitley Stadium, Delhi""",Delhi Capitals,Delhi Capitals,Rajasthan Royals,1,0.45267489711934156,0.5165876777251185,0.6,0.8,0.4,0.5,0,0,-0.06391278060577693,0.4642857142857143,185.0,191.6,-6.599999999999994,195.8,189.2
1426295,6,Hyderabad,2024-05-08,Indian Premier League,male,T20,2024,bat,Lucknow Super Giants,"""Rajiv Gandhi International Stadium, Uppal, Hyderabad""",Sunrisers Hyderabad,Lucknow Super Giants,Sunrisers Hyderabad,0,0.575,0.48554913294797686,0.6,0.4,1.0,0.36363636363636365,1,1,0.0894508670520231,1.0,174.2,189.0,-14.800000000000011,192.8,198.2
1426296,6,Dharamsala,2024-05-09,Indian Premier League,male,T20,2024,field,Punjab Kings,"""Himachal Pradesh Cricket Association Stadium, Dharamsala""",Royal Challengers Bengaluru,Royal Challengers Bengaluru,Punjab Kings,1,0.4816326530612245,0.45188284518828453,0.6,0.4,0.5,0.0,0,0,0.02974980787293996,0.46875,209.4,177.8,31.599999999999994,205.4,185.6
1426297,6,Ahmedabad,2024-05-10,Indian Premier League,male,T20,2024,field,Chennai Super Kings,"""Narendra Modi Stadium, Ahmedabad""",Gujarat Titans,Gujarat Titans,Chennai Super Kings,1,0.6136363636363636,0.5879828326180258,0.2,0.4,0.5333333333333333,0.5,0,0,0.025653531018337894,0.5,160.4,185.4,-25.0,163.2,165.8
1426298,6,Kolkata,2024-05-11,Indian Premier League,male,T20,2024,field,Mumbai Indians,"""Eden Gardens, Kolkata""",Kolkata Knight Riders,Kolkata Knight Riders,Mumbai Indians,1,0.5204918032786885,0.5568627450980392,0.8,0.2,0.46153846153846156,0.5,0,0,-0.036370941819350744,0.30303030303030304,208.8,177.8,31.0,183.6,185.4
1426300,6,Bengaluru,2024-05-12,Indian Premier League,male,T20,2024,field,Delhi Capitals,"""M Chinnaswamy Stadium, Bengaluru""",Royal Challengers Bengaluru,Royal Challengers Bengaluru,Delhi Capitals,1,0.483739837398374,0.45491803278688525,0.8,0.6,0.4166666666666667,0.0,0,0,0.028821804611488755,0.6071428571428571,205.2,210.8,-5.600000000000023,184.2,218.2
1426299,6,Chennai,2024-05-12,Indian Premier League,male,T20,2024,bat,Rajasthan Royals,"""MA Chidambaram Stadium, Chepauk, Chennai""",Chennai Super Kings,Rajasthan Royals,Chennai Super Kings,0,0.5141509433962265,0.5854700854700855,0.6,0.4,1.0,0.6428571428571429,1,1,-0.07131914207385903,0.4642857142857143,201.4,189.4,12.0,204.0,176.0
1426302,6,Delhi,2024-05-14,Indian Premier League,male,T20,2024,field,Lucknow Super Giants,"""Arun Jaitley Stadium, Delhi""",Delhi Capitals,Delhi Capitals,Lucknow Super Giants,1,0.4530612244897959,0.5609756097560976,0.6,0.4,0.45454545454545453,0.5,0,0,-0.1079143852663017,0.25,199.0,171.2,27.80000000000001,202.4,191.0
1426303,6,Guwahati,2024-05-15,Indian Premier League,male,T20,2024,bat,Rajasthan Royals,"""Barsapara Cricket Stadium, Guwahati""",Punjab Kings,Rajasthan Royals,Punjab Kings,0,0.5117370892018779,0.45,0.4,0.4,0.5,1.0,1,1,0.06173708920187787,0.6153846153846154,184.8,177.4,7.400000000000006,188.4,195.4
1426305,6,Mumbai,2024-05-17,Indian Premier League,male,T20,2024,field,Mumbai Indians,"""Wankhede Stadium, Mumbai""",Lucknow Super Giants,Lucknow Super Giants,Mumbai Indians,1,0.5476190476190477,0.5546875,0.2,0.2,0.5,0.5882352941176471,0,0,-0.007068452380952328,0.8,166.4,169.8,-3.4000000000000057,190.6,180.2
1426306,6,Bengaluru,2024-05-18,Indian Premier League,male,T20,2024,field,Chennai Super Kings,"""M Chinnaswamy Stadium, Bengaluru""",Royal Challengers Bengaluru,Royal Challengers Bengaluru,Chennai Super Kings,1,0.48582995951417,0.5872340425531914,1.0,0.6,0.46153846153846156,1.0,0,0,-0.10140408303902143,0.3225806451612903,198.4,176.4,22.0,167.8,161.6
1426307,6,Hyderabad,2024-05-19,Indian Premier League,male,T20,2024,bat,Punjab Kings,"""Rajiv Gandhi International Stadium, Uppal, Hyderabad""",Sunrisers Hyderabad,Punjab Kings,Sunrisers Hyderabad,0,0.45228215767634855,0.4885057471264368,0.6,0.4,0.0,0.4166666666666667,1,1,-0.036223589450088245,0.3181818181818182,178.0,169.2,8.800000000000011,195.0,191.4
1426309,6,Ahmedabad,2024-05-21,Indian Premier League,male,T20,2024,bat,Sunrisers Hyderabad,"""Narendra Modi Stadium, Ahmedabad""",Kolkata Knight Riders,Sunrisers Hyderabad,Kolkata Knight Riders,0,0.49142857142857144,0.5224489795918368,0.6,0.8,0.0,0.6666666666666666,1,1,-0.031020408163265345,0.36,178.0,195.8,-17.80000000000001,193.0,167.2
1426310,6,Ahmedabad,2024-05-22,Indian Premier League,male,T20,2024,field,Rajasthan Royals,"""Narendra Modi Stadium, Ahmedabad""",Rajasthan Royals,Royal Challengers Bengaluru,Rajasthan Royals,0,0.4879032258064516,0.5093457943925234,1.0,0.2,0.5,0.6666666666666666,0,0,-0.021442568586071742,0.5357142857142857,200.8,177.0,23.80000000000001,171.8,181.6
1426311,6,Chennai,2024-05-24,Indian Premier League,male,T20,2024,field,Rajasthan Royals,"""MA Chidambaram Stadium, Chepauk, Chennai""",Sunrisers Hyderabad,Sunrisers Hyderabad,Rajasthan Royals,1,0.48863636363636365,0.5116279069767442,0.6,0.2,0.16666666666666666,0.5,0,0,-0.02299154334038056,0.5263157894736842,183.0,172.0,11.0,183.4,176.8
1426312,6,Chennai,2024-05-26,Indian Premier League,male,T20,2024,bat,Sunrisers Hyderabad,"""MA Chidambaram Stadium, Chepauk, Chennai""",Kolkata Knight Riders,Sunrisers Hyderabad,Kolkata Knight Riders,0,0.4915254237288136,0.524390243902439,0.6,1.0,0.2857142857142857,0.4,1,1,-0.032864820173625464,0.34615384615384615,177.8,176.4,1.4000000000000057,171.2,146.6
1473438,6,Kolkata,2025-03-22,Indian Premier League,male,T20,2025,field,Royal Challengers Bengaluru,"""Eden Gardens, Kolkata""",Royal Challengers Bengaluru,Kolkata Knight Riders,Royal Challengers Bengaluru,0,0.5263157894736842,0.4859437751004016,1.0,0.8,0.5,0.3333333333333333,0,0,0.04037201437328258,0.5882352941176471,167.8,194.0,-26.19999999999999,138.6,166.6
1473439,6,Hyderabad,2025-03-23,Indian Premier League,male,T20,2025,field,Rajasthan Royals,"""Rajiv Gandhi International Stadium, Uppal, Hyderabad""",Sunrisers Hyderabad,Sunrisers Hyderabad,Rajasthan Royals,1,0.4887640449438202,0.5092592592592593,0.6,0.2,0.46153846153846156,0.5,0,0,-0.020495214315439103,0.55,165.8,159.8,6.0,159.2,171.6
1473440,6,Chennai,2025-03-23,Indian Premier League,male,T20,2025,field,Chennai Super Kings,"""MA Chidambaram Stadium, Chepauk, Chennai""",Chennai Super Kings,Mumbai Indians,Chennai Super Kings,0,0.5525291828793775,0.5847457627118644,0.2,0.4,0.42857142857142855,0.6666666666666666,0,0,-0.032216579832486936,0.5405405405405406,159.6,172.2,-12.599999999999994,171.6,178.4
1473441,6,Visakhapatnam,2025-03-24,Indian Premier League,male,T20,2025,field,Delhi Capitals,"""Dr. Y.S. Rajasekhara Reddy ACA-VDCA Cricket Stadium, Visakhapatnam""",Delhi Capitals,Lucknow Super Giants,Delhi Capitals,0,0.5581395348837209,0.45528455284552843,0.4,0.6,0.5,0.5,0,0,0.10285498203819249,0.6,170.0,195.8,-25.80000000000001,190.0,196.2
1473442,6,Ahmedabad,2025-03-25,Indian Premier League,male,T20,2025,field,Gujarat Titans,"""Narendra Modi Stadium, Ahmedabad""",Punjab Kings,Punjab Kings,Gujarat Titans,1,0.45041322314049587,0.6222222222222222,0.4,0.4,0.5,0.5625,0,0,-0.17180899908172637,0.4,168.4,188.8,-20.400000000000006,185.8,184.0
1473443,6,Guwahati,2025-03-26,Indian Premier League,male,T20,2025,field,Kolkata Knight Riders,"""Barsapara Cricket Stadium, Guwahati""",Kolkata Knight Riders,Rajasthan Royals,Kolkata Knight Riders,0,0.5069124423963134,0.5241935483870968,0.2,0.8,0.3333333333333333,0.5,0,0,-0.017281105990783363,0.46153846153846156,168.0,168.8,-0.8000000000000114,184.6,145.0
1473444,6,Hyderabad,2025-03-27,Indian Premier League,male,T20,2025,field,Lucknow Super Giants,"""Rajiv Gandhi International Stadium, Uppal, Hyderabad""",Lucknow Super Giants,Sunrisers Hyderabad,Lucknow Super Giants,0,0.49162011173184356,0.5454545454545454,0.6,0.2,0.5,0.5,0,0,-0.05383443372270186,0.25,189.6,182.8,6.799999999999983,174.6,203.4
1473445,6,Chennai,2025-03-28,Indian Premier League,male,T20,2025,field,Chennai Super Kings,"""MA Chidambaram Stadium, Chepauk, Chennai""",Royal Challengers Bengaluru,Royal Challengers Bengaluru,Chennai Super Kings,1,0.488,0.5864978902953587,0.8,0.6,0.75,0.6875,0,0,-0.09849789029535871,0.34375,199.0,171.4,27.599999999999994,172.0,176.8
1473446,6,Ahmedabad,2025-03-29,Indian Premier League,male,T20,2025,field,Mumbai Indians,"""Narendra Modi Stadium, Ahmedabad""",Gujarat Titans,Gujarat Titans,Mumbai Indians,1,0.6086956521739131,0.5503875968992248,0.2,0.2,0.5294117647058824,0.0,0,0,0.0583080552746883,0.6,206.0,161.8,44.19999999999999,204.2,174.2
1473448,6,Guwahati,2025-03-30,Indian Premier League,male,T20,2025,field,Chennai Super Kings,"""Barsapara Cricket Stadium, Guwahati""",Rajasthan Royals,Rajasthan Royals,Chennai Super Kings,1,0.5045871559633027,0.5840336134453782,0.2,0.4,0.25,0.5,0,0,-0.07944645748207546,0.4482758620689655,170.0,167.2,2.8000000000000114,186.2,188.2
1473447,6,Visakhapatnam,2025-03-30,Indian Premier League,male,T20,2025,bat,Sunrisers Hyderabad,"""Dr. Y.S. Rajasekhara Reddy ACA-VDCA Cricket Stadium, Visakhapatnam""",Delhi Capitals,Sunrisers Hyderabad,Delhi Capitals,0,0.4888888888888889,0.4574898785425101,0.4,0.6,0.5,0.6666666666666666,1,1,0.031399010346378764,0.5652173913043478,184.6,186.6,-2.0,170.4,188.6
1473449,6,Mumbai,2025-03-31,Indian Premier League,male,T20,2025,field,Mumbai Indians,"""Wankhede Stadium, Mumbai""",Mumbai Indians,Kolkata Knight Riders,Mumbai Indians,0,0.5261044176706827,0.5482625482625483,0.8,0.2,0.5,0.5555555555555556,0,0,-0.022158130591865555,0.3235294117647059,152.4,164.8,-12.400000000000006,147.8,179.6
1473450,6,Lucknow,2025-04-01,Indian Premier League,male,T20,2025,field,Punjab Kings,"""Bharat Ratna Shri Atal Bihari Vajpayee Ekana Cricket Stadium, Lucknow""",Punjab Kings,Lucknow Super Giants,Punjab Kings,0,0.5555555555555556,0.45267489711934156,0.4,0.4,0.5384615384615384,0.5,0,0,0.10288065843621402,0.75,194.0,184.4,9.599999999999994,194.4,199.8
1473451,6,Bengaluru,2025-04-02,Indian Premier League,male,T20,2025,field,Gujarat Titans,"""M Chinnaswamy Stadium, Bengaluru""",Gujarat Titans,Royal Challengers Bengaluru,Gujarat Titans,0,0.4900398406374502,0.6170212765957447,0.8,0.4,0.5,0.5,0,0,-0.12698143595829448,0.6,190.0,201.2,-11.199999999999989,165.0,191.4
1473452,6,Kolkata,2025-04-03,Indian Premier League,male,T20,2025,field,Sunrisers Hyderabad,"""Eden Gardens, Kolkata""",Kolkata Knight Riders,Kolkata Knight Riders,Sunrisers Hyderabad,1,0.524,0.4861878453038674,0.6,0.4,0.4666666666666667,0.5,0,0,0.03781215469613264,0.6666666666666666,144.2,185.4,-41.20000000000002,144.2,170.8
1473453,6,Lucknow,2025-04-04,Indian Premier League,male,T20,2025,field,Mumbai Indians,"""Bharat Ratna Shri Atal Bihari Vajpayee Ekana Cricket Stadium, Lucknow""",Lucknow Super Giants,Lucknow Super Giants,Mumbai Indians,1,0.5434782608695652,0.55,0.4,0.2,0.5,0.0,0,0,-0.006521739130434856,0.8333333333333334,195.2,154.2,41.0,196.4,168.2
1473455,6,Mohali,2025-04-05,Indian Premier League,male,T20,2025,field,Punjab Kings,"""Maharaja Yadavindra Singh International Cricket Stadium, Mullanpur""",Rajasthan Royals,Rajasthan Royals,Punjab Kings,1,0.5068493150684932,0.45491803278688525,0.4,0.6,1.0,0.2,0,0,0.05193128228160793,0.5925925925925926,177.6,192.0,-14.400000000000006,192.4,200.6
1473454,6,Chennai,2025-04-05,Indian Premier League,male,T20,2025,bat,Delhi Capitals,"""MA Chidambaram Stadium, Chepauk, Chennai""",Delhi Capitals,Delhi Capitals,Chennai Super Kings,1,0.4596774193548387,0.5815899581589958,0.8,0.4,0.5,0.6470588235294118,1,1,-0.12191253880415714,0.36666666666666664,189.2,163.2,26.0,189.8,178.4
1473457,6,Hyderabad,2025-04-06,Indian Premier League,male,T20,2025,field,Gujarat Titans,"""Rajiv Gandhi International Stadium, Uppal, Hyderabad""",Gujarat Titans,Sunrisers Hyderabad,Gujarat Titans,0,0.4835164835164835,0.625,0.2,0.6,0.4666666666666667,0.5,0,0,-0.14148351648351648,0.25,174.4,195.2,-20.799999999999983,183.0,184.0
1473458,6,Mumbai,2025-04-07,Indian Premier League,male,T20,2025,field,Mumbai Indians,"""Wankhede Stadium, Mumbai""",Royal Challengers Bengaluru,Royal Challengers Bengaluru,Mumbai Indians,1,0.4880952380952381,0.5478927203065134,0.6,0.2,0.625,0.5789473684210527,0,0,-0.05979748221127529,0.40625,186.4,164.6,21.80000000000001,171.0,177.4
1473456,6,Kolkata,2025-04-08,Indian Premier League,male,T20,2025,field,Kolkata Knight Riders,"""Eden Gardens, Kolkata""",Lucknow Super Giants,Lucknow Super Giants,Kolkata Knight Riders,1,0.5531914893617021,0.5258964143426295,0.6,0.6,0.3333333333333333,0.5,0,0,0.02729507501907269,0.6,198.0,151.4,46.599999999999994,193.0,136.4
1473459,6,Mohali,2025-04-08,Indian Premier League,male,T20,2025,bat,Punjab Kings,"""Maharaja Yadavindra Singh International Cricket Stadium, Mullanpur""",Punjab Kings,Punjab Kings,Chennai Super Kings,1,0.4530612244897959,0.5791666666666667,0.6,0.2,0.16666666666666666,0.5,1,1,-0.1261054421768708,0.4482758620689655,186.8,165.8,21.0,193.4,186.8
1473460,6,Ahmedabad,2025-04-09,Indian Premier League,male,T20,2025,field,Rajasthan Royals,"""Narendra Modi Stadium, Ahmedabad""",Gujarat Titans,Gujarat Titans,Rajasthan Royals,1,0.6326530612244898,0.509090909090909,0.8,0.4,0.5555555555555556,0.75,0,0,0.1235621521335808,0.8333333333333334,196.4,183.8,12.599999999999994,184.0,189.0
1473461,6,Bengaluru,2025-04-10,Indian Premier League,male,T20,2025,field,Delhi Capitals,"""M Chinnaswamy Stadium, Bengaluru""",Delhi Capitals,Royal Challengers Bengaluru,Delhi Capitals,0,0.4901185770750988,0.46184738955823296,0.6,0.8,0.4666666666666667,0.0,0,0,0.02827118751686586,0.6206896551724138,187.0,181.6,5.400000000000006,174.6,181.2
1473462,6,Chennai,2025-04-11,Indian Premier League,male,T20,2025,field,Kolkata Knight Riders,"""MA Chidambaram Stadium, Chepauk, Chennai""",Kolkata Knight Riders,Chennai Super Kings,Kolkata Knight Riders,0,0.5767634854771784,0.5238095238095238,0.2,0.4,0.6111111111111112,0.5,0,0,0.05295396166765454,0.6551724137931034,167.8,175.4,-7.599999999999994,187.0,161.4
1473463,6,Lucknow,2025-04-12,Indian Premier League,male,T20,2025,field,Lucknow Super Giants,"""Bharat Ratna Shri Atal Bihari Vajpayee Ekana Cricket Stadium, Lucknow""",Lucknow Super Giants,Gujarat Titans,Lucknow Super Giants,0,0.64,0.5625,0.8,0.6,0.5,0.5333333333333333,0,0,0.07750000000000001,0.8,193.6,202.8,-9.200000000000017,176.6,200.6
1473464,6,Hyderabad,2025-04-12,Indian Premier League,male,T20,2025,bat,Punjab Kings,"""Rajiv Gandhi International Stadium, Uppal, Hyderabad""",Sunrisers Hyderabad,Punjab Kings,Sunrisers Hyderabad,0,0.45528455284552843,0.4808743169398907,0.6,0.2,0.0,0.4375,1,1,-0.025589764094362255,0.30434782608695654,201.6,182.2,19.400000000000006,204.8,190.8
1473466,6,Delhi,2025-04-13,Indian Premier League,male,T20,2025,field,Delhi Capitals,"""Arun Jaitley Stadium, Delhi""",Mumbai Indians,Mumbai Indians,Delhi Capitals,1,0.5458015267175572,0.464,0.2,1.0,0.75,0.5,0,0,0.0818015267175572,0.5428571428571428,167.2,187.4,-20.200000000000017,178.8,176.4
1473465,6,Jaipur,2025-04-13,Indian Premier League,male,T20,2025,field,Royal Challengers Bengaluru,"""Sawai Mansingh Stadium, Jaipur""",Royal Challengers Bengaluru,Rajasthan Royals,Royal Challengers Bengaluru,0,0.5067873303167421,0.4881889763779528,0.4,0.6,0.5,0.5,0,0,0.01859835393878928,0.4827586206896552,187.8,185.2,2.6000000000000227,197.4,173.6
1473467,6,Lucknow,2025-04-14,Indian Premier League,male,T20,2025,field,Chennai Super Kings,"""Bharat Ratna Shri Atal Bihari Vajpayee Ekana Cricket Stadium, Lucknow""",Chennai Super Kings,Lucknow Super Giants,Chennai Super Kings,0,0.5714285714285714,0.5743801652892562,0.8,0.0,0.5625,0.0,0,0,-0.002951593860684776,0.75,198.2,156.8,41.39999999999998,194.4,177.4
1473468,6,Mohali,2025-04-15,Indian Premier League,male,T20,2025,bat,Punjab Kings,"""Maharaja Yadavindra Singh International Cricket Stadium, Mullanpur""",Punjab Kings,Punjab Kings,Kolkata Knight Riders,1,0.4534412955465587,0.525691699604743,0.6,0.6,0.2857142857142857,0.5,1,1,-0.07225040405818434,0.36363636363636365,207.8,162.0,45.80000000000001,211.2,146.6
1473470,6,Mumbai,2025-04-17,Indian Premier League,male,T20,2025,field,Mumbai Indians,"""Wankhede Stadium, Mumbai""",Mumbai Indians,Sunrisers Hyderabad,Mumbai Indians,0,0.483695652173913,0.5475285171102662,0.2,0.4,0.16666666666666666,0.55,0,0,-0.06383286493635315,0.45454545454545453,174.4,177.2,-2.799999999999983,191.4,185.8
1473471,6,Bengaluru,2025-04-18,Indian Premier League,male,T20,2025,field,Punjab Kings,"""M Chinnaswamy Stadium, Bengaluru""",Punjab Kings,Royal Challengers Bengaluru,Punjab Kings,0,0.49019607843137253,0.45564516129032256,0.6,0.6,0.4375,0.0,0,0,0.034550917141049964,0.48484848484848486,184.8,181.4,3.4000000000000057,173.4,183.8
1473473,6,Jaipur,2025-04-19,Indian Premier League,male,T20,2025,bat,Lucknow Super Giants,"""Sawai Mansingh Stadium, Jaipur""",Lucknow Super Giants,Lucknow Super Giants,Rajasthan Royals,1,0.56,0.5045045045045045,0.6,0.4,0.5,0.45454545454545453,1,1,0.055495495495495595,0.2,192.8,174.0,18.80000000000001,190.0,175.2
1473472,6,Ahmedabad,2025-04-19,Indian Premier League,male,T20,2025,field,Gujarat Titans,"""Narendra Modi Stadium, Ahmedabad""",Gujarat Titans,Delhi Capitals,Gujarat Titans,0,0.46215139442231074,0.6274509803921569,0.8,0.8,0.8,0.5789473684210527,0,0,-0.16529958596984612,0.6,184.4,183.2,1.200000000000017,179.6,165.2
1473475,6,Mumbai,2025-04-20,Indian Premier League,male,T20,2025,field,Mumbai Indians,"""Wankhede Stadium, Mumbai""",Mumbai Indians,Chennai Super Kings,Mumbai Indians,0,0.5761316872427984,0.5492424242424242,0.2,0.6,0.5454545454545454,0.5714285714285714,0,0,0.026889263000374197,0.47368421052631576,161.2,178.4,-17.200000000000017,171.4,179.0
1473474,6,Mohali,2025-04-20,Indian Premier League,male,T20,2025,field,Royal Challengers Bengaluru,"""Maharaja Yadavindra Singh International Cricket Stadium, Mullanpur""",Royal Challengers Bengaluru,Punjab Kings,Royal Challengers Bengaluru,0,0.4578313253012048,0.48828125,0.6,0.4,0.375,0.5,0,0,-0.030449924698795205,0.5294117647058824,165.6,164.6,1.0,168.6,163.8
1473476,6,Kolkata,2025-04-21,Indian Premier League,male,T20,2025,field,Kolkata Knight Riders,"""Eden Gardens, Kolkata""",Gujarat Titans,Gujarat Titans,Kolkata Knight Riders,1,0.6346153846153846,0.5236220472440944,0.8,0.4,1.0,0.47058823529411764,0,0,0.11099333737129013,0.6666666666666666,184.8,150.4,34.400000000000006,173.8,138.6
1473477,6,Lucknow,2025-04-22,Indian Premier League,male,T20,2025,field,Delhi Capitals,"""Bharat Ratna Shri Atal Bihari Vajpayee Ekana Cricket Stadium, Lucknow""",Delhi Capitals,Lucknow Super Giants,Delhi Capitals,0,0.5686274509803921,0.4603174603174603,0.8,0.6,0.5294117647058824,0.5,0,0,0.10830999066293184,0.5,194.6,182.8,11.799999999999983,190.2,178.6
1473478,6,Hyderabad,2025-04-23,Indian Premier League,male,T20,2025,field,Mumbai Indians,"""Rajiv Gandhi International Stadium, Uppal, Hyderabad""",Mumbai Indians,Sunrisers Hyderabad,Mumbai Indians,0,0.4810810810810811,0.5509433962264151,0.2,0.6,0.47058823529411764,0.5,0,0,-0.06986231514533398,0.43478260869565216,168.8,189.6,-20.799999999999983,186.0,191.0
1473479,6,Bengaluru,2025-04-24,Indian Premier League,male,T20,2025,field,Rajasthan Royals,"""M Chinnaswamy Stadium, Bengaluru""",Royal Challengers Bengaluru,Royal Challengers Bengaluru,Rajasthan Royals,1,0.490272373540856,0.5022421524663677,0.6,0.4,0.4117647058823529,0.0,0,0,-0.01196977892551171,0.5333333333333333,162.6,179.4,-16.80000000000001,161.2,180.6
1473480,6,Chennai,2025-04-25,Indian Premier League,male,T20,2025,field,Sunrisers Hyderabad,"""MA Chidambaram Stadium, Chepauk, Chennai""",Sunrisers Hyderabad,Chennai Super Kings,Sunrisers Hyderabad,0,0.5737704918032787,0.478494623655914,0.2,0.2,0.5789473684210527,0.25,0,0,0.09527586814736466,0.7142857142857143,161.2,164.8,-3.6000000000000227,170.4,182.0
1473482,6,Mumbai,2025-04-27,Indian Premier League,male,T20,2025,field,Lucknow Super Giants,"""Wankhede Stadium, Mumbai""",Mumbai Indians,Mumbai Indians,Lucknow Super Giants,1,0.5526315789473685,0.5576923076923077,0.8,0.6,0.5909090909090909,0.6,0,0,-0.005060728744939236,0.14285714285714285,180.6,185.8,-5.200000000000017,179.0,184.2
1473483,6,Delhi,2025-04-27,Indian Premier League,male,T20,2025,field,Royal Challengers Bengaluru,"""Arun Jaitley Stadium, Delhi""",Royal Challengers Bengaluru,Delhi Capitals,Royal Challengers Bengaluru,0,0.4624505928853755,0.49224806201550386,0.6,0.6,0.46153846153846156,0.0,0,0,-0.029797469130128373,0.4,181.8,159.4,22.400000000000006,177.8,158.2
1473484,6,Jaipur,2025-04-28,Indian Premier League,male,T20,2025,field,Rajasthan Royals,"""Sawai Mansingh Stadium, Jaipur""",Rajasthan Royals,Gujarat Titans,Rajasthan Royals,0,0.6415094339622641,0.5,0.8,0.2,1.0,0.4166666666666667,0,0,0.14150943396226412,0.8571428571428571,190.4,181.8,8.599999999999994,171.8,186.4
1473485,6,Delhi,2025-04-29,Indian Premier League,male,T20,2025,field,Delhi Capitals,"""Arun Jaitley Stadium, Delhi""",Kolkata Knight Riders,Kolkata Knight Riders,Delhi Capitals,1,0.5215686274509804,0.46062992125984253,0.4,0.4,0.0,0.42857142857142855,0,0,0.06093870619113789,0.5625,159.0,177.6,-18.599999999999994,154.0,179.2
1473486,6,Chennai,2025-04-30,Indian Premier League,male,T20,2025,field,Punjab Kings,"""MA Chidambaram Stadium, Chepauk, Chennai""",Punjab Kings,Chennai Super Kings,Punjab Kings,0,0.5714285714285714,0.456,0.2,0.6,0.55,0.75,0,0,0.11542857142857138,0.5333333333333333,160.4,166.0,-5.599999999999994,164.8,159.4
1473487,6,Jaipur,2025-05-01,Indian Premier League,male,T20,2025,field,Rajasthan Royals,"""Sawai Mansingh Stadium, Jaipur""",Mumbai Indians,Mumbai Indians,Rajasthan Royals,1,0.5543071161048689,0.5022222222222222,1.0,0.2,0.0,0.46153846153846156,0,0,0.0520848938826467,0.5172413793103449,181.8,183.2,-1.3999999999999773,167.0,197.2
1473488,6,Ahmedabad,2025-05-02,Indian Premier League,male,T20,2025,field,Sunrisers Hyderabad,"""Narendra Modi Stadium, Ahmedabad""",Gujarat Titans,Gujarat Titans,Sunrisers Hyderabad,1,0.6296296296296297,0.48128342245989303,0.6,0.4,0.6,0.0,0,0,0.14834620716973662,0.8,201.6,171.8,29.799999999999983,183.8,172.8
1473489,6,Bengaluru,2025-05-03,Indian Premier League,male,T20,2025,field,Chennai Super Kings,"""M Chinnaswamy Stadium, Bengaluru""",Royal Challengers Bengaluru,Royal Challengers Bengaluru,Chennai Super Kings,1,0.4942084942084942,0.5691056910569106,0.8,0.2,0.4444444444444444,0.5,0,0,-0.07489719684841634,0.36363636363636365,159.8,158.2,1.6000000000000227,156.8,159.8
1473490,6,Kolkata,2025-05-04,Indian Premier League,male,T20,2025,bat,Kolkata Knight Riders,"""Eden Gardens, Kolkata""",Kolkata Knight Riders,Kolkata Knight Riders,Rajasthan Royals,1,0.5234375,0.5,0.4,0.2,0.4444444444444444,0.6666666666666666,1,1,0.0234375,0.5555555555555556,159.8,174.8,-15.0,168.0,197.2
1473491,6,Dharamsala,2025-05-04,Indian Premier League,male,T20,2025,field,Lucknow Super Giants,"""Himachal Pradesh Cricket Association Stadium, Dharamsala""",Punjab Kings,Punjab Kings,Lucknow Super Giants,1,0.4581673306772908,0.5471698113207547,0.6,0.4,0.0,0.5,0,0,-0.08900248064346389,0.4,161.0,170.4,-9.400000000000006,157.2,180.4
1473493,6,Mumbai,2025-05-06,Indian Premier League,male,T20,2025,field,Gujarat Titans,"""Wankhede Stadium, Mumbai""",Gujarat Titans,Mumbai Indians,Gujarat Titans,0,0.5559701492537313,0.6363636363636364,1.0,0.6,0.6086956521739131,0.6,0,0,-0.08039348710990502,0.3333333333333333,184.2,203.0,-18.80000000000001,151.8,189.2
1473494,6,Kolkata,2025-05-07,Indian Premier League,male,T20,2025,bat,Kolkata Knight Riders,"""Eden Gardens, Kolkata""",Chennai Super Kings,Kolkata Knight Riders,Chennai Super Kings,0,0.5252918287937743,0.5668016194331984,0.6,0.2,0.47368421052631576,1.0,1,1,-0.04150979063942406,0.36666666666666664,154.2,179.8,-25.600000000000023,161.4,181.0
1473497,6,Jaipur,2025-05-18,Indian Premier League,male,T20,2025,bat,Punjab Kings,"""Sawai Mansingh Stadium, Jaipur""",Punjab Kings,Punjab Kings,Rajasthan Royals,1,0.4603174603174603,0.4977973568281938,0.8,0.2,0.5,0.42857142857142855,1,1,-0.037479896510733524,0.39285714285714285,159.2,181.2,-22.0,147.6,203.4
1473498,6,Delhi,2025-05-18,Indian Premier League,male,T20,2025,field,Gujarat Titans,"""Arun Jaitley Stadium, Delhi""",Gujarat Titans,Delhi Capitals,Gujarat Titans,0,0.4588235294117647,0.6428571428571429,0.2,0.8,0.4,0.5,0,0,-0.18403361344537822,0.5,181.8,196.4,-14.599999999999994,187.4,183.0
1473499,6,Lucknow,2025-05-19,Indian Premier League,male,T20,2025,field,Sunrisers Hyderabad,"""Bharat Ratna Shri Atal Bihari Vajpayee Ekana Cricket Stadium, Lucknow""",Sunrisers Hyderabad,Lucknow Super Giants,Sunrisers Hyderabad,0,0.5370370370370371,0.4787234042553192,0.2,0.4,0.5,0.0,0,0,0.05831363278171792,0.8,173.0,178.6,-5.599999999999994,191.6,187.0
1473500,6,Delhi,2025-05-20,Indian Premier League,male,T20,2025,field,Rajasthan Royals,"""Arun Jaitley Stadium, Delhi""",Rajasthan Royals,Chennai Super Kings,Rajasthan Royals,0,0.5685483870967742,0.4956140350877193,0.2,0.2,0.6666666666666666,0.3333333333333333,0,0,0.07293435200905496,0.5333333333333333,182.8,187.4,-4.599999999999994,183.6,211.2
1473501,6,Mumbai,2025-05-21,Indian Premier League,male,T20,2025,field,Delhi Capitals,"""Wankhede Stadium, Mumbai""",Mumbai Indians,Mumbai Indians,Delhi Capitals,1,0.5539033457249071,0.45703125,0.8,0.2,0.5833333333333334,0.3333333333333333,0,0,0.09687209572490707,0.5555555555555556,182.0,183.0,-1.0,148.8,187.4
1473502,6,Ahmedabad,2025-05-22,Indian Premier League,male,T20,2025,field,Gujarat Titans,"""Narendra Modi Stadium, Ahmedabad""",Lucknow Super Giants,Lucknow Super Giants,Gujarat Titans,1,0.5272727272727272,0.6491228070175439,0.2,0.8,0.0,0.6190476190476191,0,0,-0.12185007974481665,0.3333333333333333,180.8,196.6,-15.799999999999983,199.2,182.2
1473503,6,Lucknow,2025-05-23,Indian Premier League,male,T20,2025,field,Royal Challengers Bengaluru,"""Bharat Ratna Shri Atal Bihari Vajpayee Ekana Cricket Stadium, Lucknow""",Sunrisers Hyderabad,Sunrisers Hyderabad,Royal Challengers Bengaluru,1,0.48148148148148145,0.49615384615384617,0.4,0.8,0.5,1.0,0,0,-0.014672364672364713,0.5217391304347826,170.4,167.4,3.0,179.0,164.4
1485779,6,Jaipur,2025-05-24,Indian Premier League,male,T20,2025,field,Delhi Capitals,"""Sawai Mansingh Stadium, Jaipur""",Delhi Capitals,Punjab Kings,Delhi Capitals,0,0.4624505928853755,0.45525291828793774,0.8,0.2,1.0,0.0,0,0,0.007197674597437753,0.53125,180.8,166.6,14.200000000000017,170.4,182.6
1473504,6,Ahmedabad,2025-05-25,Indian Premier League,male,T20,2025,bat,Chennai Super Kings,"""Narendra Modi Stadium, Ahmedabad""",Chennai Super Kings,Chennai Super Kings,Gujarat Titans,1,0.5662650602409639,0.6379310344827587,0.2,0.6,0.3333333333333333,0.5909090909090909,1,1,-0.07166597424179477,0.42857142857142855,185.0,197.4,-12.400000000000006,185.8,197.4
1473505,6,Delhi,2025-05-25,Indian Premier League,male,T20,2025,bat,Sunrisers Hyderabad,"""Arun Jaitley Stadium, Delhi""",Sunrisers Hyderabad,Sunrisers Hyderabad,Kolkata Knight Riders,1,0.4842105263157895,0.5232558139534884,0.6,0.4,0.5,0.5,1,1,-0.03904528763769893,0.32142857142857145,184.2,168.6,15.599999999999994,183.6,177.4
1473506,6,Jaipur,2025-05-26,Indian Premier League,male,T20,2025,field,Punjab Kings,"""Sawai Mansingh Stadium, Jaipur""",Punjab Kings,Mumbai Indians,Punjab Kings,0,0.5555555555555556,0.46062992125984253,0.8,0.6,0.5,0.5,0,0,0.09492563429571305,0.5483870967741935,182.6,202.4,-19.80000000000001,137.8,193.0
1473507,6,Lucknow,2025-05-27,Indian Premier League,male,T20,2025,field,Royal Challengers Bengaluru,"""Bharat Ratna Shri Atal Bihari Vajpayee Ekana Cricket Stadium, Lucknow""",Royal Challengers Bengaluru,Lucknow Super Giants,Royal Challengers Bengaluru,0,0.5357142857142857,0.4942528735632184,0.2,0.8,0.47368421052631576,0.5,0,0,0.0414614121510673,0.4,191.8,186.2,5.600000000000023,204.0,191.0
1473508,6,New Chandigarh,2025-05-29,Indian Premier League,male,T20,2025,field,Royal Challengers Bengaluru,"""Maharaja Yadavindra Singh International Cricket Stadium, Mullanpur""",Royal Challengers Bengaluru,Punjab Kings,Royal Challengers Bengaluru,0,0.4627450980392157,0.4961832061068702,0.8,0.8,0.3333333333333333,1.0,0,0,-0.033438108067654515,0.5142857142857142,208.4,200.4,8.0,198.0,205.0
1473509,6,New Chandigarh,2025-05-30,Indian Premier League,male,T20,2025,bat,Mumbai Indians,"""Maharaja Yadavindra Singh International Cricket Stadium, New Chandigarh""",Mumbai Indians,Mumbai Indians,Gujarat Titans,1,0.5535055350553506,0.6271186440677966,0.6,0.6,0.5,0.5,1,1,-0.073613109012446,0.2857142857142857,190.2,185.0,5.199999999999989,146.6,201.0
1473510,6,Ahmedabad,2025-06-01,Indian Premier League,male,T20,2025,field,Punjab Kings,"""Narendra Modi Stadium, Ahmedabad""",Punjab Kings,Mumbai Indians,Punjab Kings,0,0.5551470588235294,0.4609375,0.6,0.6,0.0,0.6,0,0,0.09420955882352944,0.53125,192.8,189.8,3.0,156.0,181.2
1473511,6,Ahmedabad,2025-06-03,Indian Premier League,male,T20,2025,field,Punjab Kings,"""Narendra Modi Stadium, Ahmedabad""",Royal Challengers Bengaluru,Royal Challengers Bengaluru,Punjab Kings,1,0.49809885931558934,0.46303501945525294,0.8,0.6,0.4,0.6666666666666666,0,0,0.0350638398603364,0.5,180.6,184.0,-3.4000000000000057,186.4,182.0
1527674,6,Bengaluru,2026-03-28,Indian Premier League,male,T20,2026,field,Royal Challengers Bengaluru,"""M Chinnaswamy Stadium, Bengaluru""",Royal Challengers Bengaluru,Sunrisers Hyderabad,Royal Challengers Bengaluru,0,0.4869109947643979,0.5,0.8,0.8,1.0,0.47368421052631576,0,0,-0.01308900523560208,0.5416666666666666,211.2,185.6,25.599999999999994,188.0,190.8
1527675,6,Mumbai,2026-03-29,Indian Premier League,male,T20,2026,field,Mumbai Indians,"""Wankhede Stadium, Mumbai""",Mumbai Indians,Kolkata Knight Riders,Mumbai Indians,0,0.5212355212355212,0.5531135531135531,0.4,0.4,0.4444444444444444,0.6,0,0,-0.031878031878031954,0.3142857142857143,183.2,190.0,-6.800000000000011,210.8,174.0
1527676,6,Guwahati,2026-03-30,Indian Premier League,male,T20,2026,field,Rajasthan Royals,"""Barsapara Cricket Stadium, Guwahati""",Rajasthan Royals,Chennai Super Kings,Rajasthan Royals,0,0.568,0.4978165938864629,0.4,0.4,0.0,0.4,0,0,0.07018340611353707,0.5161290322580645,200.2,186.2,14.0,184.2,207.6
1527677,6,New Chandigarh,2026-03-31,Indian Premier League,male,T20,2026,field,Punjab Kings,"""Maharaja Yadavindra Singh International Cricket Stadium, New Chandigarh""",Punjab Kings,Gujarat Titans,Punjab Kings,0,0.6166666666666667,0.46124031007751937,0.4,0.4,0.0,0.5,0,0,0.15542635658914733,0.5,181.8,177.0,4.800000000000011,209.4,178.2
1527678,6,Lucknow,2026-04-01,Indian Premier League,male,T20,2026,field,Delhi Capitals,"""Bharat Ratna Shri Atal Bihari Vajpayee Ekana Cricket Stadium, Lucknow""",Delhi Capitals,Lucknow Super Giants,Delhi Capitals,0,0.5263157894736842,0.4573643410852713,0.2,0.2,0.45,0.6666666666666666,0,0,0.06895144838841288,0.42857142857142855,205.4,176.0,29.400000000000006,217.8,192.0
1527679,6,Kolkata,2026-04-02,Indian Premier League,male,T20,2026,field,Kolkata Knight Riders,"""Eden Gardens, Kolkata""",Sunrisers Hyderabad,Sunrisers Hyderabad,Kolkata Knight Riders,1,0.484375,0.5192307692307693,0.6,0.4,0.3333333333333333,0.45,0,0,-0.034855769230769273,0.3448275862068966,220.4,195.4,25.0,197.8,216.0
1527680,6,Chennai,2026-04-03,Indian Premier League,male,T20,2026,field,Punjab Kings,"""MA Chidambaram Stadium, Chepauk, Chennai""",Punjab Kings,Chennai Super Kings,Punjab Kings,0,0.5657370517928287,0.46332046332046334,0.4,0.6,0.5238095238095238,0.8,0,0,0.1024165884723654,0.5161290322580645,187.6,168.8,18.799999999999983,171.0,169.0
1527681,6,Delhi,2026-04-04,Indian Premier League,male,T20,2026,field,Delhi Capitals,"""Arun Jaitley Stadium, Delhi""",Delhi Capitals,Mumbai Indians,Delhi Capitals,0,0.5547445255474452,0.4594594594594595,0.6,0.4,0.8,0.375,0,0,0.09528506608798576,0.5675675675675675,203.8,172.6,31.200000000000017,188.6,187.2
1527682,6,Ahmedabad,2026-04-04,Indian Premier League,male,T20,2026,bat,Rajasthan Royals,"""Narendra Modi Stadium, Ahmedabad""",Rajasthan Royals,Rajasthan Royals,Gujarat Titans,1,0.5,0.6065573770491803,0.4,0.2,0.6,0.5652173913043478,1,1,-0.10655737704918034,0.25,169.4,184.8,-15.400000000000006,191.2,211.4
1527683,6,Hyderabad,2026-04-05,Indian Premier League,male,T20,2026,field,Lucknow Super Giants,"""Rajiv Gandhi International Stadium, Uppal, Hyderabad""",Lucknow Super Giants,Sunrisers Hyderabad,Lucknow Super Giants,0,0.48704663212435234,0.5172413793103449,0.8,0.2,0.4444444444444444,0.6666666666666666,0,0,-0.03019474718599252,0.3333333333333333,228.4,201.4,27.0,185.2,203.8
1527684,6,Bengaluru,2026-04-05,Indian Premier League,male,T20,2026,field,Chennai Super Kings,"""M Chinnaswamy Stadium, Bengaluru""",Royal Challengers Bengaluru,Royal Challengers Bengaluru,Chennai Super Kings,1,0.5018867924528302,0.5634920634920635,0.8,0.4,0.5,0.3333333333333333,0,0,-0.0616052710392333,0.38235294117647056,183.6,187.2,-3.5999999999999943,188.8,170.4
1527686,6,Guwahati,2026-04-07,Indian Premier League,male,T20,2026,field,Mumbai Indians,"""Barsapara Cricket Stadium, Guwahati""",Rajasthan Royals,Rajasthan Royals,Mumbai Indians,1,0.5021645021645021,0.5527272727272727,0.6,0.4,0.5,0.5,0,0,-0.05056277056277059,0.4666666666666667,188.0,200.2,-12.199999999999989,188.6,197.2
1527687,6,Delhi,2026-04-08,Indian Premier League,male,T20,2026,field,Delhi Capitals,"""Arun Jaitley Stadium, Delhi""",Gujarat Titans,Gujarat Titans,Delhi Capitals,1,0.5967741935483871,0.46153846153846156,0.0,0.6,0.6666666666666666,0.4117647058823529,0,0,0.13523573200992556,0.5714285714285714,184.6,167.4,17.19999999999999,213.6,178.8
1527688,6,Kolkata,2026-04-09,Indian Premier League,male,T20,2026,field,Lucknow Super Giants,"""Eden Gardens, Kolkata""",Lucknow Super Giants,Kolkata Knight Riders,Lucknow Super Giants,0,0.5172413793103449,0.5254237288135594,0.2,0.4,0.42857142857142855,0.5,0,0,-0.008182349503214503,0.3333333333333333,186.8,193.6,-6.799999999999983,223.2,187.8
1527689,6,Guwahati,2026-04-10,Indian Premier League,male,T20,2026,field,Rajasthan Royals,"""Barsapara Cricket Stadium, Guwahati""",Rajasthan Royals,Royal Challengers Bengaluru,Rajasthan Royals,0,0.5037593984962406,0.5043103448275862,1.0,0.8,0.5,0.5714285714285714,0,0,-0.0005509463313455587,0.5483870967741935,195.8,177.0,18.80000000000001,184.0,172.0
1527690,6,New Chandigarh,2026-04-11,Indian Premier League,male,T20,2026,field,Punjab Kings,"""Maharaja Yadavindra Singh International Cricket Stadium, New Chandigarh""",Punjab Kings,Sunrisers Hyderabad,Punjab Kings,0,0.4845360824742268,0.4653846153846154,0.6,0.6,0.5,1.0,0,0,0.019151467089611407,0.7083333333333334,218.4,173.4,45.0,176.2,174.0
1527691,6,Chennai,2026-04-11,Indian Premier League,male,T20,2026,field,Delhi Capitals,"""MA Chidambaram Stadium, Chepauk, Chennai""",Chennai Super Kings,Chennai Super Kings,Delhi Capitals,1,0.5612648221343873,0.45977011494252873,0.2,0.6,0.5,0.6666666666666666,0,0,0.1014947071918586,0.6129032258064516,192.0,169.4,22.599999999999994,184.6,179.8
1527692,6,Lucknow,2026-04-12,Indian Premier League,male,T20,2026,field,Gujarat Titans,"""Bharat Ratna Shri Atal Bihari Vajpayee Ekana Cricket Stadium, Lucknow""",Gujarat Titans,Lucknow Super Giants,Gujarat Titans,0,0.5333333333333333,0.6031746031746031,0.6,0.2,0.42857142857142855,0.3333333333333333,0,0,-0.06984126984126982,0.42857142857142855,189.0,186.2,2.8000000000000114,182.8,208.4
1527693,6,Mumbai,2026-04-12,Indian Premier League,male,T20,2026,field,Mumbai Indians,"""Wankhede Stadium, Mumbai""",Royal Challengers Bengaluru,Royal Challengers Bengaluru,Mumbai Indians,1,0.50187265917603,0.5507246376811594,0.8,0.4,0.6666666666666666,0.6153846153846154,0,0,-0.048851978505129456,0.42424242424242425,190.0,188.0,2.0,179.0,189.8
1529264,6,Hyderabad,2026-04-13,Indian Premier League,male,T20,2026,field,Rajasthan Royals,"""Rajiv Gandhi International Stadium, Uppal, Hyderabad""",Sunrisers Hyderabad,Sunrisers Hyderabad,Rajasthan Royals,1,0.48205128205128206,0.5064377682403434,0.4,1.0,0.42105263157894735,0.3333333333333333,0,0,-0.024386486189061307,0.5714285714285714,216.0,175.6,40.400000000000006,183.0,168.4
1529265,6,Chennai,2026-04-14,Indian Premier League,male,T20,2026,field,Kolkata Knight Riders,"""MA Chidambaram Stadium, Chepauk, Chennai""",Chennai Super Kings,Chennai Super Kings,Kolkata Knight Riders,1,0.562992125984252,0.5152671755725191,0.4,0.0,0.5217391304347826,0.5714285714285714,0,0,0.04772495041173286,0.6451612903225806,197.0,181.8,15.199999999999989,184.8,218.6
1529266,6,Bengaluru,2026-04-15,Indian Premier League,male,T20,2026,field,Royal Challengers Bengaluru,"""M Chinnaswamy Stadium, Bengaluru""",Royal Challengers Bengaluru,Lucknow Super Giants,Royal Challengers Bengaluru,0,0.5245901639344263,0.503731343283582,0.4,0.8,1.0,0.5238095238095238,0,0,0.020858820650844212,0.3333333333333333,174.8,216.8,-42.0,175.4,203.2
1529267,6,Mumbai,2026-04-16,Indian Premier League,male,T20,2026,field,Punjab Kings,"""Wankhede Stadium, Mumbai""",Punjab Kings,Mumbai Indians,Punjab Kings,0,0.5487364620938628,0.4674329501915709,0.2,0.8,0.5925925925925926,0.5,0,0,0.08130351190229196,0.5151515151515151,186.8,197.8,-11.0,196.2,196.6
1529268,6,Ahmedabad,2026-04-17,Indian Premier League,male,T20,2026,bat,Kolkata Knight Riders,"""Narendra Modi Stadium, Ahmedabad""",Gujarat Titans,Kolkata Knight Riders,Gujarat Titans,0,0.5133079847908745,0.609375,0.0,0.4,0.75,0.5416666666666666,1,1,-0.09606701520912553,0.25,178.0,189.8,-11.800000000000011,220.4,195.2
1529270,6,Hyderabad,2026-04-18,Indian Premier League,male,T20,2026,field,Chennai Super Kings,"""Rajiv Gandhi International Stadium, Uppal, Hyderabad""",Sunrisers Hyderabad,Sunrisers Hyderabad,Chennai Super Kings,1,0.4846938775510204,0.5647058823529412,0.4,0.4,0.45,0.0,0,0,-0.08001200480192078,0.3181818181818182,203.6,189.4,14.199999999999989,181.2,187.4
1529269,6,Bengaluru,2026-04-18,Indian Premier League,male,T20,2026,field,Delhi Capitals,"""M Chinnaswamy Stadium, Bengaluru""",Delhi Capitals,Royal Challengers Bengaluru,Delhi Capitals,0,0.5055762081784386,0.4580152671755725,0.8,0.6,0.5454545454545454,0.3333333333333333,0,0,0.04756094100286612,0.6129032258064516,208.6,183.0,25.599999999999994,195.6,186.2
1529272,6,New Chandigarh,2026-04-19,Indian Premier League,male,T20,2026,field,Lucknow Super Giants,"""Maharaja Yadavindra Singh International Cricket Stadium, New Chandigarh""",Punjab Kings,Punjab Kings,Lucknow Super Giants,1,0.46946564885496184,0.5161290322580645,0.8,0.4,1.0,0.5,0,0,-0.046663383403102665,0.5,196.0,158.6,37.400000000000006,195.0,159.2
1529271,6,Kolkata,2026-04-19,Indian Premier League,male,T20,2026,bat,Rajasthan Royals,"""Eden Gardens, Kolkata""",Kolkata Knight Riders,Rajasthan Royals,Kolkata Knight Riders,0,0.5042735042735043,0.5113636363636364,0.8,0.0,0.5,0.4090909090909091,1,1,-0.007090132090132095,0.42857142857142855,169.8,180.4,-10.599999999999994,174.2,201.0
1529273,6,Ahmedabad,2026-04-20,Indian Premier League,male,T20,2026,field,Gujarat Titans,"""Narendra Modi Stadium, Ahmedabad""",Mumbai Indians,Mumbai Indians,Gujarat Titans,1,0.5467625899280576,0.6153846153846154,0.2,0.6,0.0,0.56,0,0,-0.06862202545655782,0.375,185.2,184.4,0.799999999999983,194.4,185.6
1529274,6,Hyderabad,2026-04-21,Indian Premier League,male,T20,2026,field,Delhi Capitals,"""Rajiv Gandhi International Stadium, Uppal, Hyderabad""",Sunrisers Hyderabad,Sunrisers Hyderabad,Delhi Capitals,1,0.4873096446700508,0.4600760456273764,0.6,0.6,0.47619047619047616,1.0,0,0,0.02723359904267436,0.5416666666666666,202.2,177.2,25.0,177.4,180.0
1529275,6,Lucknow,2026-04-22,Indian Premier League,male,T20,2026,field,Lucknow Super Giants,"""Bharat Ratna Shri Atal Bihari Vajpayee Ekana Cricket Stadium, Lucknow""",Rajasthan Royals,Rajasthan Royals,Lucknow Super Giants,1,0.502127659574468,0.5079365079365079,0.6,0.4,1.0,0.4090909090909091,0,0,-0.005808848362039876,0.6666666666666666,175.2,170.4,4.799999999999983,181.0,181.0
1529276,6,Mumbai,2026-04-23,Indian Premier League,male,T20,2026,field,Mumbai Indians,"""Wankhede Stadium, Mumbai""",Chennai Super Kings,Chennai Super Kings,Mumbai Indians,1,0.5625,0.5483870967741935,0.4,0.2,0.5,0.5714285714285714,0,0,0.014112903225806495,0.46153846153846156,200.8,180.2,20.600000000000023,200.6,170.4
1529277,6,Bengaluru,2026-04-24,Indian Premier League,male,T20,2026,field,Royal Challengers Bengaluru,"""M Chinnaswamy Stadium, Bengaluru""",Royal Challengers Bengaluru,Gujarat Titans,Royal Challengers Bengaluru,0,0.6060606060606061,0.5037037037037037,0.6,0.6,0.6666666666666666,0.5217391304347826,0,0,0.10235690235690242,0.5,172.0,203.0,-31.0,192.4,191.2
1529279,6,Jaipur,2026-04-25,Indian Premier League,male,T20,2026,field,Sunrisers Hyderabad,"""Sawai Mansingh Stadium, Jaipur""",Sunrisers Hyderabad,Rajasthan Royals,Sunrisers Hyderabad,0,0.5042372881355932,0.4898989898989899,0.6,0.6,0.4,1.0,0,0,0.01433829823660332,0.4090909090909091,165.0,205.4,-40.400000000000006,164.0,184.2
1529278,6,Delhi,2026-04-25,Indian Premier League,male,T20,2026,bat,Delhi Capitals,"""Arun Jaitley Stadium, Delhi""",Punjab Kings,Delhi Capitals,Punjab Kings,0,0.4583333333333333,0.4714828897338403,0.4,1.0,0.3888888888888889,1.0,1,1,-0.013149556400506968,0.48484848484848486,187.2,210.0,-22.80000000000001,200.2,197.0
1529280,6,Chennai,2026-04-26,Indian Premier League,male,T20,2026,field,Gujarat Titans,"""MA Chidambaram Stadium, Chepauk, Chennai""",Gujarat Titans,Chennai Super Kings,Gujarat Titans,0,0.5642023346303502,0.5970149253731343,0.6,0.6,0.5416666666666666,0.0,0,0,-0.03281259074278409,0.5,200.4,172.2,28.200000000000017,179.4,191.6
1529282,6,Delhi,2026-04-27,Indian Premier League,male,T20,2026,field,Royal Challengers Bengaluru,"""Arun Jaitley Stadium, Delhi""",Royal Challengers Bengaluru,Delhi Capitals,Royal Challengers Bengaluru,0,0.45660377358490567,0.5055350553505535,0.2,0.6,0.3684210526315789,0.5,0,0,-0.04893128176564787,0.40625,207.2,194.2,13.0,220.8,190.8
1529283,6,New Chandigarh,2026-04-28,Indian Premier League,male,T20,2026,field,Rajasthan Royals,"""Maharaja Yadavindra Singh International Cricket Stadium, New Chandigarh""",Rajasthan Royals,Punjab Kings,Rajasthan Royals,0,0.4734848484848485,0.5021097046413502,1.0,0.4,1.0,0.5,0,0,-0.028624856156501677,0.41379310344827586,230.0,180.6,49.400000000000006,217.4,185.2
1529284,6,Mumbai,2026-04-29,Indian Premier League,male,T20,2026,bat,Mumbai Indians,"""Wankhede Stadium, Mumbai""",Sunrisers Hyderabad,Mumbai Indians,Sunrisers Hyderabad,0,0.5464285714285714,0.49246231155778897,0.2,0.8,0.5517241379310345,0.14285714285714285,1,1,0.05396625987078241,0.5833333333333334,168.6,220.0,-51.400000000000006,179.0,197.8
1529285,6,Ahmedabad,2026-04-30,Indian Premier League,male,T20,2026,field,Gujarat Titans,"""Narendra Modi Stadium, Ahmedabad""",Gujarat Titans,Royal Challengers Bengaluru,Gujarat Titans,0,0.5073529411764706,0.6029411764705882,0.8,0.6,0.5,0.5384615384615384,0,0,-0.09558823529411764,0.5714285714285714,169.4,162.6,6.800000000000011,165.4,181.4
1529286,6,Jaipur,2026-05-01,Indian Premier League,male,T20,2026,bat,Rajasthan Royals,"""Sawai Mansingh Stadium, Jaipur""",Delhi Capitals,Rajasthan Royals,Delhi Capitals,0,0.5042016806722689,0.4548872180451128,0.4,0.2,0.375,0.5,1,1,0.04931446262715611,0.5172413793103449,185.8,180.4,5.400000000000006,189.4,194.2
1529287,6,Chennai,2026-05-02,Indian Premier League,male,T20,2026,bat,Mumbai Indians,"""MA Chidambaram Stadium, Chepauk, Chennai""",Chennai Super Kings,Mumbai Indians,Chennai Super Kings,0,0.5444839857651246,0.562015503875969,0.2,0.6,0.375,0.52,1,1,-0.017531518110844413,0.525,192.6,190.6,2.0,198.8,161.8
1529289,6,Ahmedabad,2026-05-03,Indian Premier League,male,T20,2026,field,Gujarat Titans,"""Narendra Modi Stadium, Ahmedabad""",Gujarat Titans,Punjab Kings,Gujarat Titans,0,0.4716981132075472,0.6086956521739131,0.8,0.6,0.5714285714285714,0.5555555555555556,0,0,-0.1369975389663659,0.5714285714285714,232.4,161.2,71.20000000000002,221.2,179.6
1529288,6,Hyderabad,2026-05-03,Indian Premier League,male,T20,2026,bat,Sunrisers Hyderabad,"""Rajiv Gandhi International Stadium, Uppal, Hyderabad""",Kolkata Knight Riders,Sunrisers Hyderabad,Kolkata Knight Riders,0,0.495,0.5132075471698113,1.0,0.2,0.5,1.0,1,1,-0.018207547169811322,0.36666666666666664,226.0,168.6,57.400000000000006,201.8,187.2
1529290,6,Mumbai,2026-05-04,Indian Premier League,male,T20,2026,field,Mumbai Indians,"""Wankhede Stadium, Mumbai""",Mumbai Indians,Lucknow Super Giants,Mumbai Indians,0,0.5,0.5425531914893617,0.2,0.2,0.5,0.5333333333333333,0,0,-0.04255319148936165,0.75,162.2,180.0,-17.80000000000001,181.6,182.8
1529291,6,Delhi,2026-05-05,Indian Premier League,male,T20,2026,bat,Delhi Capitals,"""Arun Jaitley Stadium, Delhi""",Chennai Super Kings,Delhi Capitals,Chennai Super Kings,0,0.45692883895131087,0.5637065637065637,0.4,0.6,0.35,0.5,1,1,-0.10677772475525282,0.375,187.8,180.2,7.600000000000023,196.8,155.8
1529292,6,Hyderabad,2026-05-06,Indian Premier League,male,T20,2026,field,Punjab Kings,"""Rajiv Gandhi International Stadium, Uppal, Hyderabad""",Sunrisers Hyderabad,Sunrisers Hyderabad,Punjab Kings,1,0.4925373134328358,0.4699248120300752,0.8,0.6,0.4782608695652174,0.0,0,0,0.02261250140276061,0.68,215.8,220.4,-4.599999999999994,203.8,210.8
1529293,6,Lucknow,2026-05-07,Indian Premier League,male,T20,2026,field,Royal Challengers Bengaluru,"""Bharat Ratna Shri Atal Bihari Vajpayee Ekana Cricket Stadium, Lucknow""",Lucknow Super Giants,Lucknow Super Giants,Royal Challengers Bengaluru,1,0.49230769230769234,0.5054945054945055,0.0,0.6,0.391304347826087,0.6666666666666666,0,0,-0.01318681318681314,0.2857142857142857,171.4,152.4,19.0,191.2,152.6
1529294,6,Delhi,2026-05-08,Indian Premier League,male,T20,2026,field,Kolkata Knight Riders,"""Arun Jaitley Stadium, Delhi""",Kolkata Knight Riders,Delhi Capitals,Kolkata Knight Riders,0,0.4552238805970149,0.5150375939849624,0.2,0.4,0.3333333333333333,0.3333333333333333,0,0,-0.0598137133879475,0.42424242424242425,183.0,170.2,12.800000000000011,193.6,175.0
1529295,6,Jaipur,2026-05-09,Indian Premier League,male,T20,2026,field,Rajasthan Royals,"""Sawai Mansingh Stadium, Jaipur""",Gujarat Titans,Gujarat Titans,Rajasthan Royals,1,0.6142857142857143,0.502092050209205,0.6,0.4,0.6666666666666666,0.35294117647058826,0,0,0.11219366407650933,0.6666666666666666,158.4,199.0,-40.599999999999994,176.2,191.4
1529296,6,Chennai,2026-05-10,Indian Premier League,male,T20,2026,field,Chennai Super Kings,"""MA Chidambaram Stadium, Chepauk, Chennai""",Chennai Super Kings,Lucknow Super Giants,Chennai Super Kings,0,0.5,0.5653846153846154,0.2,0.6,0.3333333333333333,0.5384615384615384,0,0,-0.06538461538461537,0.6,180.4,173.6,6.800000000000011,198.8,154.8
1529297,6,Raipur,2026-05-10,Indian Premier League,male,T20,2026,field,Royal Challengers Bengaluru,"""Shaheed Veer Narayan Singh International Stadium, Raipur""",Royal Challengers Bengaluru,Mumbai Indians,Royal Challengers Bengaluru,0,0.5441696113074205,0.5036496350364964,0.4,0.4,0.5,0.5,0,0,0.040519976270924074,0.5588235294117647,186.8,163.2,23.600000000000023,188.8,165.2
1529298,6,Dharamsala,2026-05-11,Indian Premier League,male,T20,2026,field,Delhi Capitals,"""Himachal Pradesh Cricket Association Stadium, Dharamsala""",Delhi Capitals,Punjab Kings,Delhi Capitals,0,0.4681647940074906,0.45353159851301117,0.4,0.2,0.2,1.0,0,0,0.014633195494479445,0.5294117647058824,221.2,172.4,48.79999999999998,218.8,174.6
1529299,6,Ahmedabad,2026-05-12,Indian Premier League,male,T20,2026,field,Sunrisers Hyderabad,"""Narendra Modi Stadium, Ahmedabad""",Gujarat Titans,Gujarat Titans,Sunrisers Hyderabad,1,0.6197183098591549,0.49504950495049505,0.8,0.8,0.5714285714285714,0.0,0,0,0.12466880490865984,0.8333333333333334,184.2,224.0,-39.80000000000001,166.8,207.4
1529300,6,Raipur,2026-05-13,Indian Premier League,male,T20,2026,field,Royal Challengers Bengaluru,"""Shaheed Veer Narayan Singh International Stadium, Raipur""",Royal Challengers Bengaluru,Kolkata Knight Riders,Royal Challengers Bengaluru,0,0.5168539325842697,0.5054545454545455,0.6,0.6,0.5,1.0,0,0,0.011399387129724214,0.5714285714285714,163.4,161.6,1.8000000000000114,167.0,162.6
1529301,6,Dharamsala,2026-05-14,Indian Premier League,male,T20,2026,field,Mumbai Indians,"""Himachal Pradesh Cricket Association Stadium, Dharamsala""",Mumbai Indians,Punjab Kings,Mumbai Indians,0,0.4664179104477612,0.5422535211267606,0.2,0.2,0.16666666666666666,0.5,0,0,-0.07583561067899941,0.5,212.4,180.2,32.20000000000002,222.0,202.2
1529302,6,Lucknow,2026-05-15,Indian Premier League,male,T20,2026,field,Lucknow Super Giants,"""Bharat Ratna Shri Atal Bihari Vajpayee Ekana Cricket Stadium, Lucknow""",Lucknow Super Giants,Chennai Super Kings,Lucknow Super Giants,0,0.5670498084291188,0.4925373134328358,0.8,0.2,0.5,0.4166666666666667,0,0,0.07451249499628299,0.5,178.4,191.8,-13.400000000000006,156.6,210.6
1529303,6,Kolkata,2026-05-16,Indian Premier League,male,T20,2026,field,Gujarat Titans,"""Eden Gardens, Kolkata""",Kolkata Knight Riders,Kolkata Knight Riders,Gujarat Titans,1,0.5149253731343284,0.625,0.6,1.0,0.43478260869565216,1.0,0,0,-0.1100746268656716,0.2,169.8,176.8,-7.0,167.4,142.8
1529305,6,Delhi,2026-05-17,Indian Premier League,male,T20,2026,field,Delhi Capitals,"""Arun Jaitley Stadium, Delhi""",Delhi Capitals,Rajasthan Royals,Delhi Capitals,0,0.5,0.45555555555555555,0.4,0.4,0.5,0.3181818181818182,0,0,0.04444444444444445,0.5,198.4,162.8,35.599999999999994,205.0,163.6
1529304,6,Dharamsala,2026-05-17,Indian Premier League,male,T20,2026,field,Punjab Kings,"""Himachal Pradesh Cricket Association Stadium, Dharamsala""",Royal Challengers Bengaluru,Royal Challengers Bengaluru,Punjab Kings,1,0.5072463768115942,0.4646840148698885,0.6,0.0,1.0,0.14285714285714285,0,0,0.04256236194170576,0.5135135135135135,159.2,199.4,-40.20000000000002,160.0,210.2
1529306,6,Chennai,2026-05-18,Indian Premier League,male,T20,2026,bat,Chennai Super Kings,"""MA Chidambaram Stadium, Chepauk, Chennai""",Sunrisers Hyderabad,Chennai Super Kings,Sunrisers Hyderabad,0,0.5648854961832062,0.49261083743842365,0.6,0.6,0.5555555555555556,0.3333333333333333,1,1,0.0722746587447825,0.6521739130434783,174.4,192.8,-18.400000000000006,173.4,202.0
1529307,6,Jaipur,2026-05-19,Indian Premier League,male,T20,2026,field,Rajasthan Royals,"""Sawai Mansingh Stadium, Jaipur""",Rajasthan Royals,Lucknow Super Giants,Rajasthan Royals,0,0.5,0.4979253112033195,0.4,0.2,0.6666666666666666,0.3333333333333333,0,0,0.0020746887966804906,0.2857142857142857,189.4,205.2,-15.799999999999983,197.2,220.6
1529308,6,Kolkata,2026-05-20,Indian Premier League,male,T20,2026,field,Kolkata Knight Riders,"""Eden Gardens, Kolkata""",Kolkata Knight Riders,Mumbai Indians,Kolkata Knight Riders,0,0.543859649122807,0.516728624535316,0.4,0.8,0.0,0.4583333333333333,0,0,0.02713102458749106,0.6944444444444444,200.4,183.2,17.200000000000017,200.8,174.8
1529309,6,Ahmedabad,2026-05-21,Indian Premier League,male,T20,2026,field,Chennai Super Kings,"""Narendra Modi Stadium, Ahmedabad""",Gujarat Titans,Gujarat Titans,Chennai Super Kings,1,0.6164383561643836,0.5627376425855514,0.8,0.6,0.5862068965517241,0.5,0,0,0.053700713578832215,0.5555555555555556,188.0,178.8,9.199999999999989,160.6,177.2
1529310,6,Hyderabad,2026-05-22,Indian Premier League,male,T20,2026,bat,Sunrisers Hyderabad,"""Rajiv Gandhi International Stadium, Uppal, Hyderabad""",Sunrisers Hyderabad,Sunrisers Hyderabad,Royal Challengers Bengaluru,1,0.4950980392156863,0.5090252707581228,0.6,0.6,0.5,1.0,1,1,-0.013927231542436469,0.52,183.2,188.2,-5.0,192.4,184.8
1529311,6,Lucknow,2026-05-23,Indian Premier League,male,T20,2026,field,Punjab Kings,"""Bharat Ratna Shri Atal Bihari Vajpayee Ekana Cricket Stadium, Lucknow""",Punjab Kings,Lucknow Super Giants,Punjab Kings,0,0.4927536231884058,0.46296296296296297,0.4,0.0,0.44,0.6666666666666666,0,0,0.029790660225442855,0.42857142857142855,209.6,194.8,14.799999999999983,210.4,209.0
1529312,6,Mumbai,2026-05-24,Indian Premier League,male,T20,2026,field,Mumbai Indians,"""Wankhede Stadium, Mumbai""",Rajasthan Royals,Rajasthan Royals,Mumbai Indians,1,0.5,0.541958041958042,0.4,0.4,0.5,0.5483870967741935,0,0,-0.04195804195804198,0.4838709677419355,204.6,181.2,23.400000000000006,218.8,180.6
1529313,6,Kolkata,2026-05-24,Indian Premier League,male,T20,2026,field,Kolkata Knight Riders,"""Eden Gardens, Kolkata""",Delhi Capitals,Delhi Capitals,Kolkata Knight Riders,1,0.4575645756457565,0.5185185185185185,0.6,0.8,0.0,0.48,0,0,-0.06095394287276201,0.4117647058823529,187.2,180.6,6.599999999999994,186.8,173.2
1535462,6,Dharamsala,2026-05-26,Indian Premier League,male,T20,2026,field,Gujarat Titans,"""Himachal Pradesh Cricket Association Stadium, Dharamsala""",Royal Challengers Bengaluru,Royal Challengers Bengaluru,Gujarat Titans,1,0.5071942446043165,0.6216216216216216,0.6,0.8,1.0,0.5,0,0,-0.1144273770173051,0.5,197.2,202.2,-5.0,204.2,157.6
1535463,6,New Chandigarh,2026-05-27,Indian Premier League,male,T20,2026,field,Sunrisers Hyderabad,"""Maharaja Yadavindra Singh International Cricket Stadium, New Chandigarh""",Rajasthan Royals,Rajasthan Royals,Sunrisers Hyderabad,1,0.5020576131687243,0.4975609756097561,0.4,0.6,1.0,0.0,0,0,0.004496637558968231,0.391304347826087,200.0,184.4,15.599999999999994,209.4,183.8
1535464,6,New Chandigarh,2026-05-29,Indian Premier League,male,T20,2026,bat,Rajasthan Royals,"""Maharaja Yadavindra Singh International Cricket Stadium, New Chandigarh""",Gujarat Titans,Rajasthan Royals,Gujarat Titans,0,0.5040983606557377,0.6133333333333333,0.6,0.6,1.0,0.0,1,1,-0.10923497267759563,0.3,203.6,201.2,2.4000000000000057,203.4,175.8
1535465,6,Ahmedabad,2026-05-31,Indian Premier League,male,T20,2026,field,Royal Challengers Bengaluru,"""Narendra Modi Stadium, Ahmedabad""",Royal Challengers Bengaluru,Gujarat Titans,Royal Challengers Bengaluru,0,0.618421052631579,0.5089605734767025,0.6,0.8,0.6,0.42857142857142855,0,0,0.10946047915487644,0.4444444444444444,199.2,207.4,-8.200000000000017,188.2,194.8
