match_id,balls_per_over,city,date,event,gender,match_type,season,toss_decision,toss_winner,venue,winner,team1,team2
1082591,6,Hyderabad,2017/04/05,Indian Premier League,male,T20,2017,field,Royal Challengers Bangalore,"""Rajiv Gandhi International Stadium, Uppal""",Sunrisers Hyderabad,Sunrisers Hyderabad,Royal Challengers Bengaluru
1082592,6,Pune,2017/04/06,Indian Premier League,male,T20,2017,field,Rising Pune Supergiant,Maharashtra Cricket Association Stadium,Rising Pune Supergiants,Rising Pune Supergiants,Mumbai Indians
1082593,6,Rajkot,2017/04/07,Indian Premier League,male,T20,2017,field,Kolkata Knight Riders,Saurashtra Cricket Association Stadium,Kolkata Knight Riders,Gujarat Lions,Kolkata Knight Riders
1082594,6,Indore,2017/04/08,Indian Premier League,male,T20,2017,field,Kings XI Punjab,Holkar Cricket Stadium,Punjab Kings,Punjab Kings,Rising Pune Supergiants
1082595,6,Bengaluru,2017/04/08,Indian Premier League,male,T20,2017,bat,Royal Challengers Bangalore,M.Chinnaswamy Stadium,Royal Challengers Bengaluru,Royal Challengers Bengaluru,Delhi Capitals
1082596,6,Hyderabad,2017/04/09,Indian Premier League,male,T20,2017,field,Sunrisers Hyderabad,"""Rajiv Gandhi International Stadium, Uppal""",Sunrisers Hyderabad,Sunrisers Hyderabad,Gujarat Lions
1082597,6,Mumbai,2017/04/09,Indian Premier League,male,T20,2017,field,Mumbai Indians,Wankhede Stadium,Mumbai Indians,Mumbai Indians,Kolkata Knight Riders
1082598,6,Indore,2017/04/10,Indian Premier League,male,T20,2017,bat,Royal Challengers Bangalore,Holkar Cricket Stadium,Punjab Kings,Punjab Kings,Royal Challengers Bengaluru
1082599,6,Pune,2017/04/11,Indian Premier League,male,T20,2017,field,Rising Pune Supergiant,Maharashtra Cricket Association Stadium,Delhi Capitals,Rising Pune Supergiants,Delhi Capitals
1082600,6,Mumbai,2017/04/12,Indian Premier League,male,T20,2017,field,Mumbai Indians,Wankhede Stadium,Mumbai Indians,Mumbai Indians,Sunrisers Hyderabad
1082601,6,Kolkata,2017/04/13,Indian Premier League,male,T20,2017,field,Kolkata Knight Riders,Eden Gardens,Kolkata Knight Riders,Kolkata Knight Riders,Punjab Kings
1082602,6,Bangalore,2017/04/14,Indian Premier League,male,T20,2017,field,Mumbai Indians,M Chinnaswamy Stadium,Mumbai Indians,Royal Challengers Bengaluru,Mumbai Indians
1082603,6,Rajkot,2017/04/14,Indian Premier League,male,T20,2017,field,Gujarat Lions,Saurashtra Cricket Association Stadium,Gujarat Lions,Gujarat Lions,Rising Pune Supergiants
1082604,6,Kolkata,2017/04/15,Indian Premier League,male,T20,2017,field,Sunrisers Hyderabad,Eden Gardens,Kolkata Knight Riders,Kolkata Knight Riders,Sunrisers Hyderabad
1082605,6,Delhi,2017/04/15,Indian Premier League,male,T20,2017,bat,Delhi Daredevils,Feroz Shah Kotla,Delhi Capitals,Delhi Capitals,Punjab Kings
1082606,6,Mumbai,2017/04/16,Indian Premier League,male,T20,2017,field,Mumbai Indians,Wankhede Stadium,Mumbai Indians,Mumbai Indians,Gujarat Lions
1082607,6,Bangalore,2017/04/16,Indian Premier League,male,T20,2017,field,Royal Challengers Bangalore,M Chinnaswamy Stadium,Rising Pune Supergiants,Royal Challengers Bengaluru,Rising Pune Supergiants
1082608,6,Delhi,2017/04/17,Indian Premier League,male,T20,2017,bat,Delhi Daredevils,Feroz Shah Kotla,Kolkata Knight Riders,Delhi Capitals,Kolkata Knight Riders
1082609,6,Hyderabad,2017/04/17,Indian Premier League,male,T20,2017,field,Kings XI Punjab,"""Rajiv Gandhi International Stadium, Uppal""",Sunrisers Hyderabad,Sunrisers Hyderabad,Punjab Kings
1082610,6,Rajkot,2017/04/18,Indian Premier League,male,T20,2017,field,Gujarat Lions,Saurashtra Cricket Association Stadium,Royal Challengers Bengaluru,Gujarat Lions,Royal Challengers Bengaluru
1082611,6,Hyderabad,2017/04/19,Indian Premier League,male,T20,2017,bat,Sunrisers Hyderabad,"""Rajiv Gandhi International Stadium, Uppal""",Sunrisers Hyderabad,Sunrisers Hyderabad,Delhi Capitals
1082612,6,Indore,2017/04/20,Indian Premier League,male,T20,2017,field,Mumbai Indians,Holkar Cricket Stadium,Mumbai Indians,Punjab Kings,Mumbai Indians
1082613,6,Kolkata,2017/04/21,Indian Premier League,male,T20,2017,field,Gujarat Lions,Eden Gardens,Gujarat Lions,Kolkata Knight Riders,Gujarat Lions
1082614,6,Mumbai,2017/04/22,Indian Premier League,male,T20,2017,field,Delhi Daredevils,Wankhede Stadium,Mumbai Indians,Mumbai Indians,Delhi Capitals
1082615,6,Pune,2017/04/22,Indian Premier League,male,T20,2017,field,Rising Pune Supergiant,Maharashtra Cricket Association Stadium,Rising Pune Supergiants,Rising Pune Supergiants,Sunrisers Hyderabad
1082616,6,Rajkot,2017/04/23,Indian Premier League,male,T20,2017,field,Gujarat Lions,Saurashtra Cricket Association Stadium,Punjab Kings,Gujarat Lions,Punjab Kings
1082617,6,Kolkata,2017/04/23,Indian Premier League,male,T20,2017,field,Royal Challengers Bangalore,Eden Gardens,Kolkata Knight Riders,Kolkata Knight Riders,Royal Challengers Bengaluru
1082618,6,Mumbai,2017/04/24,Indian Premier League,male,T20,2017,field,Mumbai Indians,Wankhede Stadium,Rising Pune Supergiants,Mumbai Indians,Rising Pune Supergiants
1082620,6,Pune,2017/04/26,Indian Premier League,male,T20,2017,field,Kolkata Knight Riders,Maharashtra Cricket Association Stadium,Kolkata Knight Riders,Rising Pune Supergiants,Kolkata Knight Riders
1082621,6,Bangalore,2017/04/27,Indian Premier League,male,T20,2017,field,Gujarat Lions,M Chinnaswamy Stadium,Gujarat Lions,Royal Challengers Bengaluru,Gujarat Lions
1082622,6,Kolkata,2017/04/28,Indian Premier League,male,T20,2017,field,Kolkata Knight Riders,Eden Gardens,Kolkata Knight Riders,Kolkata Knight Riders,Delhi Capitals
1082623,6,Chandigarh,2017/04/28,Indian Premier League,male,T20,2017,field,Kings XI Punjab,"""Punjab Cricket Association IS Bindra Stadium, Mohali""",Sunrisers Hyderabad,Punjab Kings,Sunrisers Hyderabad
1082624,6,Pune,2017/04/29,Indian Premier League,male,T20,2017,field,Royal Challengers Bangalore,Maharashtra Cricket Association Stadium,Rising Pune Supergiants,Rising Pune Supergiants,Royal Challengers Bengaluru
1082625,6,Rajkot,2017/04/29,Indian Premier League,male,T20,2017,bat,Gujarat Lions,Saurashtra Cricket Association Stadium,,Gujarat Lions,Mumbai Indians
1082626,6,Chandigarh,2017/04/30,Indian Premier League,male,T20,2017,field,Kings XI Punjab,"""Punjab Cricket Association IS Bindra Stadium, Mohali""",Punjab Kings,Punjab Kings,Delhi Capitals
1082627,6,Hyderabad,2017/04/30,Indian Premier League,male,T20,2017,field,Kolkata Knight Riders,"""Rajiv Gandhi International Stadium, Uppal""",Sunrisers Hyderabad,Sunrisers Hyderabad,Kolkata Knight Riders
1082628,6,Mumbai,2017/05/01,Indian Premier League,male,T20,2017,bat,Royal Challengers Bangalore,Wankhede Stadium,Mumbai Indians,Mumbai Indians,Royal Challengers Bengaluru
1082629,6,Pune,2017/05/01,Indian Premier League,male,T20,2017,field,Rising Pune Supergiant,Maharashtra Cricket Association Stadium,Rising Pune Supergiants,Rising Pune Supergiants,Gujarat Lions
1082630,6,Delhi,2017/05/02,Indian Premier League,male,T20,2017,field,Delhi Daredevils,Feroz Shah Kotla,Delhi Capitals,Delhi Capitals,Sunrisers Hyderabad
1082631,6,Kolkata,2017/05/03,Indian Premier League,male,T20,2017,field,Rising Pune Supergiant,Eden Gardens,Rising Pune Supergiants,Kolkata Knight Riders,Rising Pune Supergiants
1082632,6,Delhi,2017/05/04,Indian Premier League,male,T20,2017,field,Delhi Daredevils,Feroz Shah Kotla,Delhi Capitals,Delhi Capitals,Gujarat Lions
1082633,6,Bangalore,2017/05/05,Indian Premier League,male,T20,2017,field,Royal Challengers Bangalore,M Chinnaswamy Stadium,Punjab Kings,Royal Challengers Bengaluru,Punjab Kings
1082634,6,Hyderabad,2017/05/06,Indian Premier League,male,T20,2017,field,Sunrisers Hyderabad,"""Rajiv Gandhi International Stadium, Uppal""",Rising Pune Supergiants,Sunrisers Hyderabad,Rising Pune Supergiants
1082635,6,Delhi,2017/05/06,Indian Premier League,male,T20,2017,field,Delhi Daredevils,Feroz Shah Kotla,Mumbai Indians,Delhi Capitals,Mumbai Indians
1082636,6,Bangalore,2017/05/07,Indian Premier League,male,T20,2017,field,Kolkata Knight Riders,M Chinnaswamy Stadium,Kolkata Knight Riders,Royal Challengers Bengaluru,Kolkata Knight Riders
1082637,6,Chandigarh,2017/05/07,Indian Premier League,male,T20,2017,field,Gujarat Lions,"""Punjab Cricket Association IS Bindra Stadium, Mohali""",Gujarat Lions,Punjab Kings,Gujarat Lions
1082638,6,Hyderabad,2017/05/08,Indian Premier League,male,T20,2017,bat,Mumbai Indians,"""Rajiv Gandhi International Stadium, Uppal""",Sunrisers Hyderabad,Sunrisers Hyderabad,Mumbai Indians
1082639,6,Chandigarh,2017/05/09,Indian Premier League,male,T20,2017,field,Kolkata Knight Riders,"""Punjab Cricket Association IS Bindra Stadium, Mohali""",Punjab Kings,Punjab Kings,Kolkata Knight Riders
1082640,6,Kanpur,2017/05/10,Indian Premier League,male,T20,2017,field,Delhi Daredevils,Green Park,Delhi Capitals,Gujarat Lions,Delhi Capitals
1082641,6,Mumbai,2017/05/11,Indian Premier League,male,T20,2017,field,Mumbai Indians,Wankhede Stadium,Punjab Kings,Mumbai Indians,Punjab Kings
1082642,6,Delhi,2017/05/12,Indian Premier League,male,T20,2017,bat,Delhi Daredevils,Feroz Shah Kotla,Delhi Capitals,Delhi Capitals,Rising Pune Supergiants
1082643,6,Kanpur,2017/05/13,Indian Premier League,male,T20,2017,field,Sunrisers Hyderabad,Green Park,Sunrisers Hyderabad,Gujarat Lions,Sunrisers Hyderabad
1082644,6,Kolkata,2017/05/13,Indian Premier League,male,T20,2017,field,Kolkata Knight Riders,Eden Gardens,Mumbai Indians,Kolkata Knight Riders,Mumbai Indians
1082645,6,Pune,2017/05/14,Indian Premier League,male,T20,2017,field,Rising Pune Supergiant,Maharashtra Cricket Association Stadium,Rising Pune Supergiants,Rising Pune Supergiants,Punjab Kings
1082646,6,Delhi,2017/05/14,Indian Premier League,male,T20,2017,bat,Royal Challengers Bangalore,Feroz Shah Kotla,Royal Challengers Bengaluru,Delhi Capitals,Royal Challengers Bengaluru
1082647,6,Mumbai,2017/05/16,Indian Premier League,male,T20,2017,field,Mumbai Indians,Wankhede Stadium,Rising Pune Supergiants,Mumbai Indians,Rising Pune Supergiants
1082648,6,Bangalore,2017/05/17,Indian Premier League,male,T20,2017,field,Kolkata Knight Riders,M Chinnaswamy Stadium,Kolkata Knight Riders,Sunrisers Hyderabad,Kolkata Knight Riders
1082649,6,Bangalore,2017/05/19,Indian Premier League,male,T20,2017,field,Mumbai Indians,M Chinnaswamy Stadium,Mumbai Indians,Mumbai Indians,Kolkata Knight Riders
1082650,6,Hyderabad,2017/05/21,Indian Premier League,male,T20,2017,bat,Mumbai Indians,"""Rajiv Gandhi International Stadium, Uppal""",Mumbai Indians,Mumbai Indians,Rising Pune Supergiants
1136561,6,Mumbai,2018/04/07,Indian Premier League,male,T20,2018,field,Chennai Super Kings,Wankhede Stadium,Chennai Super Kings,Mumbai Indians,Chennai Super Kings
1136562,6,Chandigarh,2018/04/08,Indian Premier League,male,T20,2018,field,Kings XI Punjab,Punjab Cricket Association IS Bindra Stadium,Punjab Kings,Delhi Capitals,Punjab Kings
1136563,6,Kolkata,2018/04/08,Indian Premier League,male,T20,2018,field,Kolkata Knight Riders,Eden Gardens,Kolkata Knight Riders,Royal Challengers Bengaluru,Kolkata Knight Riders
1136564,6,Hyderabad,2018/04/09,Indian Premier League,male,T20,2018,field,Sunrisers Hyderabad,Rajiv Gandhi International Stadium,Sunrisers Hyderabad,Rajasthan Royals,Sunrisers Hyderabad
1136565,6,Chennai,2018/04/10,Indian Premier League,male,T20,2018,field,Chennai Super Kings,MA Chidambaram Stadium,Chennai Super Kings,Kolkata Knight Riders,Chennai Super Kings
1136566,6,Jaipur,2018/04/11,Indian Premier League,male,T20,2018,field,Delhi Daredevils,Sawai Mansingh Stadium,Rajasthan Royals,Rajasthan Royals,Delhi Capitals
1136567,6,Hyderabad,2018/04/12,Indian Premier League,male,T20,2018,field,Sunrisers Hyderabad,Rajiv Gandhi International Stadium,Sunrisers Hyderabad,Mumbai Indians,Sunrisers Hyderabad
1136568,6,Bengaluru,2018/04/13,Indian Premier League,male,T20,2018,field,Royal Challengers Bangalore,M.Chinnaswamy Stadium,Royal Challengers Bengaluru,Punjab Kings,Royal Challengers Bengaluru
1136569,6,Mumbai,2018/04/14,Indian Premier League,male,T20,2018,field,Delhi Daredevils,Wankhede Stadium,Delhi Capitals,Mumbai Indians,Delhi Capitals
1136570,6,Kolkata,2018/04/14,Indian Premier League,male,T20,2018,field,Sunrisers Hyderabad,Eden Gardens,Sunrisers Hyderabad,Kolkata Knight Riders,Sunrisers Hyderabad
1136571,6,Bengaluru,2018/04/15,Indian Premier League,male,T20,2018,field,Royal Challengers Bangalore,M.Chinnaswamy Stadium,Rajasthan Royals,Rajasthan Royals,Royal Challengers Bengaluru
1136572,6,Chandigarh,2018/04/15,Indian Premier League,male,T20,2018,field,Chennai Super Kings,Punjab Cricket Association IS Bindra Stadium,Punjab Kings,Punjab Kings,Chennai Super Kings
1136573,6,Kolkata,2018/04/16,Indian Premier League,male,T20,2018,field,Delhi Daredevils,Eden Gardens,Kolkata Knight Riders,Kolkata Knight Riders,Delhi Capitals
1136574,6,Mumbai,2018/04/17,Indian Premier League,male,T20,2018,field,Royal Challengers Bangalore,Wankhede Stadium,Mumbai Indians,Mumbai Indians,Royal Challengers Bengaluru
1136575,6,Jaipur,2018/04/18,Indian Premier League,male,T20,2018,field,Kolkata Knight Riders,Sawai Mansingh Stadium,Kolkata Knight Riders,Rajasthan Royals,Kolkata Knight Riders
1136576,6,Chandigarh,2018/04/19,Indian Premier League,male,T20,2018,bat,Kings XI Punjab,Punjab Cricket Association IS Bindra Stadium,Punjab Kings,Punjab Kings,Sunrisers Hyderabad
1136577,6,Pune,2018/04/20,Indian Premier League,male,T20,2018,field,Rajasthan Royals,Maharashtra Cricket Association Stadium,Chennai Super Kings,Chennai Super Kings,Rajasthan Royals
1136578,6,Kolkata,2018/04/21,Indian Premier League,male,T20,2018,field,Kings XI Punjab,Eden Gardens,Punjab Kings,Kolkata Knight Riders,Punjab Kings
1136579,6,Bengaluru,2018/04/21,Indian Premier League,male,T20,2018,field,Royal Challengers Bangalore,M.Chinnaswamy Stadium,Royal Challengers Bengaluru,Delhi Capitals,Royal Challengers Bengaluru
1136580,6,Hyderabad,2018/04/22,Indian Premier League,male,T20,2018,field,Sunrisers Hyderabad,Rajiv Gandhi International Stadium,Chennai Super Kings,Chennai Super Kings,Sunrisers Hyderabad
1136581,6,Jaipur,2018/04/22,Indian Premier League,male,T20,2018,bat,Mumbai Indians,Sawai Mansingh Stadium,Rajasthan Royals,Mumbai Indians,Rajasthan Royals
1136582,6,Delhi,2018/04/23,Indian Premier League,male,T20,2018,field,Delhi Daredevils,Arun Jaitley Stadium,Punjab Kings,Punjab Kings,Delhi Capitals
1136583,6,Mumbai,2018/04/24,Indian Premier League,male,T20,2018,field,Mumbai Indians,Wankhede Stadium,Sunrisers Hyderabad,Sunrisers Hyderabad,Mumbai Indians
1136584,6,Bengaluru,2018/04/25,Indian Premier League,male,T20,2018,field,Chennai Super Kings,M.Chinnaswamy Stadium,Chennai Super Kings,Royal Challengers Bengaluru,Chennai Super Kings
1136585,6,Hyderabad,2018/04/26,Indian Premier League,male,T20,2018,field,Kings XI Punjab,Rajiv Gandhi International Stadium,Sunrisers Hyderabad,Sunrisers Hyderabad,Punjab Kings
1136586,6,Delhi,2018/04/27,Indian Premier League,male,T20,2018,field,Kolkata Knight Riders,Arun Jaitley Stadium,Delhi Capitals,Delhi Capitals,Kolkata Knight Riders
1136587,6,Pune,2018/04/28,Indian Premier League,male,T20,2018,field,Mumbai Indians,Maharashtra Cricket Association Stadium,Mumbai Indians,Chennai Super Kings,Mumbai Indians
1136588,6,Jaipur,2018/04/29,Indian Premier League,male,T20,2018,bat,Sunrisers Hyderabad,Sawai Mansingh Stadium,Sunrisers Hyderabad,Sunrisers Hyderabad,Rajasthan Royals
1136589,6,Bengaluru,2018/04/29,Indian Premier League,male,T20,2018,field,Kolkata Knight Riders,M.Chinnaswamy Stadium,Kolkata Knight Riders,Royal Challengers Bengaluru,Kolkata Knight Riders
1136590,6,Pune,2018/04/30,Indian Premier League,male,T20,2018,field,Delhi Daredevils,Maharashtra Cricket Association Stadium,Chennai Super Kings,Chennai Super Kings,Delhi Capitals
1136591,6,Bengaluru,2018/05/01,Indian Premier League,male,T20,2018,field,Mumbai Indians,M.Chinnaswamy Stadium,Royal Challengers Bengaluru,Royal Challengers Bengaluru,Mumbai Indians
1136592,6,Delhi,2018/05/02,Indian Premier League,male,T20,2018,field,Rajasthan Royals,Arun Jaitley Stadium,Delhi Capitals,Delhi Capitals,Rajasthan Royals
1136593,6,Kolkata,2018/05/03,Indian Premier League,male,T20,2018,field,Kolkata Knight Riders,Eden Gardens,Kolkata Knight Riders,Chennai Super Kings,Kolkata Knight Riders
1136594,6,Indore,2018/05/04,Indian Premier League,male,T20,2018,field,Mumbai Indians,Holkar Cricket Stadium,Mumbai Indians,Punjab Kings,Mumbai Indians
1136595,6,Pune,2018/05/05,Indian Premier League,male,T20,2018,field,Chennai Super Kings,Maharashtra Cricket Association Stadium,Chennai Super Kings,Royal Challengers Bengaluru,Chennai Super Kings
1136596,6,Hyderabad,2018/05/05,Indian Premier League,male,T20,2018,bat,Delhi Daredevils,Rajiv Gandhi International Stadium,Sunrisers Hyderabad,Delhi Capitals,Sunrisers Hyderabad
1136597,6,Mumbai,2018/05/06,Indian Premier League,male,T20,2018,field,Kolkata Knight Riders,Wankhede Stadium,Mumbai Indians,Mumbai Indians,Kolkata Knight Riders
1136598,6,Indore,2018/05/06,Indian Premier League,male,T20,2018,field,Kings XI Punjab,Holkar Cricket Stadium,Punjab Kings,Rajasthan Royals,Punjab Kings
1136599,6,Hyderabad,2018/05/07,Indian Premier League,male,T20,2018,field,Royal Challengers Bangalore,Rajiv Gandhi International Stadium,Sunrisers Hyderabad,Sunrisers Hyderabad,Royal Challengers Bengaluru
1136600,6,Jaipur,2018/05/08,Indian Premier League,male,T20,2018,bat,Rajasthan Royals,Sawai Mansingh Stadium,Rajasthan Royals,Rajasthan Royals,Punjab Kings
1136601,6,Kolkata,2018/05/09,Indian Premier League,male,T20,2018,field,Kolkata Knight Riders,Eden Gardens,Mumbai Indians,Mumbai Indians,Kolkata Knight Riders
1136602,6,Delhi,2018/05/10,Indian Premier League,male,T20,2018,bat,Delhi Daredevils,Arun Jaitley Stadium,Sunrisers Hyderabad,Delhi Capitals,Sunrisers Hyderabad
1136603,6,Jaipur,2018/05/11,Indian Premier League,male,T20,2018,bat,Chennai Super Kings,Sawai Mansingh Stadium,Rajasthan Royals,Chennai Super Kings,Rajasthan Royals
1136604,6,Indore,2018/05/12,Indian Premier League,male,T20,2018,field,Kings XI Punjab,Holkar Cricket Stadium,Kolkata Knight Riders,Kolkata Knight Riders,Punjab Kings
1136605,6,Delhi,2018/05/12,Indian Premier League,male,T20,2018,field,Royal Challengers Bangalore,Arun Jaitley Stadium,Royal Challengers Bengaluru,Delhi Capitals,Royal Challengers Bengaluru
1136606,6,Pune,2018/05/13,Indian Premier League,male,T20,2018,field,Chennai Super Kings,Maharashtra Cricket Association Stadium,Chennai Super Kings,Sunrisers Hyderabad,Chennai Super Kings
1136607,6,Mumbai,2018/05/13,Indian Premier League,male,T20,2018,field,Rajasthan Royals,Wankhede Stadium,Rajasthan Royals,Mumbai Indians,Rajasthan Royals
1136608,6,Indore,2018/05/14,Indian Premier League,male,T20,2018,field,Royal Challengers Bangalore,Holkar Cricket Stadium,Royal Challengers Bengaluru,Punjab Kings,Royal Challengers Bengaluru
1136609,6,Kolkata,2018/05/15,Indian Premier League,male,T20,2018,field,Kolkata Knight Riders,Eden Gardens,Kolkata Knight Riders,Rajasthan Royals,Kolkata Knight Riders
1136610,6,Mumbai,2018/05/16,Indian Premier League,male,T20,2018,field,Kings XI Punjab,Wankhede Stadium,Mumbai Indians,Mumbai Indians,Punjab Kings
1136611,6,Bengaluru,2018/05/17,Indian Premier League,male,T20,2018,field,Sunrisers Hyderabad,M.Chinnaswamy Stadium,Royal Challengers Bengaluru,Royal Challengers Bengaluru,Sunrisers Hyderabad
1136612,6,Delhi,2018/05/18,Indian Premier League,male,T20,2018,field,Chennai Super Kings,Arun Jaitley Stadium,Delhi Capitals,Delhi Capitals,Chennai Super Kings
1136613,6,Jaipur,2018/05/19,Indian Premier League,male,T20,2018,bat,Rajasthan Royals,Sawai Mansingh Stadium,Rajasthan Royals,Rajasthan Royals,Royal Challengers Bengaluru
1136614,6,Hyderabad,2018/05/19,Indian Premier League,male,T20,2018,bat,Sunrisers Hyderabad,Rajiv Gandhi International Stadium,Kolkata Knight Riders,Sunrisers Hyderabad,Kolkata Knight Riders
1136615,6,Delhi,2018/05/20,Indian Premier League,male,T20,2018,bat,Delhi Daredevils,Arun Jaitley Stadium,Delhi Capitals,Delhi Capitals,Mumbai Indians
1136616,6,Pune,2018/05/20,Indian Premier League,male,T20,2018,field,Chennai Super Kings,Maharashtra Cricket Association Stadium,Chennai Super Kings,Punjab Kings,Chennai Super Kings
1136617,6,Mumbai,2018/05/22,Indian Premier League,male,T20,2018,field,Chennai Super Kings,Wankhede Stadium,Chennai Super Kings,Sunrisers Hyderabad,Chennai Super Kings
1136618,6,Kolkata,2018/05/23,Indian Premier League,male,T20,2018,field,Rajasthan Royals,Eden Gardens,Kolkata Knight Riders,Kolkata Knight Riders,Rajasthan Royals
1136619,6,Kolkata,2018/05/25,Indian Premier League,male,T20,2018,field,Kolkata Knight Riders,Eden Gardens,Sunrisers Hyderabad,Sunrisers Hyderabad,Kolkata Knight Riders
1136620,6,Mumbai,2018/05/27,Indian Premier League,male,T20,2018,field,Chennai Super Kings,Wankhede Stadium,Chennai Super Kings,Sunrisers Hyderabad,Chennai Super Kings
1175356,6,Chennai,2019/03/23,Indian Premier League,male,T20,2019,field,Chennai Super Kings,MA Chidambaram Stadium,Chennai Super Kings,Royal Challengers Bengaluru,Chennai Super Kings
1175357,6,Kolkata,2019/03/24,Indian Premier League,male,T20,2019,field,Kolkata Knight Riders,Eden Gardens,Kolkata Knight Riders,Sunrisers Hyderabad,Kolkata Knight Riders
1175358,6,Mumbai,2019/03/24,Indian Premier League,male,T20,2019,field,Mumbai Indians,Wankhede Stadium,Delhi Capitals,Delhi Capitals,Mumbai Indians
1175359,6,Jaipur,2019/03/25,Indian Premier League,male,T20,2019,field,Rajasthan Royals,Sawai Mansingh Stadium,Punjab Kings,Punjab Kings,Rajasthan Royals
1175360,6,Delhi,2019/03/26,Indian Premier League,male,T20,2019,bat,Delhi Capitals,Arun Jaitley Stadium,Chennai Super Kings,Delhi Capitals,Chennai Super Kings
1175361,6,Kolkata,2019/03/27,Indian Premier League,male,T20,2019,field,Kings XI Punjab,Eden Gardens,Kolkata Knight Riders,Kolkata Knight Riders,Punjab Kings
1175362,6,Bengaluru,2019/03/28,Indian Premier League,male,T20,2019,field,Royal Challengers Bangalore,M.Chinnaswamy Stadium,Mumbai Indians,Mumbai Indians,Royal Challengers Bengaluru
1175363,6,Hyderabad,2019/03/29,Indian Premier League,male,T20,2019,bat,Rajasthan Royals,Rajiv Gandhi International Stadium,Sunrisers Hyderabad,Rajasthan Royals,Sunrisers Hyderabad
1175364,6,Chandigarh,2019/03/30,Indian Premier League,male,T20,2019,field,Kings XI Punjab,Punjab Cricket Association IS Bindra Stadium,Punjab Kings,Mumbai Indians,Punjab Kings
1175365,6,Delhi,2019/03/30,Indian Premier League,male,T20,2019,field,Delhi Capitals,Arun Jaitley Stadium,,Kolkata Knight Riders,Delhi Capitals
1175366,6,Hyderabad,2019/03/31,Indian Premier League,male,T20,2019,field,Royal Challengers Bangalore,Rajiv Gandhi International Stadium,Sunrisers Hyderabad,Sunrisers Hyderabad,Royal Challengers Bengaluru
1175367,6,Chennai,2019/03/31,Indian Premier League,male,T20,2019,field,Rajasthan Royals,MA Chidambaram Stadium,Chennai Super Kings,Chennai Super Kings,Rajasthan Royals
1175368,6,Chandigarh,2019/04/01,Indian Premier League,male,T20,2019,field,Delhi Capitals,Punjab Cricket Association IS Bindra Stadium,Punjab Kings,Punjab Kings,Delhi Capitals
1175369,6,Jaipur,2019/04/02,Indian Premier League,male,T20,2019,field,Rajasthan Royals,Sawai Mansingh Stadium,Rajasthan Royals,Royal Challengers Bengaluru,Rajasthan Royals
1175370,6,Mumbai,2019/04/03,Indian Premier League,male,T20,2019,field,Chennai Super Kings,Wankhede Stadium,Mumbai Indians,Mumbai Indians,Chennai Super Kings
1175371,6,Delhi,2019/04/04,Indian Premier League,male,T20,2019,field,Sunrisers Hyderabad,Arun Jaitley Stadium,Sunrisers Hyderabad,Delhi Capitals,Sunrisers Hyderabad
1175372,6,Bengaluru,2019/04/05,Indian Premier League,male,T20,2019,field,Kolkata Knight Riders,M.Chinnaswamy Stadium,Kolkata Knight Riders,Royal Challengers Bengaluru,Kolkata Knight Riders
1178393,6,Chennai,2019/04/06,Indian Premier League,male,T20,2019,bat,Chennai Super Kings,MA Chidambaram Stadium,Chennai Super Kings,Chennai Super Kings,Punjab Kings
1178394,6,Hyderabad,2019/04/06,Indian Premier League,male,T20,2019,field,Sunrisers Hyderabad,Rajiv Gandhi International Stadium,Mumbai Indians,Mumbai Indians,Sunrisers Hyderabad
1178395,6,Bengaluru,2019/04/07,Indian Premier League,male,T20,2019,field,Delhi Capitals,M.Chinnaswamy Stadium,Delhi Capitals,Royal Challengers Bengaluru,Delhi Capitals
1178396,6,Jaipur,2019/04/07,Indian Premier League,male,T20,2019,field,Kolkata Knight Riders,Sawai Mansingh Stadium,Kolkata Knight Riders,Rajasthan Royals,Kolkata Knight Riders
1178397,6,Chandigarh,2019/04/08,Indian Premier League,male,T20,2019,field,Kings XI Punjab,Punjab Cricket Association IS Bindra Stadium,Punjab Kings,Sunrisers Hyderabad,Punjab Kings
1178398,6,Chennai,2019/04/09,Indian Premier League,male,T20,2019,field,Chennai Super Kings,MA Chidambaram Stadium,Chennai Super Kings,Kolkata Knight Riders,Chennai Super Kings
1178399,6,Mumbai,2019/04/10,Indian Premier League,male,T20,2019,field,Mumbai Indians,Wankhede Stadium,Mumbai Indians,Punjab Kings,Mumbai Indians
1178400,6,Jaipur,2019/04/11,Indian Premier League,male,T20,2019,field,Chennai Super Kings,Sawai Mansingh Stadium,Chennai Super Kings,Rajasthan Royals,Chennai Super Kings
1178401,6,Kolkata,2019/04/12,Indian Premier League,male,T20,2019,field,Delhi Capitals,Eden Gardens,Delhi Capitals,Kolkata Knight Riders,Delhi Capitals
1178402,6,Mumbai,2019/04/13,Indian Premier League,male,T20,2019,field,Rajasthan Royals,Wankhede Stadium,Rajasthan Royals,Mumbai Indians,Rajasthan Royals
1178403,6,Chandigarh,2019/04/13,Indian Premier League,male,T20,2019,field,Royal Challengers Bangalore,Punjab Cricket Association IS Bindra Stadium,Royal Challengers Bengaluru,Punjab Kings,Royal Challengers Bengaluru
1178404,6,Kolkata,2019/04/14,Indian Premier League,male,T20,2019,field,Chennai Super Kings,Eden Gardens,Chennai Super Kings,Kolkata Knight Riders,Chennai Super Kings
1178405,6,Hyderabad,2019/04/14,Indian Premier League,male,T20,2019,field,Sunrisers Hyderabad,Rajiv Gandhi International Stadium,Delhi Capitals,Delhi Capitals,Sunrisers Hyderabad
1178406,6,Mumbai,2019/04/15,Indian Premier League,male,T20,2019,field,Mumbai Indians,Wankhede Stadium,Mumbai Indians,Royal Challengers Bengaluru,Mumbai Indians
1178407,6,Chandigarh,2019/04/16,Indian Premier League,male,T20,2019,field,Rajasthan Royals,Punjab Cricket Association IS Bindra Stadium,Punjab Kings,Punjab Kings,Rajasthan Royals
1178408,6,Hyderabad,2019/04/17,Indian Premier League,male,T20,2019,bat,Chennai Super Kings,Rajiv Gandhi International Stadium,Sunrisers Hyderabad,Chennai Super Kings,Sunrisers Hyderabad
1178409,6,Delhi,2019/04/18,Indian Premier League,male,T20,2019,bat,Mumbai Indians,Arun Jaitley Stadium,Mumbai Indians,Mumbai Indians,Delhi Capitals
1178410,6,Kolkata,2019/04/19,Indian Premier League,male,T20,2019,field,Kolkata Knight Riders,Eden Gardens,Royal Challengers Bengaluru,Royal Challengers Bengaluru,Kolkata Knight Riders
1178411,6,Jaipur,2019/04/20,Indian Premier League,male,T20,2019,field,Rajasthan Royals,Sawai Mansingh Stadium,Rajasthan Royals,Mumbai Indians,Rajasthan Royals
1178412,6,Delhi,2019/04/20,Indian Premier League,male,T20,2019,field,Delhi Capitals,Arun Jaitley Stadium,Delhi Capitals,Punjab Kings,Delhi Capitals
1178413,6,Hyderabad,2019/04/21,Indian Premier League,male,T20,2019,field,Sunrisers Hyderabad,Rajiv Gandhi International Stadium,Sunrisers Hyderabad,Kolkata Knight Riders,Sunrisers Hyderabad
1178414,6,Bengaluru,2019/04/21,Indian Premier League,male,T20,2019,field,Chennai Super Kings,M.Chinnaswamy Stadium,Royal Challengers Bengaluru,Royal Challengers Bengaluru,Chennai Super Kings
1178415,6,Jaipur,2019/04/22,Indian Premier League,male,T20,2019,field,Delhi Capitals,Sawai Mansingh Stadium,Delhi Capitals,Rajasthan Royals,Delhi Capitals
1178416,6,Chennai,2019/04/23,Indian Premier League,male,T20,2019,field,Chennai Super Kings,MA Chidambaram Stadium,Chennai Super Kings,Sunrisers Hyderabad,Chennai Super Kings
1178417,6,Bengaluru,2019/04/24,Indian Premier League,male,T20,2019,field,Kings XI Punjab,M.Chinnaswamy Stadium,Royal Challengers Bengaluru,Royal Challengers Bengaluru,Punjab Kings
1178418,6,Kolkata,2019/04/25,Indian Premier League,male,T20,2019,field,Rajasthan Royals,Eden Gardens,Rajasthan Royals,Kolkata Knight Riders,Rajasthan Royals
1178419,6,Chennai,2019/04/26,Indian Premier League,male,T20,2019,field,Chennai Super Kings,MA Chidambaram Stadium,Mumbai Indians,Mumbai Indians,Chennai Super Kings
1178420,6,Jaipur,2019/04/27,Indian Premier League,male,T20,2019,field,Rajasthan Royals,Sawai Mansingh Stadium,Rajasthan Royals,Sunrisers Hyderabad,Rajasthan Royals
1178421,6,Delhi,2019/04/28,Indian Premier League,male,T20,2019,bat,Delhi Capitals,Arun Jaitley Stadium,Delhi Capitals,Delhi Capitals,Royal Challengers Bengaluru
1178422,6,Kolkata,2019/04/28,Indian Premier League,male,T20,2019,field,Mumbai Indians,Eden Gardens,Kolkata Knight Riders,Kolkata Knight Riders,Mumbai Indians
1178423,6,Hyderabad,2019/04/29,Indian Premier League,male,T20,2019,field,Kings XI Punjab,Rajiv Gandhi International Stadium,Sunrisers Hyderabad,Sunrisers Hyderabad,Punjab Kings
1178424,6,Bengaluru,2019/04/30,Indian Premier League,male,T20,2019,field,Rajasthan Royals,M.Chinnaswamy Stadium,,Royal Challengers Bengaluru,Rajasthan Royals
1178425,6,Chennai,2019/05/01,Indian Premier League,male,T20,2019,field,Delhi Capitals,MA Chidambaram Stadium,Chennai Super Kings,Chennai Super Kings,Delhi Capitals
1178426,6,Mumbai,2019/05/02,Indian Premier League,male,T20,2019,bat,Mumbai Indians,Wankhede Stadium,,Mumbai Indians,Sunrisers Hyderabad
1178427,6,Chandigarh,2019/05/03,Indian Premier League,male,T20,2019,field,Kolkata Knight Riders,Punjab Cricket Association IS Bindra Stadium,Kolkata Knight Riders,Punjab Kings,Kolkata Knight Riders
1178428,6,Delhi,2019/05/04,Indian Premier League,male,T20,2019,bat,Rajasthan Royals,Arun Jaitley Stadium,Delhi Capitals,Rajasthan Royals,Delhi Capitals
1178429,6,Bengaluru,2019/05/04,Indian Premier League,male,T20,2019,field,Royal Challengers Bangalore,M.Chinnaswamy Stadium,Royal Challengers Bengaluru,Sunrisers Hyderabad,Royal Challengers Bengaluru
1178430,6,Chandigarh,2019/05/05,Indian Premier League,male,T20,2019,field,Kings XI Punjab,Punjab Cricket Association IS Bindra Stadium,Punjab Kings,Chennai Super Kings,Punjab Kings
1178431,6,Mumbai,2019/05/05,Indian Premier League,male,T20,2019,field,Mumbai Indians,Wankhede Stadium,Mumbai Indians,Kolkata Knight Riders,Mumbai Indians
1181764,6,Chennai,2019/05/07,Indian Premier League,male,T20,2019,bat,Chennai Super Kings,MA Chidambaram Stadium,Mumbai Indians,Chennai Super Kings,Mumbai Indians
1181766,6,Visakhapatnam,2019/05/08,Indian Premier League,male,T20,2019,field,Delhi Capitals,Dr. Y.S. Rajasekhara Reddy ACA-VDCA Cricket Stadium,Delhi Capitals,Sunrisers Hyderabad,Delhi Capitals
1181767,6,Visakhapatnam,2019/05/10,Indian Premier League,male,T20,2019,field,Chennai Super Kings,Dr. Y.S. Rajasekhara Reddy ACA-VDCA Cricket Stadium,Chennai Super Kings,Delhi Capitals,Chennai Super Kings
1181768,6,Hyderabad,2019/05/12,Indian Premier League,male,T20,2019,bat,Mumbai Indians,Rajiv Gandhi International Stadium,Mumbai Indians,Mumbai Indians,Chennai Super Kings
1216492,6,Abu Dhabi,2020/09/19,Indian Premier League,male,T20,2020/21,field,Chennai Super Kings,Sheikh Zayed Stadium,Chennai Super Kings,Mumbai Indians,Chennai Super Kings
1216493,6,,2020/09/20,Indian Premier League,male,T20,2020/21,field,Kings XI Punjab,Dubai International Cricket Stadium,,Delhi Capitals,Punjab Kings
1216494,6,Abu Dhabi,2020/10/21,Indian Premier League,male,T20,2020/21,bat,Kolkata Knight Riders,Sheikh Zayed Stadium,Royal Challengers Bengaluru,Kolkata Knight Riders,Royal Challengers Bengaluru
1216495,6,,2020/11/03,Indian Premier League,male,T20,2020/21,field,Sunrisers Hyderabad,Sharjah Cricket Stadium,Sunrisers Hyderabad,Mumbai Indians,Sunrisers Hyderabad
1216496,6,,2020/09/22,Indian Premier League,male,T20,2020/21,field,Chennai Super Kings,Sharjah Cricket Stadium,Rajasthan Royals,Rajasthan Royals,Chennai Super Kings
1216497,6,Abu Dhabi,2020/10/24,Indian Premier League,male,T20,2020/21,field,Delhi Capitals,Sheikh Zayed Stadium,Kolkata Knight Riders,Kolkata Knight Riders,Delhi Capitals
1216498,6,,2020/10/24,Indian Premier League,male,T20,2020/21,field,Sunrisers Hyderabad,Dubai International Cricket Stadium,Punjab Kings,Punjab Kings,Sunrisers Hyderabad
1216499,6,Abu Dhabi,2020/10/28,Indian Premier League,male,T20,2020/21,field,Mumbai Indians,Sheikh Zayed Stadium,Mumbai Indians,Royal Challengers Bengaluru,Mumbai Indians
1216500,6,,2020/10/09,Indian Premier League,male,T20,2020/21,field,Rajasthan Royals,Sharjah Cricket Stadium,Delhi Capitals,Delhi Capitals,Rajasthan Royals
1216501,6,Abu Dhabi,2020/10/07,Indian Premier League,male,T20,2020/21,bat,Kolkata Knight Riders,Sheikh Zayed Stadium,Kolkata Knight Riders,Kolkata Knight Riders,Chennai Super Kings
1216502,6,,2020/10/31,Indian Premier League,male,T20,2020/21,field,Sunrisers Hyderabad,Sharjah Cricket Stadium,Sunrisers Hyderabad,Royal Challengers Bengaluru,Sunrisers Hyderabad
1216503,6,Abu Dhabi,2020/10/01,Indian Premier League,male,T20,2020/21,field,Kings XI Punjab,Sheikh Zayed Stadium,Mumbai Indians,Mumbai Indians,Punjab Kings
1216504,6,,2020/09/30,Indian Premier League,male,T20,2020/21,field,Rajasthan Royals,Dubai International Cricket Stadium,Kolkata Knight Riders,Kolkata Knight Riders,Rajasthan Royals
1216505,6,Abu Dhabi,2020/11/02,Indian Premier League,male,T20,2020/21,field,Delhi Capitals,Sheikh Zayed Stadium,Delhi Capitals,Royal Challengers Bengaluru,Delhi Capitals
1216506,6,Abu Dhabi,2020/11/01,Indian Premier League,male,T20,2020/21,field,Chennai Super Kings,Sheikh Zayed Stadium,Chennai Super Kings,Punjab Kings,Chennai Super Kings
1216507,6,,2020/10/11,Indian Premier League,male,T20,2020/21,bat,Sunrisers Hyderabad,Dubai International Cricket Stadium,Rajasthan Royals,Sunrisers Hyderabad,Rajasthan Royals
1216508,6,Abu Dhabi,2020/09/23,Indian Premier League,male,T20,2020/21,field,Kolkata Knight Riders,Sheikh Zayed Stadium,Mumbai Indians,Mumbai Indians,Kolkata Knight Riders
1216509,6,,2020/10/17,Indian Premier League,male,T20,2020/21,bat,Chennai Super Kings,Sharjah Cricket Stadium,Delhi Capitals,Chennai Super Kings,Delhi Capitals
1216510,6,,2020/09/24,Indian Premier League,male,T20,2020/21,field,Royal Challengers Bangalore,Dubai International Cricket Stadium,Punjab Kings,Punjab Kings,Royal Challengers Bengaluru
1216511,6,Abu Dhabi,2020/10/06,Indian Premier League,male,T20,2020/21,bat,Mumbai Indians,Sheikh Zayed Stadium,Mumbai Indians,Mumbai Indians,Rajasthan Royals
1216512,6,Abu Dhabi,2020/10/18,Indian Premier League,male,T20,2020/21,field,Sunrisers Hyderabad,Sheikh Zayed Stadium,,Kolkata Knight Riders,Sunrisers Hyderabad
1216513,6,,2020/10/04,Indian Premier League,male,T20,2020/21,bat,Kings XI Punjab,Dubai International Cricket Stadium,Chennai Super Kings,Punjab Kings,Chennai Super Kings
1216514,6,Abu Dhabi,2020/10/03,Indian Premier League,male,T20,2020/21,bat,Rajasthan Royals,Sheikh Zayed Stadium,Royal Challengers Bengaluru,Rajasthan Royals,Royal Challengers Bengaluru
1216515,6,,2020/10/03,Indian Premier League,male,T20,2020/21,field,Kolkata Knight Riders,Sharjah Cricket Stadium,Delhi Capitals,Delhi Capitals,Kolkata Knight Riders
1216516,6,,2020/10/02,Indian Premier League,male,T20,2020/21,bat,Sunrisers Hyderabad,Dubai International Cricket Stadium,Sunrisers Hyderabad,Sunrisers Hyderabad,Chennai Super Kings
1216517,6,,2020/10/18,Indian Premier League,male,T20,2020/21,bat,Mumbai Indians,Dubai International Cricket Stadium,,Mumbai Indians,Punjab Kings
1216518,6,,2020/10/22,Indian Premier League,male,T20,2020/21,field,Sunrisers Hyderabad,Dubai International Cricket Stadium,Sunrisers Hyderabad,Rajasthan Royals,Sunrisers Hyderabad
1216519,6,,2020/10/05,Indian Premier League,male,T20,2020/21,field,Royal Challengers Bangalore,Dubai International Cricket Stadium,Delhi Capitals,Delhi Capitals,Royal Challengers Bengaluru
1216520,6,,2020/10/26,Indian Premier League,male,T20,2020/21,field,Kings XI Punjab,Sharjah Cricket Stadium,Punjab Kings,Kolkata Knight Riders,Punjab Kings
1216521,6,,2020/10/23,Indian Premier League,male,T20,2020/21,field,Mumbai Indians,Sharjah Cricket Stadium,Mumbai Indians,Chennai Super Kings,Mumbai Indians
1216522,6,,2020/10/17,Indian Premier League,male,T20,2020/21,bat,Rajasthan Royals,Dubai International Cricket Stadium,Royal Challengers Bengaluru,Rajasthan Royals,Royal Challengers Bengaluru
1216523,6,Abu Dhabi,2020/10/10,Indian Premier League,male,T20,2020/21,bat,Kolkata Knight Riders,Sheikh Zayed Stadium,Kolkata Knight Riders,Kolkata Knight Riders,Punjab Kings
1216524,6,,2020/10/27,Indian Premier League,male,T20,2020/21,field,Delhi Capitals,Dubai International Cricket Stadium,Sunrisers Hyderabad,Sunrisers Hyderabad,Delhi Capitals
1216525,6,,2020/10/10,Indian Premier League,male,T20,2020/21,bat,Royal Challengers Bangalore,Dubai International Cricket Stadium,Royal Challengers Bengaluru,Royal Challengers Bengaluru,Chennai Super Kings
1216526,6,Abu Dhabi,2020/10/16,Indian Premier League,male,T20,2020/21,bat,Kolkata Knight Riders,Sheikh Zayed Stadium,Mumbai Indians,Kolkata Knight Riders,Mumbai Indians
1216527,6,,2020/09/27,Indian Premier League,male,T20,2020/21,field,Rajasthan Royals,Sharjah Cricket Stadium,Rajasthan Royals,Punjab Kings,Rajasthan Royals
1216528,6,,2020/10/13,Indian Premier League,male,T20,2020/21,bat,Chennai Super Kings,Dubai International Cricket Stadium,Chennai Super Kings,Chennai Super Kings,Sunrisers Hyderabad
1216529,6,Abu Dhabi,2020/10/11,Indian Premier League,male,T20,2020/21,bat,Delhi Capitals,Sheikh Zayed Stadium,Mumbai Indians,Delhi Capitals,Mumbai Indians
1216530,6,,2020/11/01,Indian Premier League,male,T20,2020/21,field,Rajasthan Royals,Dubai International Cricket Stadium,Kolkata Knight Riders,Kolkata Knight Riders,Rajasthan Royals
1216531,6,,2020/10/15,Indian Premier League,male,T20,2020/21,bat,Royal Challengers Bangalore,Sharjah Cricket Stadium,Punjab Kings,Royal Challengers Bengaluru,Punjab Kings
1216532,6,Abu Dhabi,2020/09/29,Indian Premier League,male,T20,2020/21,field,Delhi Capitals,Sheikh Zayed Stadium,Sunrisers Hyderabad,Sunrisers Hyderabad,Delhi Capitals
1216533,6,Abu Dhabi,2020/10/19,Indian Premier League,male,T20,2020/21,bat,Chennai Super Kings,Sheikh Zayed Stadium,Rajasthan Royals,Chennai Super Kings,Rajasthan Royals
1216534,6,,2020/09/21,Indian Premier League,male,T20,2020/21,field,Sunrisers Hyderabad,Dubai International Cricket Stadium,Royal Challengers Bengaluru,Royal Challengers Bengaluru,Sunrisers Hyderabad
1216535,6,,2020/10/31,Indian Premier League,male,T20,2020/21,field,Mumbai Indians,Dubai International Cricket Stadium,Mumbai Indians,Delhi Capitals,Mumbai Indians
1216536,6,,2020/10/29,Indian Premier League,male,T20,2020/21,field,Chennai Super Kings,Dubai International Cricket Stadium,Chennai Super Kings,Kolkata Knight Riders,Chennai Super Kings
1216537,6,Abu Dhabi,2020/10/30,Indian Premier League,male,T20,2020/21,field,Rajasthan Royals,Sheikh Zayed Stadium,Rajasthan Royals,Punjab Kings,Rajasthan Royals
1216538,6,,2020/10/04,Indian Premier League,male,T20,2020/21,bat,Mumbai Indians,Sharjah Cricket Stadium,Mumbai Indians,Mumbai Indians,Sunrisers Hyderabad
1216539,6,,2020/09/25,Indian Premier League,male,T20,2020/21,field,Chennai Super Kings,Dubai International Cricket Stadium,Delhi Capitals,Delhi Capitals,Chennai Super Kings
1216540,6,,2020/10/12,Indian Premier League,male,T20,2020/21,bat,Royal Challengers Bangalore,Sharjah Cricket Stadium,Royal Challengers Bengaluru,Royal Challengers Bengaluru,Kolkata Knight Riders
1216541,6,Abu Dhabi,2020/10/25,Indian Premier League,male,T20,2020/21,bat,Mumbai Indians,Sheikh Zayed Stadium,Rajasthan Royals,Mumbai Indians,Rajasthan Royals
1216542,6,,2020/10/08,Indian Premier League,male,T20,2020/21,bat,Sunrisers Hyderabad,Dubai International Cricket Stadium,Sunrisers Hyderabad,Sunrisers Hyderabad,Punjab Kings
1216543,6,,2020/10/14,Indian Premier League,male,T20,2020/21,bat,Delhi Capitals,Dubai International Cricket Stadium,Delhi Capitals,Delhi Capitals,Rajasthan Royals
1216544,6,,2020/10/25,Indian Premier League,male,T20,2020/21,bat,Royal Challengers Bangalore,Dubai International Cricket Stadium,Chennai Super Kings,Royal Challengers Bengaluru,Chennai Super Kings
1216545,6,Abu Dhabi,2020/09/26,Indian Premier League,male,T20,2020/21,bat,Sunrisers Hyderabad,Sheikh Zayed Stadium,Kolkata Knight Riders,Sunrisers Hyderabad,Kolkata Knight Riders
1216546,6,,2020/10/20,Indian Premier League,male,T20,2020/21,bat,Delhi Capitals,Dubai International Cricket Stadium,Punjab Kings,Delhi Capitals,Punjab Kings
1216547,6,,2020/09/28,Indian Premier League,male,T20,2020/21,field,Mumbai Indians,Dubai International Cricket Stadium,,Royal Challengers Bengaluru,Mumbai Indians
1237177,6,,2020/11/05,Indian Premier League,male,T20,2020/21,field,Delhi Capitals,Dubai International Cricket Stadium,Mumbai Indians,Mumbai Indians,Delhi Capitals
1237178,6,Abu Dhabi,2020/11/06,Indian Premier League,male,T20,2020/21,field,Sunrisers Hyderabad,Sheikh Zayed Stadium,Sunrisers Hyderabad,Royal Challengers Bengaluru,Sunrisers Hyderabad
1237180,6,Abu Dhabi,2020/11/08,Indian Premier League,male,T20,2020/21,bat,Delhi Capitals,Sheikh Zayed Stadium,Delhi Capitals,Delhi Capitals,Sunrisers Hyderabad
1237181,6,,2020/11/10,Indian Premier League,male,T20,2020/21,bat,Delhi Capitals,Dubai International Cricket Stadium,Mumbai Indians,Delhi Capitals,Mumbai Indians
1254058,6,Chennai,2021/04/09,Indian Premier League,male,T20,2021,field,Royal Challengers Bangalore,"""MA Chidambaram Stadium, Chepauk, Chennai""",Royal Challengers Bengaluru,Mumbai Indians,Royal Challengers Bengaluru
1254059,6,Mumbai,2021/04/10,Indian Premier League,male,T20,2021,field,Delhi Capitals,"""Wankhede Stadium, Mumbai""",Delhi Capitals,Chennai Super Kings,Delhi Capitals
1254060,6,Chennai,2021/04/11,Indian Premier League,male,T20,2021,field,Sunrisers Hyderabad,"""MA Chidambaram Stadium, Chepauk, Chennai""",Kolkata Knight Riders,Kolkata Knight Riders,Sunrisers Hyderabad
1254061,6,Mumbai,2021/04/12,Indian Premier League,male,T20,2021,field,Rajasthan Royals,"""Wankhede Stadium, Mumbai""",Punjab Kings,Punjab Kings,Rajasthan Royals
1254062,6,Chennai,2021/04/13,Indian Premier League,male,T20,2021,field,Kolkata Knight Riders,"""MA Chidambaram Stadium, Chepauk, Chennai""",Mumbai Indians,Mumbai Indians,Kolkata Knight Riders
1254063,6,Chennai,2021/04/14,Indian Premier League,male,T20,2021,field,Sunrisers Hyderabad,"""MA Chidambaram Stadium, Chepauk, Chennai""",Royal Challengers Bengaluru,Royal Challengers Bengaluru,Sunrisers Hyderabad
1254064,6,Mumbai,2021/04/15,Indian Premier League,male,T20,2021,field,Rajasthan Royals,"""Wankhede Stadium, Mumbai""",Rajasthan Royals,Delhi Capitals,Rajasthan Royals
1254065,6,Mumbai,2021/04/16,Indian Premier League,male,T20,2021,field,Chennai Super Kings,"""Wankhede Stadium, Mumbai""",Chennai Super Kings,Punjab Kings,Chennai Super Kings
1254066,6,Chennai,2021/04/17,Indian Premier League,male,T20,2021,bat,Mumbai Indians,"""MA Chidambaram Stadium, Chepauk, Chennai""",Mumbai Indians,Mumbai Indians,Sunrisers Hyderabad
1254067,6,Chennai,2021/04/18,Indian Premier League,male,T20,2021,bat,Royal Challengers Bangalore,"""MA Chidambaram Stadium, Chepauk, Chennai""",Royal Challengers Bengaluru,Royal Challengers Bengaluru,Kolkata Knight Riders
1254068,6,Mumbai,2021/04/18,Indian Premier League,male,T20,2021,field,Delhi Capitals,"""Wankhede Stadium, Mumbai""",Delhi Capitals,Punjab Kings,Delhi Capitals
1254069,6,Mumbai,2021/04/19,Indian Premier League,male,T20,2021,field,Rajasthan Royals,"""Wankhede Stadium, Mumbai""",Chennai Super Kings,Chennai Super Kings,Rajasthan Royals
1254070,6,Chennai,2021/04/20,Indian Premier League,male,T20,2021,bat,Mumbai Indians,"""MA Chidambaram Stadium, Chepauk, Chennai""",Delhi Capitals,Mumbai Indians,Delhi Capitals
1254071,6,Chennai,2021/04/21,Indian Premier League,male,T20,2021,bat,Punjab Kings,"""MA Chidambaram Stadium, Chepauk, Chennai""",Sunrisers Hyderabad,Punjab Kings,Sunrisers Hyderabad
1254072,6,Mumbai,2021/04/21,Indian Premier League,male,T20,2021,field,Kolkata Knight Riders,"""Wankhede Stadium, Mumbai""",Chennai Super Kings,Chennai Super Kings,Kolkata Knight Riders
1254073,6,Mumbai,2021/04/22,Indian Premier League,male,T20,2021,field,Royal Challengers Bangalore,"""Wankhede Stadium, Mumbai""",Royal Challengers Bengaluru,Rajasthan Royals,Royal Challengers Bengaluru
1254074,6,Chennai,2021/04/23,Indian Premier League,male,T20,2021,field,Punjab Kings,"""MA Chidambaram Stadium, Chepauk, Chennai""",Punjab Kings,Mumbai Indians,Punjab Kings
1254075,6,Mumbai,2021/04/24,Indian Premier League,male,T20,2021,field,Rajasthan Royals,"""Wankhede Stadium, Mumbai""",Rajasthan Royals,Kolkata Knight Riders,Rajasthan Royals
1254076,6,Mumbai,2021/04/25,Indian Premier League,male,T20,2021,bat,Chennai Super Kings,"""Wankhede Stadium, Mumbai""",Chennai Super Kings,Chennai Super Kings,Royal Challengers Bengaluru
1254077,6,Chennai,2021/04/25,Indian Premier League,male,T20,2021,bat,Delhi Capitals,"""MA Chidambaram Stadium, Chepauk, Chennai""",,Delhi Capitals,Sunrisers Hyderabad
1254078,6,Ahmedabad,2021/04/26,Indian Premier League,male,T20,2021,field,Kolkata Knight Riders,"""Narendra Modi Stadium, Ahmedabad""",Kolkata Knight Riders,Punjab Kings,Kolkata Knight Riders
1254079,6,Ahmedabad,2021/04/27,Indian Premier League,male,T20,2021,field,Delhi Capitals,"""Narendra Modi Stadium, Ahmedabad""",Royal Challengers Bengaluru,Royal Challengers Bengaluru,Delhi Capitals
1254080,6,Delhi,2021/04/28,Indian Premier League,male,T20,2021,bat,Sunrisers Hyderabad,"""Arun Jaitley Stadium, Delhi""",Chennai Super Kings,Sunrisers Hyderabad,Chennai Super Kings
1254081,6,Delhi,2021/04/29,Indian Premier League,male,T20,2021,field,Mumbai Indians,"""Arun Jaitley Stadium, Delhi""",Mumbai Indians,Rajasthan Royals,Mumbai Indians
1254082,6,Ahmedabad,2021/04/29,Indian Premier League,male,T20,2021,field,Delhi Capitals,"""Narendra Modi Stadium, Ahmedabad""",Delhi Capitals,Kolkata Knight Riders,Delhi Capitals
1254083,6,Ahmedabad,2021/04/30,Indian Premier League,male,T20,2021,field,Royal Challengers Bangalore,"""Narendra Modi Stadium, Ahmedabad""",Punjab Kings,Punjab Kings,Royal Challengers Bengaluru
1254084,6,Delhi,2021/05/01,Indian Premier League,male,T20,2021,field,Mumbai Indians,"""Arun Jaitley Stadium, Delhi""",Mumbai Indians,Chennai Super Kings,Mumbai Indians
1254085,6,Delhi,2021/05/02,Indian Premier League,male,T20,2021,field,Sunrisers Hyderabad,"""Arun Jaitley Stadium, Delhi""",Rajasthan Royals,Rajasthan Royals,Sunrisers Hyderabad
1254086,6,Ahmedabad,2021/05/02,Indian Premier League,male,T20,2021,field,Delhi Capitals,"""Narendra Modi Stadium, Ahmedabad""",Delhi Capitals,Punjab Kings,Delhi Capitals
1254087,6,Abu Dhabi,2021/09/20,Indian Premier League,male,T20,2021,bat,Royal Challengers Bangalore,"""Zayed Cricket Stadium, Abu Dhabi""",Kolkata Knight Riders,Royal Challengers Bengaluru,Kolkata Knight Riders
1254088,6,Abu Dhabi,2021/10/08,Indian Premier League,male,T20,2021,bat,Mumbai Indians,"""Zayed Cricket Stadium, Abu Dhabi""",Mumbai Indians,Mumbai Indians,Sunrisers Hyderabad
1254089,6,Abu Dhabi,2021/10/02,Indian Premier League,male,T20,2021,field,Rajasthan Royals,"""Zayed Cricket Stadium, Abu Dhabi""",Rajasthan Royals,Chennai Super Kings,Rajasthan Royals
1254090,6,Sharjah,2021/10/03,Indian Premier League,male,T20,2021,bat,Royal Challengers Bangalore,Sharjah Cricket Stadium,Royal Challengers Bengaluru,Royal Challengers Bengaluru,Punjab Kings
1254091,6,Sharjah,2021/09/30,Indian Premier League,male,T20,2021,field,Chennai Super Kings,Sharjah Cricket Stadium,Chennai Super Kings,Sunrisers Hyderabad,Chennai Super Kings
1254092,6,Sharjah,2021/09/28,Indian Premier League,male,T20,2021,field,Kolkata Knight Riders,Sharjah Cricket Stadium,Kolkata Knight Riders,Delhi Capitals,Kolkata Knight Riders
1254093,6,Sharjah,2021/10/05,Indian Premier League,male,T20,2021,field,Mumbai Indians,Sharjah Cricket Stadium,Mumbai Indians,Rajasthan Royals,Mumbai Indians
1254094,6,Dubai,2021/10/07,Indian Premier League,male,T20,2021,field,Punjab Kings,Dubai International Cricket Stadium,Punjab Kings,Chennai Super Kings,Punjab Kings
1254095,6,Abu Dhabi,2021/10/06,Indian Premier League,male,T20,2021,field,Royal Challengers Bangalore,"""Zayed Cricket Stadium, Abu Dhabi""",Sunrisers Hyderabad,Sunrisers Hyderabad,Royal Challengers Bengaluru
1254096,6,Abu Dhabi,2021/09/23,Indian Premier League,male,T20,2021,field,Kolkata Knight Riders,"""Zayed Cricket Stadium, Abu Dhabi""",Kolkata Knight Riders,Mumbai Indians,Kolkata Knight Riders
1254097,6,Abu Dhabi,2021/09/25,Indian Premier League,male,T20,2021,field,Rajasthan Royals,"""Zayed Cricket Stadium, Abu Dhabi""",Delhi Capitals,Delhi Capitals,Rajasthan Royals
1254098,6,Abu Dhabi,2021/09/26,Indian Premier League,male,T20,2021,bat,Kolkata Knight Riders,"""Zayed Cricket Stadium, Abu Dhabi""",Chennai Super Kings,Kolkata Knight Riders,Chennai Super Kings
1254099,6,Abu Dhabi,2021/09/28,Indian Premier League,male,T20,2021,field,Mumbai Indians,"""Zayed Cricket Stadium, Abu Dhabi""",Mumbai Indians,Punjab Kings,Mumbai Indians
1254100,6,Dubai,2021/09/27,Indian Premier League,male,T20,2021,bat,Rajasthan Royals,Dubai International Cricket Stadium,Sunrisers Hyderabad,Rajasthan Royals,Sunrisers Hyderabad
1254101,6,Dubai,2021/10/08,Indian Premier League,male,T20,2021,field,Royal Challengers Bangalore,Dubai International Cricket Stadium,Royal Challengers Bengaluru,Delhi Capitals,Royal Challengers Bengaluru
1254102,6,Dubai,2021/10/01,Indian Premier League,male,T20,2021,field,Punjab Kings,Dubai International Cricket Stadium,Punjab Kings,Kolkata Knight Riders,Punjab Kings
1254103,6,Dubai,2021/09/29,Indian Premier League,male,T20,2021,field,Royal Challengers Bangalore,Dubai International Cricket Stadium,Royal Challengers Bengaluru,Rajasthan Royals,Royal Challengers Bengaluru
1254104,6,Dubai,2021/09/19,Indian Premier League,male,T20,2021,bat,Chennai Super Kings,Dubai International Cricket Stadium,Chennai Super Kings,Chennai Super Kings,Mumbai Indians
1254105,6,Dubai,2021/09/22,Indian Premier League,male,T20,2021,bat,Sunrisers Hyderabad,Dubai International Cricket Stadium,Delhi Capitals,Sunrisers Hyderabad,Delhi Capitals
1254106,6,Sharjah,2021/10/07,Indian Premier League,male,T20,2021,field,Rajasthan Royals,Sharjah Cricket Stadium,Kolkata Knight Riders,Kolkata Knight Riders,Rajasthan Royals
1254107,6,Sharjah,2021/09/25,Indian Premier League,male,T20,2021,field,Sunrisers Hyderabad,Sharjah Cricket Stadium,Punjab Kings,Punjab Kings,Sunrisers Hyderabad
1254108,6,Dubai,2021/09/26,Indian Premier League,male,T20,2021,field,Mumbai Indians,Dubai International Cricket Stadium,Royal Challengers Bengaluru,Royal Challengers Bengaluru,Mumbai Indians
1254109,6,Dubai,2021/10/03,Indian Premier League,male,T20,2021,bat,Sunrisers Hyderabad,Dubai International Cricket Stadium,Kolkata Knight Riders,Sunrisers Hyderabad,Kolkata Knight Riders
1254110,6,Dubai,2021/10/04,Indian Premier League,male,T20,2021,field,Delhi Capitals,Dubai International Cricket Stadium,Delhi Capitals,Chennai Super Kings,Delhi Capitals
1254111,6,Dubai,2021/09/21,Indian Premier League,male,T20,2021,field,Punjab Kings,Dubai International Cricket Stadium,Rajasthan Royals,Rajasthan Royals,Punjab Kings
1254112,6,Sharjah,2021/10/02,Indian Premier League,male,T20,2021,field,Delhi Capitals,Sharjah Cricket Stadium,Delhi Capitals,Mumbai Indians,Delhi Capitals
1254113,6,Sharjah,2021/09/24,Indian Premier League,male,T20,2021,field,Chennai Super Kings,Sharjah Cricket Stadium,Chennai Super Kings,Royal Challengers Bengaluru,Chennai Super Kings
1254114,6,Dubai,2021/10/10,Indian Premier League,male,T20,2021,field,Chennai Super Kings,Dubai International Cricket Stadium,Chennai Super Kings,Delhi Capitals,Chennai Super Kings
1254115,6,Sharjah,2021/10/11,Indian Premier League,male,T20,2021,bat,Royal Challengers Bangalore,Sharjah Cricket Stadium,Kolkata Knight Riders,Royal Challengers Bengaluru,Kolkata Knight Riders
1254116,6,Sharjah,2021/10/13,Indian Premier League,male,T20,2021,field,Kolkata Knight Riders,Sharjah Cricket Stadium,Kolkata Knight Riders,Delhi Capitals,Kolkata Knight Riders
1254117,6,Dubai,2021/10/15,Indian Premier League,male,T20,2021,field,Kolkata Knight Riders,Dubai International Cricket Stadium,Chennai Super Kings,Chennai Super Kings,Kolkata Knight Riders
1304047,6,Mumbai,2022/03/26,Indian Premier League,male,T20,2022,field,Kolkata Knight Riders,"""Wankhede Stadium, Mumbai""",Kolkata Knight Riders,Chennai Super Kings,Kolkata Knight Riders
1304048,6,Mumbai,2022/03/27,Indian Premier League,male,T20,2022,field,Delhi Capitals,"""Brabourne Stadium, Mumbai""",Delhi Capitals,Mumbai Indians,Delhi Capitals
1304049,6,Mumbai,2022/03/27,Indian Premier League,male,T20,2022,field,Punjab Kings,"""Dr DY Patil Sports Academy, Mumbai""",Punjab Kings,Royal Challengers Bengaluru,Punjab Kings
1304050,6,Mumbai,2022/03/28,Indian Premier League,male,T20,2022,field,Gujarat Titans,"""Wankhede Stadium, Mumbai""",Gujarat Titans,Lucknow Super Giants,Gujarat Titans
1304051,6,Pune,2022/03/29,Indian Premier League,male,T20,2022,field,Sunrisers Hyderabad,"""Maharashtra Cricket Association Stadium, Pune""",Rajasthan Royals,Rajasthan Royals,Sunrisers Hyderabad
1304052,6,Mumbai,2022/03/30,Indian Premier League,male,T20,2022,field,Royal Challengers Bangalore,"""Dr DY Patil Sports Academy, Mumbai""",Royal Challengers Bengaluru,Kolkata Knight Riders,Royal Challengers Bengaluru
1304053,6,Mumbai,2022/03/31,Indian Premier League,male,T20,2022,field,Lucknow Super Giants,"""Brabourne Stadium, Mumbai""",Lucknow Super Giants,Chennai Super Kings,Lucknow Super Giants
1304054,6,Mumbai,2022/04/01,Indian Premier League,male,T20,2022,field,Kolkata Knight Riders,"""Wankhede Stadium, Mumbai""",Kolkata Knight Riders,Punjab Kings,Kolkata Knight Riders
1304055,6,Mumbai,2022/04/02,Indian Premier League,male,T20,2022,field,Mumbai Indians,"""Dr DY Patil Sports Academy, Mumbai""",Rajasthan Royals,Rajasthan Royals,Mumbai Indians
1304056,6,Pune,2022/04/02,Indian Premier League,male,T20,2022,field,Delhi Capitals,"""Maharashtra Cricket Association Stadium, Pune""",Gujarat Titans,Gujarat Titans,Delhi Capitals
1304057,6,Mumbai,2022/04/03,Indian Premier League,male,T20,2022,field,Chennai Super Kings,"""Brabourne Stadium, Mumbai""",Punjab Kings,Punjab Kings,Chennai Super Kings
1304058,6,Mumbai,2022/04/04,Indian Premier League,male,T20,2022,field,Sunrisers Hyderabad,"""Dr DY Patil Sports Academy, Mumbai""",Lucknow Super Giants,Lucknow Super Giants,Sunrisers Hyderabad
1304059,6,Mumbai,2022/04/05,Indian Premier League,male,T20,2022,field,Royal Challengers Bangalore,"""Wankhede Stadium, Mumbai""",Royal Challengers Bengaluru,Rajasthan Royals,Royal Challengers Bengaluru
1304060,6,Pune,2022/04/06,Indian Premier League,male,T20,2022,field,Kolkata Knight Riders,"""Maharashtra Cricket Association Stadium, Pune""",Kolkata Knight Riders,Mumbai Indians,Kolkata Knight Riders
1304061,6,Mumbai,2022/04/07,Indian Premier League,male,T20,2022,field,Lucknow Super Giants,"""Dr DY Patil Sports Academy, Mumbai""",Lucknow Super Giants,Delhi Capitals,Lucknow Super Giants
1304062,6,Mumbai,2022/04/08,Indian Premier League,male,T20,2022,field,Gujarat Titans,"""Brabourne Stadium, Mumbai""",Gujarat Titans,Punjab Kings,Gujarat Titans
1304063,6,Mumbai,2022/04/09,Indian Premier League,male,T20,2022,field,Sunrisers Hyderabad,"""Dr DY Patil Sports Academy, Mumbai""",Sunrisers Hyderabad,Chennai Super Kings,Sunrisers Hyderabad
1304064,6,Pune,2022/04/09,Indian Premier League,male,T20,2022,field,Royal Challengers Bangalore,"""Maharashtra Cricket Association Stadium, Pune""",Royal Challengers Bengaluru,Mumbai Indians,Royal Challengers Bengaluru
1304065,6,Mumbai,2022/04/10,Indian Premier League,male,T20,2022,field,Kolkata Knight Riders,"""Brabourne Stadium, Mumbai""",Delhi Capitals,Delhi Capitals,Kolkata Knight Riders
1304066,6,Mumbai,2022/04/10,Indian Premier League,male,T20,2022,field,Lucknow Super Giants,"""Wankhede Stadium, Mumbai""",Rajasthan Royals,Rajasthan Royals,Lucknow Super Giants
1304067,6,Mumbai,2022/04/11,Indian Premier League,male,T20,2022,field,Sunrisers Hyderabad,"""Dr DY Patil Sports Academy, Mumbai""",Sunrisers Hyderabad,Gujarat Titans,Sunrisers Hyderabad
1304068,6,Mumbai,2022/04/12,Indian Premier League,male,T20,2022,field,Royal Challengers Bangalore,"""Dr DY Patil Sports Academy, Mumbai""",Chennai Super Kings,Chennai Super Kings,Royal Challengers Bengaluru
1304069,6,Pune,2022/04/13,Indian Premier League,male,T20,2022,field,Mumbai Indians,"""Maharashtra Cricket Association Stadium, Pune""",Punjab Kings,Punjab Kings,Mumbai Indians
1304070,6,Mumbai,2022/04/14,Indian Premier League,male,T20,2022,field,Rajasthan Royals,"""Dr DY Patil Sports Academy, Mumbai""",Gujarat Titans,Gujarat Titans,Rajasthan Royals
1304071,6,Mumbai,2022/04/15,Indian Premier League,male,T20,2022,field,Sunrisers Hyderabad,"""Brabourne Stadium, Mumbai""",Sunrisers Hyderabad,Kolkata Knight Riders,Sunrisers Hyderabad
1304072,6,Mumbai,2022/04/16,Indian Premier League,male,T20,2022,field,Mumbai Indians,"""Brabourne Stadium, Mumbai""",Lucknow Super Giants,Lucknow Super Giants,Mumbai Indians
1304073,6,Mumbai,2022/04/16,Indian Premier League,male,T20,2022,field,Delhi Capitals,"""Wankhede Stadium, Mumbai""",Royal Challengers Bengaluru,Royal Challengers Bengaluru,Delhi Capitals
1304074,6,Mumbai,2022/04/17,Indian Premier League,male,T20,2022,field,Sunrisers Hyderabad,"""Dr DY Patil Sports Academy, Mumbai""",Sunrisers Hyderabad,Punjab Kings,Sunrisers Hyderabad
1304075,6,Pune,2022/04/17,Indian Premier League,male,T20,2022,field,Gujarat Titans,"""Maharashtra Cricket Association Stadium, Pune""",Gujarat Titans,Chennai Super Kings,Gujarat Titans
1304076,6,Mumbai,2022/04/18,Indian Premier League,male,T20,2022,field,Kolkata Knight Riders,"""Brabourne Stadium, Mumbai""",Rajasthan Royals,Rajasthan Royals,Kolkata Knight Riders
1304077,6,Mumbai,2022/04/19,Indian Premier League,male,T20,2022,field,Lucknow Super Giants,"""Dr DY Patil Sports Academy, Mumbai""",Royal Challengers Bengaluru,Royal Challengers Bengaluru,Lucknow Super Giants
1304078,6,Mumbai,2022/04/20,Indian Premier League,male,T20,2022,field,Delhi Capitals,"""Brabourne Stadium, Mumbai""",Delhi Capitals,Punjab Kings,Delhi Capitals
1304079,6,Navi Mumbai,2022/04/21,Indian Premier League,male,T20,2022,field,Chennai Super Kings,"""Dr DY Patil Sports Academy, Mumbai""",Chennai Super Kings,Mumbai Indians,Chennai Super Kings
1304080,6,Mumbai,2022/04/22,Indian Premier League,male,T20,2022,field,Delhi Capitals,"""Wankhede Stadium, Mumbai""",Rajasthan Royals,Rajasthan Royals,Delhi Capitals
1304081,6,Navi Mumbai,2022/04/23,Indian Premier League,male,T20,2022,bat,Gujarat Titans,"""Dr DY Patil Sports Academy, Mumbai""",Gujarat Titans,Gujarat Titans,Kolkata Knight Riders
1304082,6,Mumbai,2022/04/23,Indian Premier League,male,T20,2022,field,Sunrisers Hyderabad,"""Brabourne Stadium, Mumbai""",Sunrisers Hyderabad,Royal Challengers Bengaluru,Sunrisers Hyderabad
1304083,6,Mumbai,2022/04/24,Indian Premier League,male,T20,2022,field,Mumbai Indians,"""Wankhede Stadium, Mumbai""",Lucknow Super Giants,Lucknow Super Giants,Mumbai Indians
1304084,6,Mumbai,2022/04/25,Indian Premier League,male,T20,2022,field,Chennai Super Kings,"""Wankhede Stadium, Mumbai""",Punjab Kings,Punjab Kings,Chennai Super Kings
1304085,6,Pune,2022/04/26,Indian Premier League,male,T20,2022,field,Royal Challengers Bangalore,"""Maharashtra Cricket Association Stadium, Pune""",Rajasthan Royals,Rajasthan Royals,Royal Challengers Bengaluru
1304086,6,Mumbai,2022/04/27,Indian Premier League,male,T20,2022,field,Gujarat Titans,"""Wankhede Stadium, Mumbai""",Gujarat Titans,Sunrisers Hyderabad,Gujarat Titans
1304087,6,Mumbai,2022/04/28,Indian Premier League,male,T20,2022,field,Delhi Capitals,"""Wankhede Stadium, Mumbai""",Delhi Capitals,Kolkata Knight Riders,Delhi Capitals
1304088,6,Pune,2022/04/29,Indian Premier League,male,T20,2022,field,Punjab Kings,"""Maharashtra Cricket Association Stadium, Pune""",Lucknow Super Giants,Lucknow Super Giants,Punjab Kings
1304089,6,Mumbai,2022/04/30,Indian Premier League,male,T20,2022,bat,Royal Challengers Bangalore,"""Brabourne Stadium, Mumbai""",Gujarat Titans,Royal Challengers Bengaluru,Gujarat Titans
1304090,6,Navi Mumbai,2022/04/30,Indian Premier League,male,T20,2022,field,Mumbai Indians,"""Dr DY Patil Sports Academy, Mumbai""",Mumbai Indians,Rajasthan Royals,Mumbai Indians
1304091,6,Mumbai,2022/05/01,Indian Premier League,male,T20,2022,bat,Lucknow Super Giants,"""Wankhede Stadium, Mumbai""",Lucknow Super Giants,Lucknow Super Giants,Delhi Capitals
1304092,6,Pune,2022/05/01,Indian Premier League,male,T20,2022,field,Sunrisers Hyderabad,"""Maharashtra Cricket Association Stadium, Pune""",Chennai Super Kings,Chennai Super Kings,Sunrisers Hyderabad
1304093,6,Mumbai,2022/05/02,Indian Premier League,male,T20,2022,field,Kolkata Knight Riders,"""Wankhede Stadium, Mumbai""",Kolkata Knight Riders,Rajasthan Royals,Kolkata Knight Riders
1304094,6,Navi Mumbai,2022/05/03,Indian Premier League,male,T20,2022,bat,Gujarat Titans,"""Dr DY Patil Sports Academy, Mumbai""",Punjab Kings,Gujarat Titans,Punjab Kings
1304095,6,Pune,2022/05/04,Indian Premier League,male,T20,2022,field,Chennai Super Kings,"""Maharashtra Cricket Association Stadium, Pune""",Royal Challengers Bengaluru,Royal Challengers Bengaluru,Chennai Super Kings
1304096,6,Mumbai,2022/05/05,Indian Premier League,male,T20,2022,field,Sunrisers Hyderabad,"""Brabourne Stadium, Mumbai""",Delhi Capitals,Delhi Capitals,Sunrisers Hyderabad
1304097,6,Mumbai,2022/05/06,Indian Premier League,male,T20,2022,field,Gujarat Titans,"""Brabourne Stadium, Mumbai""",Mumbai Indians,Mumbai Indians,Gujarat Titans
1304098,6,Mumbai,2022/05/07,Indian Premier League,male,T20,2022,bat,Punjab Kings,"""Wankhede Stadium, Mumbai""",Rajasthan Royals,Punjab Kings,Rajasthan Royals
1304099,6,Pune,2022/05/07,Indian Premier League,male,T20,2022,field,Kolkata Knight Riders,"""Maharashtra Cricket Association Stadium, Pune""",Lucknow Super Giants,Lucknow Super Giants,Kolkata Knight Riders
1304100,6,Mumbai,2022/05/08,Indian Premier League,male,T20,2022,bat,Royal Challengers Bangalore,"""Wankhede Stadium, Mumbai""",Royal Challengers Bengaluru,Royal Challengers Bengaluru,Sunrisers Hyderabad
1304101,6,Navi Mumbai,2022/05/08,Indian Premier League,male,T20,2022,field,Delhi Capitals,"""Dr DY Patil Sports Academy, Mumbai""",Chennai Super Kings,Chennai Super Kings,Delhi Capitals
1304102,6,Navi Mumbai,2022/05/09,Indian Premier League,male,T20,2022,field,Mumbai Indians,"""Dr DY Patil Sports Academy, Mumbai""",Kolkata Knight Riders,Kolkata Knight Riders,Mumbai Indians
1304103,6,Pune,2022/05/10,Indian Premier League,male,T20,2022,bat,Gujarat Titans,"""Maharashtra Cricket Association Stadium, Pune""",Gujarat Titans,Gujarat Titans,Lucknow Super Giants
1304104,6,Navi Mumbai,2022/05/11,Indian Premier League,male,T20,2022,field,Delhi Capitals,"""Dr DY Patil Sports Academy, Mumbai""",Delhi Capitals,Rajasthan Royals,Delhi Capitals
1304105,6,Mumbai,2022/05/12,Indian Premier League,male,T20,2022,field,Mumbai Indians,"""Wankhede Stadium, Mumbai""",Mumbai Indians,Chennai Super Kings,Mumbai Indians
1304106,6,Mumbai,2022/05/13,Indian Premier League,male,T20,2022,field,Royal Challengers Bangalore,"""Brabourne Stadium, Mumbai""",Punjab Kings,Punjab Kings,Royal Challengers Bengaluru
1304107,6,Pune,2022/05/14,Indian Premier League,male,T20,2022,bat,Kolkata Knight Riders,"""Maharashtra Cricket Association Stadium, Pune""",Kolkata Knight Riders,Kolkata Knight Riders,Sunrisers Hyderabad
1304108,6,Mumbai,2022/05/15,Indian Premier League,male,T20,2022,bat,Chennai Super Kings,"""Wankhede Stadium, Mumbai""",Gujarat Titans,Chennai Super Kings,Gujarat Titans
1304109,6,Mumbai,2022/05/15,Indian Premier League,male,T20,2022,bat,Rajasthan Royals,"""Brabourne Stadium, Mumbai""",Rajasthan Royals,Rajasthan Royals,Lucknow Super Giants
1304110,6,Navi Mumbai,2022/05/16,Indian Premier League,male,T20,2022,field,Punjab Kings,"""Dr DY Patil Sports Academy, Mumbai""",Delhi Capitals,Delhi Capitals,Punjab Kings
1304111,6,Mumbai,2022/05/17,Indian Premier League,male,T20,2022,field,Mumbai Indians,"""Wankhede Stadium, Mumbai""",Sunrisers Hyderabad,Sunrisers Hyderabad,Mumbai Indians
1304112,6,Navi Mumbai,2022/05/18,Indian Premier League,male,T20,2022,bat,Lucknow Super Giants,"""Dr DY Patil Sports Academy, Mumbai""",Lucknow Super Giants,Lucknow Super Giants,Kolkata Knight Riders
1304113,6,Mumbai,2022/05/19,Indian Premier League,male,T20,2022,bat,Gujarat Titans,"""Wankhede Stadium, Mumbai""",Royal Challengers Bengaluru,Gujarat Titans,Royal Challengers Bengaluru
1304114,6,Mumbai,2022/05/20,Indian Premier League,male,T20,2022,bat,Chennai Super Kings,"""Brabourne Stadium, Mumbai""",Rajasthan Royals,Chennai Super Kings,Rajasthan Royals
1304115,6,Mumbai,2022/05/21,Indian Premier League,male,T20,2022,field,Mumbai Indians,"""Wankhede Stadium, Mumbai""",Mumbai Indians,Delhi Capitals,Mumbai Indians
1304116,6,Mumbai,2022/05/22,Indian Premier League,male,T20,2022,bat,Sunrisers Hyderabad,"""Wankhede Stadium, Mumbai""",Punjab Kings,Sunrisers Hyderabad,Punjab Kings
1312197,6,Kolkata,2022/05/24,Indian Premier League,male,T20,2022,field,Gujarat Titans,"""Eden Gardens, Kolkata""",Gujarat Titans,Rajasthan Royals,Gujarat Titans
1312198,6,Kolkata,2022/05/25,Indian Premier League,male,T20,2022,field,Lucknow Super Giants,"""Eden Gardens, Kolkata""",Royal Challengers Bengaluru,Royal Challengers Bengaluru,Lucknow Super Giants
1312199,6,Ahmedabad,2022/05/27,Indian Premier League,male,T20,2022,field,Rajasthan Royals,"""Narendra Modi Stadium, Ahmedabad""",Rajasthan Royals,Royal Challengers Bengaluru,Rajasthan Royals
1312200,6,Ahmedabad,2022/05/29,Indian Premier League,male,T20,2022,bat,Rajasthan Royals,"""Narendra Modi Stadium, Ahmedabad""",Gujarat Titans,Rajasthan Royals,Gujarat Titans
1359475,6,Ahmedabad,2023/03/31,Indian Premier League,male,T20,2023,field,Gujarat Titans,"""Narendra Modi Stadium, Ahmedabad""",Gujarat Titans,Chennai Super Kings,Gujarat Titans
1359476,6,Chandigarh,2023/04/01,Indian Premier League,male,T20,2023,field,Kolkata Knight Riders,"""Punjab Cricket Association IS Bindra Stadium, Mohali, Chandigarh""",Punjab Kings,Punjab Kings,Kolkata Knight Riders
1359477,6,Lucknow,2023/04/01,Indian Premier League,male,T20,2023,field,Delhi Capitals,"""Bharat Ratna Shri Atal Bihari Vajpayee Ekana Cricket Stadium, Lucknow""",Lucknow Super Giants,Lucknow Super Giants,Delhi Capitals
1359478,6,Hyderabad,2023/04/02,Indian Premier League,male,T20,2023,field,Sunrisers Hyderabad,"""Rajiv Gandhi International Stadium, Uppal, Hyderabad""",Rajasthan Royals,Rajasthan Royals,Sunrisers Hyderabad
1359479,6,Bengaluru,2023/04/02,Indian Premier League,male,T20,2023,field,Royal Challengers Bangalore,"""M Chinnaswamy Stadium, Bengaluru""",Royal Challengers Bengaluru,Mumbai Indians,Royal Challengers Bengaluru
1359480,6,Chennai,2023/04/03,Indian Premier League,male,T20,2023,field,Lucknow Super Giants,"""MA Chidambaram Stadium, Chepauk, Chennai""",Chennai Super Kings,Chennai Super Kings,Lucknow Super Giants
1359481,6,Delhi,2023/04/04,Indian Premier League,male,T20,2023,field,Gujarat Titans,"""Arun Jaitley Stadium, Delhi""",Gujarat Titans,Delhi Capitals,Gujarat Titans
1359482,6,Guwahati,2023/04/05,Indian Premier League,male,T20,2023,field,Rajasthan Royals,"""Barsapara Cricket Stadium, Guwahati""",Punjab Kings,Punjab Kings,Rajasthan Royals
1359483,6,Kolkata,2023/04/06,Indian Premier League,male,T20,2023,field,Royal Challengers Bangalore,"""Eden Gardens, Kolkata""",Kolkata Knight Riders,Kolkata Knight Riders,Royal Challengers Bengaluru
1359484,6,Lucknow,2023/04/07,Indian Premier League,male,T20,2023,bat,Sunrisers Hyderabad,"""Bharat Ratna Shri Atal Bihari Vajpayee Ekana Cricket Stadium, Lucknow""",Lucknow Super Giants,Sunrisers Hyderabad,Lucknow Super Giants
1359485,6,Guwahati,2023/04/08,Indian Premier League,male,T20,2023,field,Delhi Capitals,"""Barsapara Cricket Stadium, Guwahati""",Rajasthan Royals,Rajasthan Royals,Delhi Capitals
1359486,6,Mumbai,2023/04/08,Indian Premier League,male,T20,2023,field,Chennai Super Kings,"""Wankhede Stadium, Mumbai""",Chennai Super Kings,Mumbai Indians,Chennai Super Kings
1359487,6,Ahmedabad,2023/04/09,Indian Premier League,male,T20,2023,bat,Gujarat Titans,"""Narendra Modi Stadium, Ahmedabad""",Kolkata Knight Riders,Gujarat Titans,Kolkata Knight Riders
1359488,6,Hyderabad,2023/04/09,Indian Premier League,male,T20,2023,field,Sunrisers Hyderabad,"""Rajiv Gandhi International Stadium, Uppal, Hyderabad""",Sunrisers Hyderabad,Punjab Kings,Sunrisers Hyderabad
1359489,6,Bengaluru,2023/04/10,Indian Premier League,male,T20,2023,field,Lucknow Super Giants,"""M Chinnaswamy Stadium, Bengaluru""",Lucknow Super Giants,Royal Challengers Bengaluru,Lucknow Super Giants
1359490,6,Delhi,2023/04/11,Indian Premier League,male,T20,2023,field,Mumbai Indians,"""Arun Jaitley Stadium, Delhi""",Mumbai Indians,Delhi Capitals,Mumbai Indians
1359491,6,Chennai,2023/04/12,Indian Premier League,male,T20,2023,field,Chennai Super Kings,"""MA Chidambaram Stadium, Chepauk, Chennai""",Rajasthan Royals,Rajasthan Royals,Chennai Super Kings
1359492,6,Chandigarh,2023/04/13,Indian Premier League,male,T20,2023,field,Gujarat Titans,"""Punjab Cricket Association IS Bindra Stadium, Mohali, Chandigarh""",Gujarat Titans,Punjab Kings,Gujarat Titans
1359493,6,Kolkata,2023/04/14,Indian Premier League,male,T20,2023,field,Kolkata Knight Riders,"""Eden Gardens, Kolkata""",Sunrisers Hyderabad,Sunrisers Hyderabad,Kolkata Knight Riders
1359494,6,Bengaluru,2023/04/15,Indian Premier League,male,T20,2023,field,Delhi Capitals,"""M Chinnaswamy Stadium, Bengaluru""",Royal Challengers Bengaluru,Royal Challengers Bengaluru,Delhi Capitals
1359495,6,Lucknow,2023/04/15,Indian Premier League,male,T20,2023,field,Punjab Kings,"""Bharat Ratna Shri Atal Bihari Vajpayee Ekana Cricket Stadium, Lucknow""",Punjab Kings,Lucknow Super Giants,Punjab Kings
1359496,6,Mumbai,2023/04/16,Indian Premier League,male,T20,2023,field,Mumbai Indians,"""Wankhede Stadium, Mumbai""",Mumbai Indians,Kolkata Knight Riders,Mumbai Indians
1359497,6,Ahmedabad,2023/04/16,Indian Premier League,male,T20,2023,field,Rajasthan Royals,"""Narendra Modi Stadium, Ahmedabad""",Rajasthan Royals,Gujarat Titans,Rajasthan Royals
1359498,6,Bengaluru,2023/04/17,Indian Premier League,male,T20,2023,field,Royal Challengers Bangalore,"""M Chinnaswamy Stadium, Bengaluru""",Chennai Super Kings,Chennai Super Kings,Royal Challengers Bengaluru
1359499,6,Hyderabad,2023/04/18,Indian Premier League,male,T20,2023,field,Sunrisers Hyderabad,"""Rajiv Gandhi International Stadium, Uppal, Hyderabad""",Mumbai Indians,Mumbai Indians,Sunrisers Hyderabad
1359500,6,Jaipur,2023/04/19,Indian Premier League,male,T20,2023,field,Rajasthan Royals,"""Sawai Mansingh Stadium, Jaipur""",Lucknow Super Giants,Lucknow Super Giants,Rajasthan Royals
1359501,6,Chandigarh,2023/04/20,Indian Premier League,male,T20,2023,field,Punjab Kings,"""Punjab Cricket Association IS Bindra Stadium, Mohali, Chandigarh""",Royal Challengers Bengaluru,Royal Challengers Bengaluru,Punjab Kings
1359502,6,Delhi,2023/04/20,Indian Premier League,male,T20,2023,field,Delhi Capitals,"""Arun Jaitley Stadium, Delhi""",Delhi Capitals,Kolkata Knight Riders,Delhi Capitals
1359503,6,Chennai,2023/04/21,Indian Premier League,male,T20,2023,field,Chennai Super Kings,"""MA Chidambaram Stadium, Chepauk, Chennai""",Chennai Super Kings,Sunrisers Hyderabad,Chennai Super Kings
1359504,6,Lucknow,2023/04/22,Indian Premier League,male,T20,2023,bat,Gujarat Titans,"""Bharat Ratna Shri Atal Bihari Vajpayee Ekana Cricket Stadium, Lucknow""",Gujarat Titans,Gujarat Titans,Lucknow Super Giants
1359505,6,Mumbai,2023/04/22,Indian Premier League,male,T20,2023,field,Mumbai Indians,"""Wankhede Stadium, Mumbai""",Punjab Kings,Punjab Kings,Mumbai Indians
1359506,6,Bengaluru,2023/04/23,Indian Premier League,male,T20,2023,field,Rajasthan Royals,"""M Chinnaswamy Stadium, Bengaluru""",Royal Challengers Bengaluru,Royal Challengers Bengaluru,Rajasthan Royals
1359507,6,Kolkata,2023/04/23,Indian Premier League,male,T20,2023,field,Kolkata Knight Riders,"""Eden Gardens, Kolkata""",Chennai Super Kings,Chennai Super Kings,Kolkata Knight Riders
1359508,6,Hyderabad,2023/04/24,Indian Premier League,male,T20,2023,bat,Delhi Capitals,"""Rajiv Gandhi International Stadium, Uppal, Hyderabad""",Delhi Capitals,Delhi Capitals,Sunrisers Hyderabad
1359509,6,Ahmedabad,2023/04/25,Indian Premier League,male,T20,2023,field,Mumbai Indians,"""Narendra Modi Stadium, Ahmedabad""",Gujarat Titans,Gujarat Titans,Mumbai Indians
1359510,6,Bengaluru,2023/04/26,Indian Premier League,male,T20,2023,field,Royal Challengers Bangalore,"""M Chinnaswamy Stadium, Bengaluru""",Kolkata Knight Riders,Kolkata Knight Riders,Royal Challengers Bengaluru
1359511,6,Jaipur,2023/04/27,Indian Premier League,male,T20,2023,bat,Rajasthan Royals,"""Sawai Mansingh Stadium, Jaipur""",Rajasthan Royals,Rajasthan Royals,Chennai Super Kings
1359512,6,Chandigarh,2023/04/28,Indian Premier League,male,T20,2023,field,Punjab Kings,"""Punjab Cricket Association IS Bindra Stadium, Mohali, Chandigarh""",Lucknow Super Giants,Lucknow Super Giants,Punjab Kings
1359513,6,Kolkata,2023/04/29,Indian Premier League,male,T20,2023,field,Gujarat Titans,"""Eden Gardens, Kolkata""",Gujarat Titans,Kolkata Knight Riders,Gujarat Titans
1359514,6,Delhi,2023/04/29,Indian Premier League,male,T20,2023,bat,Sunrisers Hyderabad,"""Arun Jaitley Stadium, Delhi""",Sunrisers Hyderabad,Sunrisers Hyderabad,Delhi Capitals
1359515,6,Chennai,2023/04/30,Indian Premier League,male,T20,2023,bat,Chennai Super Kings,"""MA Chidambaram Stadium, Chepauk, Chennai""",Punjab Kings,Chennai Super Kings,Punjab Kings
1359516,6,Mumbai,2023/04/30,Indian Premier League,male,T20,2023,bat,Rajasthan Royals,"""Wankhede Stadium, Mumbai""",Mumbai Indians,Rajasthan Royals,Mumbai Indians
1359517,6,Lucknow,2023/05/01,Indian Premier League,male,T20,2023,bat,Royal Challengers Bangalore,"""Bharat Ratna Shri Atal Bihari Vajpayee Ekana Cricket Stadium, Lucknow""",Royal Challengers Bengaluru,Royal Challengers Bengaluru,Lucknow Super Giants
1359518,6,Ahmedabad,2023/05/02,Indian Premier League,male,T20,2023,bat,Delhi Capitals,"""Narendra Modi Stadium, Ahmedabad""",Delhi Capitals,Delhi Capitals,Gujarat Titans
1359519,6,Lucknow,2023/05/03,Indian Premier League,male,T20,2023,field,Chennai Super Kings,"""Bharat Ratna Shri Atal Bihari Vajpayee Ekana Cricket Stadium, Lucknow""",,Lucknow Super Giants,Chennai Super Kings
1359520,6,Chandigarh,2023/05/03,Indian Premier League,male,T20,2023,field,Mumbai Indians,"""Punjab Cricket Association IS Bindra Stadium, Mohali, Chandigarh""",Mumbai Indians,Punjab Kings,Mumbai Indians
1359521,6,Hyderabad,2023/05/04,Indian Premier League,male,T20,2023,bat,Kolkata Knight Riders,"""Rajiv Gandhi International Stadium, Uppal, Hyderabad""",Kolkata Knight Riders,Kolkata Knight Riders,Sunrisers Hyderabad
1359522,6,Jaipur,2023/05/05,Indian Premier League,male,T20,2023,bat,Rajasthan Royals,"""Sawai Mansingh Stadium, Jaipur""",Gujarat Titans,Rajasthan Royals,Gujarat Titans
1359523,6,Chennai,2023/05/06,Indian Premier League,male,T20,2023,field,Chennai Super Kings,"""MA Chidambaram Stadium, Chepauk, Chennai""",Chennai Super Kings,Mumbai Indians,Chennai Super Kings
1359524,6,Delhi,2023/05/06,Indian Premier League,male,T20,2023,bat,Royal Challengers Bangalore,"""Arun Jaitley Stadium, Delhi""",Delhi Capitals,Royal Challengers Bengaluru,Delhi Capitals
1359525,6,Ahmedabad,2023/05/07,Indian Premier League,male,T20,2023,field,Lucknow Super Giants,"""Narendra Modi Stadium, Ahmedabad""",Gujarat Titans,Gujarat Titans,Lucknow Super Giants
1359526,6,Jaipur,2023/05/07,Indian Premier League,male,T20,2023,bat,Rajasthan Royals,"""Sawai Mansingh Stadium, Jaipur""",Sunrisers Hyderabad,Rajasthan Royals,Sunrisers Hyderabad
1359527,6,Kolkata,2023/05/08,Indian Premier League,male,T20,2023,bat,Punjab Kings,"""Eden Gardens, Kolkata""",Kolkata Knight Riders,Punjab Kings,Kolkata Knight Riders
1359528,6,Mumbai,2023/05/09,Indian Premier League,male,T20,2023,field,Mumbai Indians,"""Wankhede Stadium, Mumbai""",Mumbai Indians,Royal Challengers Bengaluru,Mumbai Indians
1359529,6,Chennai,2023/05/10,Indian Premier League,male,T20,2023,bat,Chennai Super Kings,"""MA Chidambaram Stadium, Chepauk, Chennai""",Chennai Super Kings,Chennai Super Kings,Delhi Capitals
1359530,6,Kolkata,2023/05/11,Indian Premier League,male,T20,2023,field,Rajasthan Royals,"""Eden Gardens, Kolkata""",Rajasthan Royals,Kolkata Knight Riders,Rajasthan Royals
1359531,6,Mumbai,2023/05/12,Indian Premier League,male,T20,2023,field,Gujarat Titans,"""Wankhede Stadium, Mumbai""",Mumbai Indians,Mumbai Indians,Gujarat Titans
1359532,6,Hyderabad,2023/05/13,Indian Premier League,male,T20,2023,bat,Sunrisers Hyderabad,"""Rajiv Gandhi International Stadium, Uppal, Hyderabad""",Lucknow Super Giants,Sunrisers Hyderabad,Lucknow Super Giants
1359533,6,Delhi,2023/05/13,Indian Premier League,male,T20,2023,field,Delhi Capitals,"""Arun Jaitley Stadium, Delhi""",Punjab Kings,Punjab Kings,Delhi Capitals
1359534,6,Jaipur,2023/05/14,Indian Premier League,male,T20,2023,bat,Royal Challengers Bangalore,"""Sawai Mansingh Stadium, Jaipur""",Royal Challengers Bengaluru,Royal Challengers Bengaluru,Rajasthan Royals
1359535,6,Chennai,2023/05/14,Indian Premier League,male,T20,2023,bat,Chennai Super Kings,"""MA Chidambaram Stadium, Chepauk, Chennai""",Kolkata Knight Riders,Chennai Super Kings,Kolkata Knight Riders
1359536,6,Ahmedabad,2023/05/15,Indian Premier League,male,T20,2023,field,Sunrisers Hyderabad,"""Narendra Modi Stadium, Ahmedabad""",Gujarat Titans,Gujarat Titans,Sunrisers Hyderabad
1359537,6,Lucknow,2023/05/16,Indian Premier League,male,T20,2023,field,Mumbai Indians,"""Bharat Ratna Shri Atal Bihari Vajpayee Ekana Cricket Stadium, Lucknow""",Lucknow Super Giants,Lucknow Super Giants,Mumbai Indians
1359538,6,Dharamsala,2023/05/17,Indian Premier League,male,T20,2023,field,Punjab Kings,"""Himachal Pradesh Cricket Association Stadium, Dharamsala""",Delhi Capitals,Delhi Capitals,Punjab Kings
1359539,6,Hyderabad,2023/05/18,Indian Premier League,male,T20,2023,field,Royal Challengers Bangalore,"""Rajiv Gandhi International Stadium, Uppal, Hyderabad""",Royal Challengers Bengaluru,Sunrisers Hyderabad,Royal Challengers Bengaluru
1359540,6,Dharamsala,2023/05/19,Indian Premier League,male,T20,2023,field,Rajasthan Royals,"""Himachal Pradesh Cricket Association Stadium, Dharamsala""",Rajasthan Royals,Punjab Kings,Rajasthan Royals
1359541,6,Delhi,2023/05/20,Indian Premier League,male,T20,2023,bat,Chennai Super Kings,"""Arun Jaitley Stadium, Delhi""",Chennai Super Kings,Chennai Super Kings,Delhi Capitals
1359542,6,Kolkata,2023/05/20,Indian Premier League,male,T20,2023,field,Kolkata Knight Riders,"""Eden Gardens, Kolkata""",Lucknow Super Giants,Lucknow Super Giants,Kolkata Knight Riders
1359543,6,Mumbai,2023/05/21,Indian Premier League,male,T20,2023,field,Mumbai Indians,"""Wankhede Stadium, Mumbai""",Mumbai Indians,Sunrisers Hyderabad,Mumbai Indians
1359544,6,Bengaluru,2023/05/21,Indian Premier League,male,T20,2023,field,Gujarat Titans,"""M Chinnaswamy Stadium, Bengaluru""",Gujarat Titans,Royal Challengers Bengaluru,Gujarat Titans
1370350,6,Chennai,2023/05/23,Indian Premier League,male,T20,2023,field,Gujarat Titans,"""MA Chidambaram Stadium, Chepauk, Chennai""",Chennai Super Kings,Chennai Super Kings,Gujarat Titans
1370351,6,Chennai,2023/05/24,Indian Premier League,male,T20,2023,bat,Mumbai Indians,"""MA Chidambaram Stadium, Chepauk, Chennai""",Mumbai Indians,Mumbai Indians,Lucknow Super Giants
1370352,6,Ahmedabad,2023/05/26,Indian Premier League,male,T20,2023,field,Mumbai Indians,"""Narendra Modi Stadium, Ahmedabad""",Gujarat Titans,Gujarat Titans,Mumbai Indians
1370353,6,Ahmedabad,2023/05/29,Indian Premier League,male,T20,2023,field,Chennai Super Kings,"""Narendra Modi Stadium, Ahmedabad""",Chennai Super Kings,Gujarat Titans,Chennai Super Kings
1422119,6,Chennai,2024/03/22,Indian Premier League,male,T20,2024,bat,Royal Challengers Bengaluru,"""MA Chidambaram Stadium, Chepauk, Chennai""",Chennai Super Kings,Royal Challengers Bengaluru,Chennai Super Kings
1422120,6,Mohali,2024/03/23,Indian Premier League,male,T20,2024,field,Punjab Kings,"""Maharaja Yadavindra Singh International Cricket Stadium, Mullanpur""",Punjab Kings,Delhi Capitals,Punjab Kings
1422121,6,Kolkata,2024/03/23,Indian Premier League,male,T20,2024,field,Sunrisers Hyderabad,"""Eden Gardens, Kolkata""",Kolkata Knight Riders,Kolkata Knight Riders,Sunrisers Hyderabad
1422122,6,Jaipur,2024/03/24,Indian Premier League,male,T20,2024,bat,Rajasthan Royals,"""Sawai Mansingh Stadium, Jaipur""",Rajasthan Royals,Rajasthan Royals,Lucknow Super Giants
1422123,6,Ahmedabad,2024/03/24,Indian Premier League,male,T20,2024,field,Mumbai Indians,"""Narendra Modi Stadium, Ahmedabad""",Gujarat Titans,Gujarat Titans,Mumbai Indians
1422124,6,Bengaluru,2024/03/25,Indian Premier League,male,T20,2024,field,Royal Challengers Bengaluru,"""M Chinnaswamy Stadium, Bengaluru""",Royal Challengers Bengaluru,Punjab Kings,Royal Challengers Bengaluru
1422125,6,Chennai,2024/03/26,Indian Premier League,male,T20,2024,field,Gujarat Titans,"""MA Chidambaram Stadium, Chepauk, Chennai""",Chennai Super Kings,Chennai Super Kings,Gujarat Titans
1422126,6,Hyderabad,2024/03/27,Indian Premier League,male,T20,2024,field,Mumbai Indians,"""Rajiv Gandhi International Stadium, Uppal, Hyderabad""",Sunrisers Hyderabad,Sunrisers Hyderabad,Mumbai Indians
1422127,6,Jaipur,2024/03/28,Indian Premier League,male,T20,2024,field,Delhi Capitals,"""Sawai Mansingh Stadium, Jaipur""",Rajasthan Royals,Rajasthan Royals,Delhi Capitals
1422128,6,Bengaluru,2024/03/29,Indian Premier League,male,T20,2024,field,Kolkata Knight Riders,"""M Chinnaswamy Stadium, Bengaluru""",Kolkata Knight Riders,Royal Challengers Bengaluru,Kolkata Knight Riders
1422129,6,Lucknow,2024/03/30,Indian Premier League,male,T20,2024,bat,Lucknow Super Giants,"""Bharat Ratna Shri Atal Bihari Vajpayee Ekana Cricket Stadium, Lucknow""",Lucknow Super Giants,Lucknow Super Giants,Punjab Kings
1422130,6,Ahmedabad,2024/03/31,Indian Premier League,male,T20,2024,bat,Sunrisers Hyderabad,"""Narendra Modi Stadium, Ahmedabad""",Gujarat Titans,Sunrisers Hyderabad,Gujarat Titans
1422131,6,Visakhapatnam,2024/03/31,Indian Premier League,male,T20,2024,bat,Delhi Capitals,"""Dr. Y.S. Rajasekhara Reddy ACA-VDCA Cricket Stadium, Visakhapatnam""",Delhi Capitals,Delhi Capitals,Chennai Super Kings
1422132,6,Mumbai,2024/04/01,Indian Premier League,male,T20,2024,field,Rajasthan Royals,"""Wankhede Stadium, Mumbai""",Rajasthan Royals,Mumbai Indians,Rajasthan Royals
1422133,6,Bengaluru,2024/04/02,Indian Premier League,male,T20,2024,field,Royal Challengers Bengaluru,"""M Chinnaswamy Stadium, Bengaluru""",Lucknow Super Giants,Lucknow Super Giants,Royal Challengers Bengaluru
1422134,6,Visakhapatnam,2024/04/03,Indian Premier League,male,T20,2024,bat,Kolkata Knight Riders,"""Dr. Y.S. Rajasekhara Reddy ACA-VDCA Cricket Stadium, Visakhapatnam""",Kolkata Knight Riders,Kolkata Knight Riders,Delhi Capitals
1422135,6,Ahmedabad,2024/04/04,Indian Premier League,male,T20,2024,field,Punjab Kings,"""Narendra Modi Stadium, Ahmedabad""",Punjab Kings,Gujarat Titans,Punjab Kings
1422136,6,Hyderabad,2024/04/05,Indian Premier League,male,T20,2024,field,Sunrisers Hyderabad,"""Rajiv Gandhi International Stadium, Uppal, Hyderabad""",Sunrisers Hyderabad,Chennai Super Kings,Sunrisers Hyderabad
1422137,6,Jaipur,2024/04/06,Indian Premier League,male,T20,2024,field,Rajasthan Royals,"""Sawai Mansingh Stadium, Jaipur""",Rajasthan Royals,Royal Challengers Bengaluru,Rajasthan Royals
1422138,6,Mumbai,2024/04/07,Indian Premier League,male,T20,2024,field,Delhi Capitals,"""Wankhede Stadium, Mumbai""",Mumbai Indians,Mumbai Indians,Delhi Capitals
1422139,6,Lucknow,2024/04/07,Indian Premier League,male,T20,2024,bat,Lucknow Super Giants,"""Bharat Ratna Shri Atal Bihari Vajpayee Ekana Cricket Stadium, Lucknow""",Lucknow Super Giants,Lucknow Super Giants,Gujarat Titans
1426260,6,Chennai,2024/04/08,Indian Premier League,male,T20,2024,field,Chennai Super Kings,"""MA Chidambaram Stadium, Chepauk, Chennai""",Chennai Super Kings,Kolkata Knight Riders,Chennai Super Kings
1426261,6,Mohali,2024/04/09,Indian Premier League,male,T20,2024,field,Punjab Kings,"""Maharaja Yadavindra Singh International Cricket Stadium, Mullanpur""",Sunrisers Hyderabad,Sunrisers Hyderabad,Punjab Kings
1426262,6,Jaipur,2024/04/10,Indian Premier League,male,T20,2024,field,Gujarat Titans,"""Sawai Mansingh Stadium, Jaipur""",Gujarat Titans,Rajasthan Royals,Gujarat Titans
1426263,6,Mumbai,2024/04/11,Indian Premier League,male,T20,2024,field,Mumbai Indians,"""Wankhede Stadium, Mumbai""",Mumbai Indians,Royal Challengers Bengaluru,Mumbai Indians
1426264,6,Lucknow,2024/04/12,Indian Premier League,male,T20,2024,bat,Lucknow Super Giants,"""Bharat Ratna Shri Atal Bihari Vajpayee Ekana Cricket Stadium, Lucknow""",Delhi Capitals,Lucknow Super Giants,Delhi Capitals
1426265,6,Mohali,2024/04/13,Indian Premier League,male,T20,2024,field,Rajasthan Royals,"""Maharaja Yadavindra Singh International Cricket Stadium, Mullanpur""",Rajasthan Royals,Punjab Kings,Rajasthan Royals
1426266,6,Kolkata,2024/04/14,Indian Premier League,male,T20,2024,field,Kolkata Knight Riders,"""Eden Gardens, Kolkata""",Kolkata Knight Riders,Lucknow Super Giants,Kolkata Knight Riders
1426267,6,Mumbai,2024/04/14,Indian Premier League,male,T20,2024,field,Mumbai Indians,"""Wankhede Stadium, Mumbai""",Chennai Super Kings,Chennai Super Kings,Mumbai Indians
1426268,6,Bengaluru,2024/04/15,Indian Premier League,male,T20,2024,field,Royal Challengers Bengaluru,"""M Chinnaswamy Stadium, Bengaluru""",Sunrisers Hyderabad,Sunrisers Hyderabad,Royal Challengers Bengaluru
1426269,6,Kolkata,2024/04/16,Indian Premier League,male,T20,2024,field,Rajasthan Royals,"""Eden Gardens, Kolkata""",Rajasthan Royals,Kolkata Knight Riders,Rajasthan Royals
1426270,6,Ahmedabad,2024/04/17,Indian Premier League,male,T20,2024,field,Delhi Capitals,"""Narendra Modi Stadium, Ahmedabad""",Delhi Capitals,Gujarat Titans,Delhi Capitals
1426271,6,Mohali,2024/04/18,Indian Premier League,male,T20,2024,field,Punjab Kings,"""Maharaja Yadavindra Singh International Cricket Stadium, Mullanpur""",Mumbai Indians,Mumbai Indians,Punjab Kings
1426272,6,Lucknow,2024/04/19,Indian Premier League,male,T20,2024,field,Lucknow Super Giants,"""Bharat Ratna Shri Atal Bihari Vajpayee Ekana Cricket Stadium, Lucknow""",Lucknow Super Giants,Chennai Super Kings,Lucknow Super Giants
1426273,6,Delhi,2024/04/20,Indian Premier League,male,T20,2024,field,Delhi Capitals,"""Arun Jaitley Stadium, Delhi""",Sunrisers Hyderabad,Sunrisers Hyderabad,Delhi Capitals
1426274,6,Kolkata,2024/04/21,Indian Premier League,male,T20,2024,field,Royal Challengers Bengaluru,"""Eden Gardens, Kolkata""",Kolkata Knight Riders,Kolkata Knight Riders,Royal Challengers Bengaluru
1426275,6,Mohali,2024/04/21,Indian Premier League,male,T20,2024,bat,Punjab Kings,"""Maharaja Yadavindra Singh International Cricket Stadium, Mullanpur""",Gujarat Titans,Punjab Kings,Gujarat Titans
1426276,6,Jaipur,2024/04/22,Indian Premier League,male,T20,2024,bat,Mumbai Indians,"""Sawai Mansingh Stadium, Jaipur""",Rajasthan Royals,Mumbai Indians,Rajasthan Royals
1426277,6,Chennai,2024/04/23,Indian Premier League,male,T20,2024,field,Lucknow Super Giants,"""MA Chidambaram Stadium, Chepauk, Chennai""",Lucknow Super Giants,Chennai Super Kings,Lucknow Super Giants
1426278,6,Delhi,2024/04/24,Indian Premier League,male,T20,2024,field,Gujarat Titans,"""Arun Jaitley Stadium, Delhi""",Delhi Capitals,Delhi Capitals,Gujarat Titans
1426279,6,Hyderabad,2024/04/25,Indian Premier League,male,T20,2024,bat,Royal Challengers Bengaluru,"""Rajiv Gandhi International Stadium, Uppal, Hyderabad""",Royal Challengers Bengaluru,Royal Challengers Bengaluru,Sunrisers Hyderabad
1426280,6,Kolkata,2024/04/26,Indian Premier League,male,T20,2024,field,Punjab Kings,"""Eden Gardens, Kolkata""",Punjab Kings,Kolkata Knight Riders,Punjab Kings
1426281,6,Delhi,2024/04/27,Indian Premier League,male,T20,2024,field,Mumbai Indians,"""Arun Jaitley Stadium, Delhi""",Delhi Capitals,Delhi Capitals,Mumbai Indians
1426282,6,Lucknow,2024/04/27,Indian Premier League,male,T20,2024,field,Rajasthan Royals,"""Bharat Ratna Shri Atal Bihari Vajpayee Ekana Cricket Stadium, Lucknow""",Rajasthan Royals,Lucknow Super Giants,Rajasthan Royals
1426283,6,Ahmedabad,2024/04/28,Indian Premier League,male,T20,2024,field,Royal Challengers Bengaluru,"""Narendra Modi Stadium, Ahmedabad""",Royal Challengers Bengaluru,Gujarat Titans,Royal Challengers Bengaluru
1426284,6,Chennai,2024/04/28,Indian Premier League,male,T20,2024,field,Sunrisers Hyderabad,"""MA Chidambaram Stadium, Chepauk, Chennai""",Chennai Super Kings,Chennai Super Kings,Sunrisers Hyderabad
1426285,6,Kolkata,2024/04/29,Indian Premier League,male,T20,2024,bat,Delhi Capitals,"""Eden Gardens, Kolkata""",Kolkata Knight Riders,Delhi Capitals,Kolkata Knight Riders
1426286,6,Lucknow,2024/04/30,Indian Premier League,male,T20,2024,field,Lucknow Super Giants,"""Bharat Ratna Shri Atal Bihari Vajpayee Ekana Cricket Stadium, Lucknow""",Lucknow Super Giants,Mumbai Indians,Lucknow Super Giants
1426287,6,Chennai,2024/05/01,Indian Premier League,male,T20,2024,field,Punjab Kings,"""MA Chidambaram Stadium, Chepauk, Chennai""",Punjab Kings,Chennai Super Kings,Punjab Kings
1426288,6,Hyderabad,2024/05/02,Indian Premier League,male,T20,2024,bat,Sunrisers Hyderabad,"""Rajiv Gandhi International Stadium, Uppal, Hyderabad""",Sunrisers Hyderabad,Sunrisers Hyderabad,Rajasthan Royals
1426289,6,Mumbai,2024/05/03,Indian Premier League,male,T20,2024,field,Mumbai Indians,"""Wankhede Stadium, Mumbai""",Kolkata Knight Riders,Kolkata Knight Riders,Mumbai Indians
1426290,6,Bengaluru,2024/05/04,Indian Premier League,male,T20,2024,field,Royal Challengers Bengaluru,"""M Chinnaswamy Stadium, Bengaluru""",Royal Challengers Bengaluru,Gujarat Titans,Royal Challengers Bengaluru
1426291,6,Dharamsala,2024/05/05,Indian Premier League,male,T20,2024,field,Punjab Kings,"""Himachal Pradesh Cricket Association Stadium, Dharamsala""",Chennai Super Kings,Chennai Super Kings,Punjab Kings
1426292,6,Lucknow,2024/05/05,Indian Premier League,male,T20,2024,field,Lucknow Super Giants,"""Bharat Ratna Shri Atal Bihari Vajpayee Ekana Cricket Stadium, Lucknow""",Kolkata Knight Riders,Kolkata Knight Riders,Lucknow Super Giants
1426293,6,Mumbai,2024/05/06,Indian Premier League,male,T20,2024,field,Mumbai Indians,"""Wankhede Stadium, Mumbai""",Mumbai Indians,Sunrisers Hyderabad,Mumbai Indians
1426294,6,Delhi,2024/05/07,Indian Premier League,male,T20,2024,field,Rajasthan Royals,"""Arun Jaitley Stadium, Delhi""",Delhi Capitals,Delhi Capitals,Rajasthan Royals
1426295,6,Hyderabad,2024/05/08,Indian Premier League,male,T20,2024,bat,Lucknow Super Giants,"""Rajiv Gandhi International Stadium, Uppal, Hyderabad""",Sunrisers Hyderabad,Lucknow Super Giants,Sunrisers Hyderabad
1426296,6,Dharamsala,2024/05/09,Indian Premier League,male,T20,2024,field,Punjab Kings,"""Himachal Pradesh Cricket Association Stadium, Dharamsala""",Royal Challengers Bengaluru,Royal Challengers Bengaluru,Punjab Kings
1426297,6,Ahmedabad,2024/05/10,Indian Premier League,male,T20,2024,field,Chennai Super Kings,"""Narendra Modi Stadium, Ahmedabad""",Gujarat Titans,Gujarat Titans,Chennai Super Kings
1426298,6,Kolkata,2024/05/11,Indian Premier League,male,T20,2024,field,Mumbai Indians,"""Eden Gardens, Kolkata""",Kolkata Knight Riders,Kolkata Knight Riders,Mumbai Indians
1426299,6,Chennai,2024/05/12,Indian Premier League,male,T20,2024,bat,Rajasthan Royals,"""MA Chidambaram Stadium, Chepauk, Chennai""",Chennai Super Kings,Rajasthan Royals,Chennai Super Kings
1426300,6,Bengaluru,2024/05/12,Indian Premier League,male,T20,2024,field,Delhi Capitals,"""M Chinnaswamy Stadium, Bengaluru""",Royal Challengers Bengaluru,Royal Challengers Bengaluru,Delhi Capitals
1426302,6,Delhi,2024/05/14,Indian Premier League,male,T20,2024,field,Lucknow Super Giants,"""Arun Jaitley Stadium, Delhi""",Delhi Capitals,Delhi Capitals,Lucknow Super Giants
1426303,6,Guwahati,2024/05/15,Indian Premier League,male,T20,2024,bat,Rajasthan Royals,"""Barsapara Cricket Stadium, Guwahati""",Punjab Kings,Rajasthan Royals,Punjab Kings
1426305,6,Mumbai,2024/05/17,Indian Premier League,male,T20,2024,field,Mumbai Indians,"""Wankhede Stadium, Mumbai""",Lucknow Super Giants,Lucknow Super Giants,Mumbai Indians
1426306,6,Bengaluru,2024/05/18,Indian Premier League,male,T20,2024,field,Chennai Super Kings,"""M Chinnaswamy Stadium, Bengaluru""",Royal Challengers Bengaluru,Royal Challengers Bengaluru,Chennai Super Kings
1426307,6,Hyderabad,2024/05/19,Indian Premier League,male,T20,2024,bat,Punjab Kings,"""Rajiv Gandhi International Stadium, Uppal, Hyderabad""",Sunrisers Hyderabad,Punjab Kings,Sunrisers Hyderabad
1426309,6,Ahmedabad,2024/05/21,Indian Premier League,male,T20,2024,bat,Sunrisers Hyderabad,"""Narendra Modi Stadium, Ahmedabad""",Kolkata Knight Riders,Sunrisers Hyderabad,Kolkata Knight Riders
1426310,6,Ahmedabad,2024/05/22,Indian Premier League,male,T20,2024,field,Rajasthan Royals,"""Narendra Modi Stadium, Ahmedabad""",Rajasthan Royals,Royal Challengers Bengaluru,Rajasthan Royals
1426311,6,Chennai,2024/05/24,Indian Premier League,male,T20,2024,field,Rajasthan Royals,"""MA Chidambaram Stadium, Chepauk, Chennai""",Sunrisers Hyderabad,Sunrisers Hyderabad,Rajasthan Royals
1426312,6,Chennai,2024/05/26,Indian Premier League,male,T20,2024,bat,Sunrisers Hyderabad,"""MA Chidambaram Stadium, Chepauk, Chennai""",Kolkata Knight Riders,Sunrisers Hyderabad,Kolkata Knight Riders
1473438,6,Kolkata,2025/03/22,Indian Premier League,male,T20,2025,field,Royal Challengers Bengaluru,"""Eden Gardens, Kolkata""",Royal Challengers Bengaluru,Kolkata Knight Riders,Royal Challengers Bengaluru
1473439,6,Hyderabad,2025/03/23,Indian Premier League,male,T20,2025,field,Rajasthan Royals,"""Rajiv Gandhi International Stadium, Uppal, Hyderabad""",Sunrisers Hyderabad,Sunrisers Hyderabad,Rajasthan Royals
1473440,6,Chennai,2025/03/23,Indian Premier League,male,T20,2025,field,Chennai Super Kings,"""MA Chidambaram Stadium, Chepauk, Chennai""",Chennai Super Kings,Mumbai Indians,Chennai Super Kings
1473441,6,Visakhapatnam,2025/03/24,Indian Premier League,male,T20,2025,field,Delhi Capitals,"""Dr. Y.S. Rajasekhara Reddy ACA-VDCA Cricket Stadium, Visakhapatnam""",Delhi Capitals,Lucknow Super Giants,Delhi Capitals
1473442,6,Ahmedabad,2025/03/25,Indian Premier League,male,T20,2025,field,Gujarat Titans,"""Narendra Modi Stadium, Ahmedabad""",Punjab Kings,Punjab Kings,Gujarat Titans
1473443,6,Guwahati,2025/03/26,Indian Premier League,male,T20,2025,field,Kolkata Knight Riders,"""Barsapara Cricket Stadium, Guwahati""",Kolkata Knight Riders,Rajasthan Royals,Kolkata Knight Riders
1473444,6,Hyderabad,2025/03/27,Indian Premier League,male,T20,2025,field,Lucknow Super Giants,"""Rajiv Gandhi International Stadium, Uppal, Hyderabad""",Lucknow Super Giants,Sunrisers Hyderabad,Lucknow Super Giants
1473445,6,Chennai,2025/03/28,Indian Premier League,male,T20,2025,field,Chennai Super Kings,"""MA Chidambaram Stadium, Chepauk, Chennai""",Royal Challengers Bengaluru,Royal Challengers Bengaluru,Chennai Super Kings
1473446,6,Ahmedabad,2025/03/29,Indian Premier League,male,T20,2025,field,Mumbai Indians,"""Narendra Modi Stadium, Ahmedabad""",Gujarat Titans,Gujarat Titans,Mumbai Indians
1473447,6,Visakhapatnam,2025/03/30,Indian Premier League,male,T20,2025,bat,Sunrisers Hyderabad,"""Dr. Y.S. Rajasekhara Reddy ACA-VDCA Cricket Stadium, Visakhapatnam""",Delhi Capitals,Sunrisers Hyderabad,Delhi Capitals
1473448,6,Guwahati,2025/03/30,Indian Premier League,male,T20,2025,field,Chennai Super Kings,"""Barsapara Cricket Stadium, Guwahati""",Rajasthan Royals,Rajasthan Royals,Chennai Super Kings
1473449,6,Mumbai,2025/03/31,Indian Premier League,male,T20,2025,field,Mumbai Indians,"""Wankhede Stadium, Mumbai""",Mumbai Indians,Kolkata Knight Riders,Mumbai Indians
1473450,6,Lucknow,2025/04/01,Indian Premier League,male,T20,2025,field,Punjab Kings,"""Bharat Ratna Shri Atal Bihari Vajpayee Ekana Cricket Stadium, Lucknow""",Punjab Kings,Lucknow Super Giants,Punjab Kings
1473451,6,Bengaluru,2025/04/02,Indian Premier League,male,T20,2025,field,Gujarat Titans,"""M Chinnaswamy Stadium, Bengaluru""",Gujarat Titans,Royal Challengers Bengaluru,Gujarat Titans
1473452,6,Kolkata,2025/04/03,Indian Premier League,male,T20,2025,field,Sunrisers Hyderabad,"""Eden Gardens, Kolkata""",Kolkata Knight Riders,Kolkata Knight Riders,Sunrisers Hyderabad
1473453,6,Lucknow,2025/04/04,Indian Premier League,male,T20,2025,field,Mumbai Indians,"""Bharat Ratna Shri Atal Bihari Vajpayee Ekana Cricket Stadium, Lucknow""",Lucknow Super Giants,Lucknow Super Giants,Mumbai Indians
1473454,6,Chennai,2025/04/05,Indian Premier League,male,T20,2025,bat,Delhi Capitals,"""MA Chidambaram Stadium, Chepauk, Chennai""",Delhi Capitals,Delhi Capitals,Chennai Super Kings
1473455,6,Mohali,2025/04/05,Indian Premier League,male,T20,2025,field,Punjab Kings,"""Maharaja Yadavindra Singh International Cricket Stadium, Mullanpur""",Rajasthan Royals,Rajasthan Royals,Punjab Kings
1473456,6,Kolkata,2025/04/08,Indian Premier League,male,T20,2025,field,Kolkata Knight Riders,"""Eden Gardens, Kolkata""",Lucknow Super Giants,Lucknow Super Giants,Kolkata Knight Riders
1473457,6,Hyderabad,2025/04/06,Indian Premier League,male,T20,2025,field,Gujarat Titans,"""Rajiv Gandhi International Stadium, Uppal, Hyderabad""",Gujarat Titans,Sunrisers Hyderabad,Gujarat Titans
1473458,6,Mumbai,2025/04/07,Indian Premier League,male,T20,2025,field,Mumbai Indians,"""Wankhede Stadium, Mumbai""",Royal Challengers Bengaluru,Royal Challengers Bengaluru,Mumbai Indians
1473459,6,Mohali,2025/04/08,Indian Premier League,male,T20,2025,bat,Punjab Kings,"""Maharaja Yadavindra Singh International Cricket Stadium, Mullanpur""",Punjab Kings,Punjab Kings,Chennai Super Kings
1473460,6,Ahmedabad,2025/04/09,Indian Premier League,male,T20,2025,field,Rajasthan Royals,"""Narendra Modi Stadium, Ahmedabad""",Gujarat Titans,Gujarat Titans,Rajasthan Royals
1473461,6,Bengaluru,2025/04/10,Indian Premier League,male,T20,2025,field,Delhi Capitals,"""M Chinnaswamy Stadium, Bengaluru""",Delhi Capitals,Royal Challengers Bengaluru,Delhi Capitals
1473462,6,Chennai,2025/04/11,Indian Premier League,male,T20,2025,field,Kolkata Knight Riders,"""MA Chidambaram Stadium, Chepauk, Chennai""",Kolkata Knight Riders,Chennai Super Kings,Kolkata Knight Riders
1473463,6,Lucknow,2025/04/12,Indian Premier League,male,T20,2025,field,Lucknow Super Giants,"""Bharat Ratna Shri Atal Bihari Vajpayee Ekana Cricket Stadium, Lucknow""",Lucknow Super Giants,Gujarat Titans,Lucknow Super Giants
1473464,6,Hyderabad,2025/04/12,Indian Premier League,male,T20,2025,bat,Punjab Kings,"""Rajiv Gandhi International Stadium, Uppal, Hyderabad""",Sunrisers Hyderabad,Punjab Kings,Sunrisers Hyderabad
1473465,6,Jaipur,2025/04/13,Indian Premier League,male,T20,2025,field,Royal Challengers Bengaluru,"""Sawai Mansingh Stadium, Jaipur""",Royal Challengers Bengaluru,Rajasthan Royals,Royal Challengers Bengaluru
1473466,6,Delhi,2025/04/13,Indian Premier League,male,T20,2025,field,Delhi Capitals,"""Arun Jaitley Stadium, Delhi""",Mumbai Indians,Mumbai Indians,Delhi Capitals
1473467,6,Lucknow,2025/04/14,Indian Premier League,male,T20,2025,field,Chennai Super Kings,"""Bharat Ratna Shri Atal Bihari Vajpayee Ekana Cricket Stadium, Lucknow""",Chennai Super Kings,Lucknow Super Giants,Chennai Super Kings
1473468,6,Mohali,2025/04/15,Indian Premier League,male,T20,2025,bat,Punjab Kings,"""Maharaja Yadavindra Singh International Cricket Stadium, Mullanpur""",Punjab Kings,Punjab Kings,Kolkata Knight Riders
1473469,6,Delhi,2025/04/16,Indian Premier League,male,T20,2025,field,Rajasthan Royals,"""Arun Jaitley Stadium, Delhi""",,Delhi Capitals,Rajasthan Royals
1473470,6,Mumbai,2025/04/17,Indian Premier League,male,T20,2025,field,Mumbai Indians,"""Wankhede Stadium, Mumbai""",Mumbai Indians,Sunrisers Hyderabad,Mumbai Indians
1473471,6,Bengaluru,2025/04/18,Indian Premier League,male,T20,2025,field,Punjab Kings,"""M Chinnaswamy Stadium, Bengaluru""",Punjab Kings,Royal Challengers Bengaluru,Punjab Kings
1473472,6,Ahmedabad,2025/04/19,Indian Premier League,male,T20,2025,field,Gujarat Titans,"""Narendra Modi Stadium, Ahmedabad""",Gujarat Titans,Delhi Capitals,Gujarat Titans
1473473,6,Jaipur,2025/04/19,Indian Premier League,male,T20,2025,bat,Lucknow Super Giants,"""Sawai Mansingh Stadium, Jaipur""",Lucknow Super Giants,Lucknow Super Giants,Rajasthan Royals
1473474,6,Mohali,2025/04/20,Indian Premier League,male,T20,2025,field,Royal Challengers Bengaluru,"""Maharaja Yadavindra Singh International Cricket Stadium, Mullanpur""",Royal Challengers Bengaluru,Punjab Kings,Royal Challengers Bengaluru
1473475,6,Mumbai,2025/04/20,Indian Premier League,male,T20,2025,field,Mumbai Indians,"""Wankhede Stadium, Mumbai""",Mumbai Indians,Chennai Super Kings,Mumbai Indians
1473476,6,Kolkata,2025/04/21,Indian Premier League,male,T20,2025,field,Kolkata Knight Riders,"""Eden Gardens, Kolkata""",Gujarat Titans,Gujarat Titans,Kolkata Knight Riders
1473477,6,Lucknow,2025/04/22,Indian Premier League,male,T20,2025,field,Delhi Capitals,"""Bharat Ratna Shri Atal Bihari Vajpayee Ekana Cricket Stadium, Lucknow""",Delhi Capitals,Lucknow Super Giants,Delhi Capitals
1473478,6,Hyderabad,2025/04/23,Indian Premier League,male,T20,2025,field,Mumbai Indians,"""Rajiv Gandhi International Stadium, Uppal, Hyderabad""",Mumbai Indians,Sunrisers Hyderabad,Mumbai Indians
1473479,6,Bengaluru,2025/04/24,Indian Premier League,male,T20,2025,field,Rajasthan Royals,"""M Chinnaswamy Stadium, Bengaluru""",Royal Challengers Bengaluru,Royal Challengers Bengaluru,Rajasthan Royals
1473480,6,Chennai,2025/04/25,Indian Premier League,male,T20,2025,field,Sunrisers Hyderabad,"""MA Chidambaram Stadium, Chepauk, Chennai""",Sunrisers Hyderabad,Chennai Super Kings,Sunrisers Hyderabad
1473481,6,Kolkata,2025/04/26,Indian Premier League,male,T20,2025,bat,Punjab Kings,"""Eden Gardens, Kolkata""",,Punjab Kings,Kolkata Knight Riders
1473482,6,Mumbai,2025/04/27,Indian Premier League,male,T20,2025,field,Lucknow Super Giants,"""Wankhede Stadium, Mumbai""",Mumbai Indians,Mumbai Indians,Lucknow Super Giants
1473483,6,Delhi,2025/04/27,Indian Premier League,male,T20,2025,field,Royal Challengers Bengaluru,"""Arun Jaitley Stadium, Delhi""",Royal Challengers Bengaluru,Delhi Capitals,Royal Challengers Bengaluru
1473484,6,Jaipur,2025/04/28,Indian Premier League,male,T20,2025,field,Rajasthan Royals,"""Sawai Mansingh Stadium, Jaipur""",Rajasthan Royals,Gujarat Titans,Rajasthan Royals
1473485,6,Delhi,2025/04/29,Indian Premier League,male,T20,2025,field,Delhi Capitals,"""Arun Jaitley Stadium, Delhi""",Kolkata Knight Riders,Kolkata Knight Riders,Delhi Capitals
1473486,6,Chennai,2025/04/30,Indian Premier League,male,T20,2025,field,Punjab Kings,"""MA Chidambaram Stadium, Chepauk, Chennai""",Punjab Kings,Chennai Super Kings,Punjab Kings
1473487,6,Jaipur,2025/05/01,Indian Premier League,male,T20,2025,field,Rajasthan Royals,"""Sawai Mansingh Stadium, Jaipur""",Mumbai Indians,Mumbai Indians,Rajasthan Royals
1473488,6,Ahmedabad,2025/05/02,Indian Premier League,male,T20,2025,field,Sunrisers Hyderabad,"""Narendra Modi Stadium, Ahmedabad""",Gujarat Titans,Gujarat Titans,Sunrisers Hyderabad
1473489,6,Bengaluru,2025/05/03,Indian Premier League,male,T20,2025,field,Chennai Super Kings,"""M Chinnaswamy Stadium, Bengaluru""",Royal Challengers Bengaluru,Royal Challengers Bengaluru,Chennai Super Kings
1473490,6,Kolkata,2025/05/04,Indian Premier League,male,T20,2025,bat,Kolkata Knight Riders,"""Eden Gardens, Kolkata""",Kolkata Knight Riders,Kolkata Knight Riders,Rajasthan Royals
1473491,6,Dharamsala,2025/05/04,Indian Premier League,male,T20,2025,field,Lucknow Super Giants,"""Himachal Pradesh Cricket Association Stadium, Dharamsala""",Punjab Kings,Punjab Kings,Lucknow Super Giants
1473492,6,Hyderabad,2025/05/05,Indian Premier League,male,T20,2025,field,Sunrisers Hyderabad,"""Rajiv Gandhi International Stadium, Uppal, Hyderabad""",,Delhi Capitals,Sunrisers Hyderabad
1473493,6,Mumbai,2025/05/06,Indian Premier League,male,T20,2025,field,Gujarat Titans,"""Wankhede Stadium, Mumbai""",Gujarat Titans,Mumbai Indians,Gujarat Titans
1473494,6,Kolkata,2025/05/07,Indian Premier League,male,T20,2025,bat,Kolkata Knight Riders,"""Eden Gardens, Kolkata""",Chennai Super Kings,Kolkata Knight Riders,Chennai Super Kings
1473495,6,Dharamsala,2025/05/08,Indian Premier League,male,T20,2025,bat,Punjab Kings,"""Himachal Pradesh Cricket Association Stadium, Dharamsala""",,Punjab Kings,Delhi Capitals
1473497,6,Jaipur,2025/05/18,Indian Premier League,male,T20,2025,bat,Punjab Kings,"""Sawai Mansingh Stadium, Jaipur""",Punjab Kings,Punjab Kings,Rajasthan Royals
1473498,6,Delhi,2025/05/18,Indian Premier League,male,T20,2025,field,Gujarat Titans,"""Arun Jaitley Stadium, Delhi""",Gujarat Titans,Delhi Capitals,Gujarat Titans
1473499,6,Lucknow,2025/05/19,Indian Premier League,male,T20,2025,field,Sunrisers Hyderabad,"""Bharat Ratna Shri Atal Bihari Vajpayee Ekana Cricket Stadium, Lucknow""",Sunrisers Hyderabad,Lucknow Super Giants,Sunrisers Hyderabad
1473500,6,Delhi,2025/05/20,Indian Premier League,male,T20,2025,field,Rajasthan Royals,"""Arun Jaitley Stadium, Delhi""",Rajasthan Royals,Chennai Super Kings,Rajasthan Royals
1473501,6,Mumbai,2025/05/21,Indian Premier League,male,T20,2025,field,Delhi Capitals,"""Wankhede Stadium, Mumbai""",Mumbai Indians,Mumbai Indians,Delhi Capitals
1473502,6,Ahmedabad,2025/05/22,Indian Premier League,male,T20,2025,field,Gujarat Titans,"""Narendra Modi Stadium, Ahmedabad""",Lucknow Super Giants,Lucknow Super Giants,Gujarat Titans
1473503,6,Lucknow,2025/05/23,Indian Premier League,male,T20,2025,field,Royal Challengers Bengaluru,"""Bharat Ratna Shri Atal Bihari Vajpayee Ekana Cricket Stadium, Lucknow""",Sunrisers Hyderabad,Sunrisers Hyderabad,Royal Challengers Bengaluru
1473504,6,Ahmedabad,2025/05/25,Indian Premier League,male,T20,2025,bat,Chennai Super Kings,"""Narendra Modi Stadium, Ahmedabad""",Chennai Super Kings,Chennai Super Kings,Gujarat Titans
1473505,6,Delhi,2025/05/25,Indian Premier League,male,T20,2025,bat,Sunrisers Hyderabad,"""Arun Jaitley Stadium, Delhi""",Sunrisers Hyderabad,Sunrisers Hyderabad,Kolkata Knight Riders
1473506,6,Jaipur,2025/05/26,Indian Premier League,male,T20,2025,field,Punjab Kings,"""Sawai Mansingh Stadium, Jaipur""",Punjab Kings,Mumbai Indians,Punjab Kings
1473507,6,Lucknow,2025/05/27,Indian Premier League,male,T20,2025,field,Royal Challengers Bengaluru,"""Bharat Ratna Shri Atal Bihari Vajpayee Ekana Cricket Stadium, Lucknow""",Royal Challengers Bengaluru,Lucknow Super Giants,Royal Challengers Bengaluru
1473508,6,New Chandigarh,2025/05/29,Indian Premier League,male,T20,2025,field,Royal Challengers Bengaluru,"""Maharaja Yadavindra Singh International Cricket Stadium, Mullanpur""",Royal Challengers Bengaluru,Punjab Kings,Royal Challengers Bengaluru
1473509,6,New Chandigarh,2025/05/30,Indian Premier League,male,T20,2025,bat,Mumbai Indians,"""Maharaja Yadavindra Singh International Cricket Stadium, New Chandigarh""",Mumbai Indians,Mumbai Indians,Gujarat Titans
1473510,6,Ahmedabad,2025/06/01,Indian Premier League,male,T20,2025,field,Punjab Kings,"""Narendra Modi Stadium, Ahmedabad""",Punjab Kings,Mumbai Indians,Punjab Kings
1473511,6,Ahmedabad,2025/06/03,Indian Premier League,male,T20,2025,field,Punjab Kings,"""Narendra Modi Stadium, Ahmedabad""",Royal Challengers Bengaluru,Royal Challengers Bengaluru,Punjab Kings
1485779,6,Jaipur,2025/05/24,Indian Premier League,male,T20,2025,field,Delhi Capitals,"""Sawai Mansingh Stadium, Jaipur""",Delhi Capitals,Punjab Kings,Delhi Capitals
1527674,6,Bengaluru,2026/03/28,Indian Premier League,male,T20,2026,field,Royal Challengers Bengaluru,"""M Chinnaswamy Stadium, Bengaluru""",Royal Challengers Bengaluru,Sunrisers Hyderabad,Royal Challengers Bengaluru
1527675,6,Mumbai,2026/03/29,Indian Premier League,male,T20,2026,field,Mumbai Indians,"""Wankhede Stadium, Mumbai""",Mumbai Indians,Kolkata Knight Riders,Mumbai Indians
1527676,6,Guwahati,2026/03/30,Indian Premier League,male,T20,2026,field,Rajasthan Royals,"""Barsapara Cricket Stadium, Guwahati""",Rajasthan Royals,Chennai Super Kings,Rajasthan Royals
1527677,6,New Chandigarh,2026/03/31,Indian Premier League,male,T20,2026,field,Punjab Kings,"""Maharaja Yadavindra Singh International Cricket Stadium, New Chandigarh""",Punjab Kings,Gujarat Titans,Punjab Kings
1527678,6,Lucknow,2026/04/01,Indian Premier League,male,T20,2026,field,Delhi Capitals,"""Bharat Ratna Shri Atal Bihari Vajpayee Ekana Cricket Stadium, Lucknow""",Delhi Capitals,Lucknow Super Giants,Delhi Capitals
1527679,6,Kolkata,2026/04/02,Indian Premier League,male,T20,2026,field,Kolkata Knight Riders,"""Eden Gardens, Kolkata""",Sunrisers Hyderabad,Sunrisers Hyderabad,Kolkata Knight Riders
1527680,6,Chennai,2026/04/03,Indian Premier League,male,T20,2026,field,Punjab Kings,"""MA Chidambaram Stadium, Chepauk, Chennai""",Punjab Kings,Chennai Super Kings,Punjab Kings
1527681,6,Delhi,2026/04/04,Indian Premier League,male,T20,2026,field,Delhi Capitals,"""Arun Jaitley Stadium, Delhi""",Delhi Capitals,Mumbai Indians,Delhi Capitals
1527682,6,Ahmedabad,2026/04/04,Indian Premier League,male,T20,2026,bat,Rajasthan Royals,"""Narendra Modi Stadium, Ahmedabad""",Rajasthan Royals,Rajasthan Royals,Gujarat Titans
1527683,6,Hyderabad,2026/04/05,Indian Premier League,male,T20,2026,field,Lucknow Super Giants,"""Rajiv Gandhi International Stadium, Uppal, Hyderabad""",Lucknow Super Giants,Sunrisers Hyderabad,Lucknow Super Giants
1527684,6,Bengaluru,2026/04/05,Indian Premier League,male,T20,2026,field,Chennai Super Kings,"""M Chinnaswamy Stadium, Bengaluru""",Royal Challengers Bengaluru,Royal Challengers Bengaluru,Chennai Super Kings
1527685,6,Kolkata,2026/04/06,Indian Premier League,male,T20,2026,bat,Kolkata Knight Riders,"""Eden Gardens, Kolkata""",,Kolkata Knight Riders,Punjab Kings
1527686,6,Guwahati,2026/04/07,Indian Premier League,male,T20,2026,field,Mumbai Indians,"""Barsapara Cricket Stadium, Guwahati""",Rajasthan Royals,Rajasthan Royals,Mumbai Indians
1527687,6,Delhi,2026/04/08,Indian Premier League,male,T20,2026,field,Delhi Capitals,"""Arun Jaitley Stadium, Delhi""",Gujarat Titans,Gujarat Titans,Delhi Capitals
1527688,6,Kolkata,2026/04/09,Indian Premier League,male,T20,2026,field,Lucknow Super Giants,"""Eden Gardens, Kolkata""",Lucknow Super Giants,Kolkata Knight Riders,Lucknow Super Giants
1527689,6,Guwahati,2026/04/10,Indian Premier League,male,T20,2026,field,Rajasthan Royals,"""Barsapara Cricket Stadium, Guwahati""",Rajasthan Royals,Royal Challengers Bengaluru,Rajasthan Royals
1527690,6,New Chandigarh,2026/04/11,Indian Premier League,male,T20,2026,field,Punjab Kings,"""Maharaja Yadavindra Singh International Cricket Stadium, New Chandigarh""",Punjab Kings,Sunrisers Hyderabad,Punjab Kings
1527691,6,Chennai,2026/04/11,Indian Premier League,male,T20,2026,field,Delhi Capitals,"""MA Chidambaram Stadium, Chepauk, Chennai""",Chennai Super Kings,Chennai Super Kings,Delhi Capitals
1527692,6,Lucknow,2026/04/12,Indian Premier League,male,T20,2026,field,Gujarat Titans,"""Bharat Ratna Shri Atal Bihari Vajpayee Ekana Cricket Stadium, Lucknow""",Gujarat Titans,Lucknow Super Giants,Gujarat Titans
1527693,6,Mumbai,2026/04/12,Indian Premier League,male,T20,2026,field,Mumbai Indians,"""Wankhede Stadium, Mumbai""",Royal Challengers Bengaluru,Royal Challengers Bengaluru,Mumbai Indians
1529264,6,Hyderabad,2026/04/13,Indian Premier League,male,T20,2026,field,Rajasthan Royals,"""Rajiv Gandhi International Stadium, Uppal, Hyderabad""",Sunrisers Hyderabad,Sunrisers Hyderabad,Rajasthan Royals
1529265,6,Chennai,2026/04/14,Indian Premier League,male,T20,2026,field,Kolkata Knight Riders,"""MA Chidambaram Stadium, Chepauk, Chennai""",Chennai Super Kings,Chennai Super Kings,Kolkata Knight Riders
1529266,6,Bengaluru,2026/04/15,Indian Premier League,male,T20,2026,field,Royal Challengers Bengaluru,"""M Chinnaswamy Stadium, Bengaluru""",Royal Challengers Bengaluru,Lucknow Super Giants,Royal Challengers Bengaluru
1529267,6,Mumbai,2026/04/16,Indian Premier League,male,T20,2026,field,Punjab Kings,"""Wankhede Stadium, Mumbai""",Punjab Kings,Mumbai Indians,Punjab Kings
1529268,6,Ahmedabad,2026/04/17,Indian Premier League,male,T20,2026,bat,Kolkata Knight Riders,"""Narendra Modi Stadium, Ahmedabad""",Gujarat Titans,Kolkata Knight Riders,Gujarat Titans
1529269,6,Bengaluru,2026/04/18,Indian Premier League,male,T20,2026,field,Delhi Capitals,"""M Chinnaswamy Stadium, Bengaluru""",Delhi Capitals,Royal Challengers Bengaluru,Delhi Capitals
1529270,6,Hyderabad,2026/04/18,Indian Premier League,male,T20,2026,field,Chennai Super Kings,"""Rajiv Gandhi International Stadium, Uppal, Hyderabad""",Sunrisers Hyderabad,Sunrisers Hyderabad,Chennai Super Kings
1529271,6,Kolkata,2026/04/19,Indian Premier League,male,T20,2026,bat,Rajasthan Royals,"""Eden Gardens, Kolkata""",Kolkata Knight Riders,Rajasthan Royals,Kolkata Knight Riders
1529272,6,New Chandigarh,2026/04/19,Indian Premier League,male,T20,2026,field,Lucknow Super Giants,"""Maharaja Yadavindra Singh International Cricket Stadium, New Chandigarh""",Punjab Kings,Punjab Kings,Lucknow Super Giants
1529273,6,Ahmedabad,2026/04/20,Indian Premier League,male,T20,2026,field,Gujarat Titans,"""Narendra Modi Stadium, Ahmedabad""",Mumbai Indians,Mumbai Indians,Gujarat Titans
1529274,6,Hyderabad,2026/04/21,Indian Premier League,male,T20,2026,field,Delhi Capitals,"""Rajiv Gandhi International Stadium, Uppal, Hyderabad""",Sunrisers Hyderabad,Sunrisers Hyderabad,Delhi Capitals
1529275,6,Lucknow,2026/04/22,Indian Premier League,male,T20,2026,field,Lucknow Super Giants,"""Bharat Ratna Shri Atal Bihari Vajpayee Ekana Cricket Stadium, Lucknow""",Rajasthan Royals,Rajasthan Royals,Lucknow Super Giants
1529276,6,Mumbai,2026/04/23,Indian Premier League,male,T20,2026,field,Mumbai Indians,"""Wankhede Stadium, Mumbai""",Chennai Super Kings,Chennai Super Kings,Mumbai Indians
1529277,6,Bengaluru,2026/04/24,Indian Premier League,male,T20,2026,field,Royal Challengers Bengaluru,"""M Chinnaswamy Stadium, Bengaluru""",Royal Challengers Bengaluru,Gujarat Titans,Royal Challengers Bengaluru
1529278,6,Delhi,2026/04/25,Indian Premier League,male,T20,2026,bat,Delhi Capitals,"""Arun Jaitley Stadium, Delhi""",Punjab Kings,Delhi Capitals,Punjab Kings
1529279,6,Jaipur,2026/04/25,Indian Premier League,male,T20,2026,field,Sunrisers Hyderabad,"""Sawai Mansingh Stadium, Jaipur""",Sunrisers Hyderabad,Rajasthan Royals,Sunrisers Hyderabad
1529280,6,Chennai,2026/04/26,Indian Premier League,male,T20,2026,field,Gujarat Titans,"""MA Chidambaram Stadium, Chepauk, Chennai""",Gujarat Titans,Chennai Super Kings,Gujarat Titans
1529281,6,Lucknow,2026/04/26,Indian Premier League,male,T20,2026,field,Lucknow Super Giants,"""Bharat Ratna Shri Atal Bihari Vajpayee Ekana Cricket Stadium, Lucknow""",,Kolkata Knight Riders,Lucknow Super Giants
1529282,6,Delhi,2026/04/27,Indian Premier League,male,T20,2026,field,Royal Challengers Bengaluru,"""Arun Jaitley Stadium, Delhi""",Royal Challengers Bengaluru,Delhi Capitals,Royal Challengers Bengaluru
1529283,6,New Chandigarh,2026/04/28,Indian Premier League,male,T20,2026,field,Rajasthan Royals,"""Maharaja Yadavindra Singh International Cricket Stadium, New Chandigarh""",Rajasthan Royals,Punjab Kings,Rajasthan Royals
1529284,6,Mumbai,2026/04/29,Indian Premier League,male,T20,2026,bat,Mumbai Indians,"""Wankhede Stadium, Mumbai""",Sunrisers Hyderabad,Mumbai Indians,Sunrisers Hyderabad
1529285,6,Ahmedabad,2026/04/30,Indian Premier League,male,T20,2026,field,Gujarat Titans,"""Narendra Modi Stadium, Ahmedabad""",Gujarat Titans,Royal Challengers Bengaluru,Gujarat Titans
1529286,6,Jaipur,2026/05/01,Indian Premier League,male,T20,2026,bat,Rajasthan Royals,"""Sawai Mansingh Stadium, Jaipur""",Delhi Capitals,Rajasthan Royals,Delhi Capitals
1529287,6,Chennai,2026/05/02,Indian Premier League,male,T20,2026,bat,Mumbai Indians,"""MA Chidambaram Stadium, Chepauk, Chennai""",Chennai Super Kings,Mumbai Indians,Chennai Super Kings
1529288,6,Hyderabad,2026/05/03,Indian Premier League,male,T20,2026,bat,Sunrisers Hyderabad,"""Rajiv Gandhi International Stadium, Uppal, Hyderabad""",Kolkata Knight Riders,Sunrisers Hyderabad,Kolkata Knight Riders
1529289,6,Ahmedabad,2026/05/03,Indian Premier League,male,T20,2026,field,Gujarat Titans,"""Narendra Modi Stadium, Ahmedabad""",Gujarat Titans,Punjab Kings,Gujarat Titans
1529290,6,Mumbai,2026/05/04,Indian Premier League,male,T20,2026,field,Mumbai Indians,"""Wankhede Stadium, Mumbai""",Mumbai Indians,Lucknow Super Giants,Mumbai Indians
1529291,6,Delhi,2026/05/05,Indian Premier League,male,T20,2026,bat,Delhi Capitals,"""Arun Jaitley Stadium, Delhi""",Chennai Super Kings,Delhi Capitals,Chennai Super Kings
1529292,6,Hyderabad,2026/05/06,Indian Premier League,male,T20,2026,field,Punjab Kings,"""Rajiv Gandhi International Stadium, Uppal, Hyderabad""",Sunrisers Hyderabad,Sunrisers Hyderabad,Punjab Kings
1529293,6,Lucknow,2026/05/07,Indian Premier League,male,T20,2026,field,Royal Challengers Bengaluru,"""Bharat Ratna Shri Atal Bihari Vajpayee Ekana Cricket Stadium, Lucknow""",Lucknow Super Giants,Lucknow Super Giants,Royal Challengers Bengaluru
1529294,6,Delhi,2026/05/08,Indian Premier League,male,T20,2026,field,Kolkata Knight Riders,"""Arun Jaitley Stadium, Delhi""",Kolkata Knight Riders,Delhi Capitals,Kolkata Knight Riders
1529295,6,Jaipur,2026/05/09,Indian Premier League,male,T20,2026,field,Rajasthan Royals,"""Sawai Mansingh Stadium, Jaipur""",Gujarat Titans,Gujarat Titans,Rajasthan Royals
1529296,6,Chennai,2026/05/10,Indian Premier League,male,T20,2026,field,Chennai Super Kings,"""MA Chidambaram Stadium, Chepauk, Chennai""",Chennai Super Kings,Lucknow Super Giants,Chennai Super Kings
1529297,6,Raipur,2026/05/10,Indian Premier League,male,T20,2026,field,Royal Challengers Bengaluru,"""Shaheed Veer Narayan Singh International Stadium, Raipur""",Royal Challengers Bengaluru,Mumbai Indians,Royal Challengers Bengaluru
1529298,6,Dharamsala,2026/05/11,Indian Premier League,male,T20,2026,field,Delhi Capitals,"""Himachal Pradesh Cricket Association Stadium, Dharamsala""",Delhi Capitals,Punjab Kings,Delhi Capitals
1529299,6,Ahmedabad,2026/05/12,Indian Premier League,male,T20,2026,field,Sunrisers Hyderabad,"""Narendra Modi Stadium, Ahmedabad""",Gujarat Titans,Gujarat Titans,Sunrisers Hyderabad
1529300,6,Raipur,2026/05/13,Indian Premier League,male,T20,2026,field,Royal Challengers Bengaluru,"""Shaheed Veer Narayan Singh International Stadium, Raipur""",Royal Challengers Bengaluru,Kolkata Knight Riders,Royal Challengers Bengaluru
1529301,6,Dharamsala,2026/05/14,Indian Premier League,male,T20,2026,field,Mumbai Indians,"""Himachal Pradesh Cricket Association Stadium, Dharamsala""",Mumbai Indians,Punjab Kings,Mumbai Indians
1529302,6,Lucknow,2026/05/15,Indian Premier League,male,T20,2026,field,Lucknow Super Giants,"""Bharat Ratna Shri Atal Bihari Vajpayee Ekana Cricket Stadium, Lucknow""",Lucknow Super Giants,Chennai Super Kings,Lucknow Super Giants
1529303,6,Kolkata,2026/05/16,Indian Premier League,male,T20,2026,field,Gujarat Titans,"""Eden Gardens, Kolkata""",Kolkata Knight Riders,Kolkata Knight Riders,Gujarat Titans
1529304,6,Dharamsala,2026/05/17,Indian Premier League,male,T20,2026,field,Punjab Kings,"""Himachal Pradesh Cricket Association Stadium, Dharamsala""",Royal Challengers Bengaluru,Royal Challengers Bengaluru,Punjab Kings
1529305,6,Delhi,2026/05/17,Indian Premier League,male,T20,2026,field,Delhi Capitals,"""Arun Jaitley Stadium, Delhi""",Delhi Capitals,Rajasthan Royals,Delhi Capitals
1529306,6,Chennai,2026/05/18,Indian Premier League,male,T20,2026,bat,Chennai Super Kings,"""MA Chidambaram Stadium, Chepauk, Chennai""",Sunrisers Hyderabad,Chennai Super Kings,Sunrisers Hyderabad
1529307,6,Jaipur,2026/05/19,Indian Premier League,male,T20,2026,field,Rajasthan Royals,"""Sawai Mansingh Stadium, Jaipur""",Rajasthan Royals,Lucknow Super Giants,Rajasthan Royals
1529308,6,Kolkata,2026/05/20,Indian Premier League,male,T20,2026,field,Kolkata Knight Riders,"""Eden Gardens, Kolkata""",Kolkata Knight Riders,Mumbai Indians,Kolkata Knight Riders
1529309,6,Ahmedabad,2026/05/21,Indian Premier League,male,T20,2026,field,Chennai Super Kings,"""Narendra Modi Stadium, Ahmedabad""",Gujarat Titans,Gujarat Titans,Chennai Super Kings
1529310,6,Hyderabad,2026/05/22,Indian Premier League,male,T20,2026,bat,Sunrisers Hyderabad,"""Rajiv Gandhi International Stadium, Uppal, Hyderabad""",Sunrisers Hyderabad,Sunrisers Hyderabad,Royal Challengers Bengaluru
1529311,6,Lucknow,2026/05/23,Indian Premier League,male,T20,2026,field,Punjab Kings,"""Bharat Ratna Shri Atal Bihari Vajpayee Ekana Cricket Stadium, Lucknow""",Punjab Kings,Lucknow Super Giants,Punjab Kings
1529312,6,Mumbai,2026/05/24,Indian Premier League,male,T20,2026,field,Mumbai Indians,"""Wankhede Stadium, Mumbai""",Rajasthan Royals,Rajasthan Royals,Mumbai Indians
1529313,6,Kolkata,2026/05/24,Indian Premier League,male,T20,2026,field,Kolkata Knight Riders,"""Eden Gardens, Kolkata""",Delhi Capitals,Delhi Capitals,Kolkata Knight Riders
1535462,6,Dharamsala,2026/05/26,Indian Premier League,male,T20,2026,field,Gujarat Titans,"""Himachal Pradesh Cricket Association Stadium, Dharamsala""",Royal Challengers Bengaluru,Royal Challengers Bengaluru,Gujarat Titans
1535463,6,New Chandigarh,2026/05/27,Indian Premier League,male,T20,2026,field,Sunrisers Hyderabad,"""Maharaja Yadavindra Singh International Cricket Stadium, New Chandigarh""",Rajasthan Royals,Rajasthan Royals,Sunrisers Hyderabad
1535464,6,New Chandigarh,2026/05/29,Indian Premier League,male,T20,2026,bat,Rajasthan Royals,"""Maharaja Yadavindra Singh International Cricket Stadium, New Chandigarh""",Gujarat Titans,Rajasthan Royals,Gujarat Titans
1535465,6,Ahmedabad,2026/05/31,Indian Premier League,male,T20,2026,field,Royal Challengers Bengaluru,"""Narendra Modi Stadium, Ahmedabad""",Royal Challengers Bengaluru,Gujarat Titans,Royal Challengers Bengaluru
335982,6,Bangalore,2008/04/18,Indian Premier League,male,T20,2007/08,field,Royal Challengers Bangalore,M Chinnaswamy Stadium,Kolkata Knight Riders,Royal Challengers Bengaluru,Kolkata Knight Riders
335983,6,Chandigarh,2008/04/19,Indian Premier League,male,T20,2007/08,bat,Chennai Super Kings,"""Punjab Cricket Association Stadium, Mohali""",Chennai Super Kings,Punjab Kings,Chennai Super Kings
335984,6,Delhi,2008/04/19,Indian Premier League,male,T20,2007/08,bat,Rajasthan Royals,Feroz Shah Kotla,Delhi Capitals,Delhi Capitals,Rajasthan Royals
335985,6,Mumbai,2008/04/20,Indian Premier League,male,T20,2007/08,bat,Mumbai Indians,Wankhede Stadium,Royal Challengers Bengaluru,Mumbai Indians,Royal Challengers Bengaluru
335986,6,Kolkata,2008/04/20,Indian Premier League,male,T20,2007/08,bat,Deccan Chargers,Eden Gardens,Kolkata Knight Riders,Kolkata Knight Riders,Deccan Chargers
335987,6,Jaipur,2008/04/21,Indian Premier League,male,T20,2007/08,bat,Kings XI Punjab,Sawai Mansingh Stadium,Rajasthan Royals,Rajasthan Royals,Punjab Kings
335988,6,Hyderabad,2008/04/22,Indian Premier League,male,T20,2007/08,bat,Deccan Chargers,"""Rajiv Gandhi International Stadium, Uppal""",Delhi Capitals,Deccan Chargers,Delhi Capitals
335989,6,Chennai,2008/04/23,Indian Premier League,male,T20,2007/08,field,Mumbai Indians,"""MA Chidambaram Stadium, Chepauk""",Chennai Super Kings,Chennai Super Kings,Mumbai Indians
335990,6,Hyderabad,2008/04/24,Indian Premier League,male,T20,2007/08,field,Rajasthan Royals,"""Rajiv Gandhi International Stadium, Uppal""",Rajasthan Royals,Deccan Chargers,Rajasthan Royals
335991,6,Chandigarh,2008/04/25,Indian Premier League,male,T20,2007/08,field,Mumbai Indians,"""Punjab Cricket Association Stadium, Mohali""",Punjab Kings,Punjab Kings,Mumbai Indians
335992,6,Bangalore,2008/04/26,Indian Premier League,male,T20,2007/08,field,Rajasthan Royals,M Chinnaswamy Stadium,Rajasthan Royals,Royal Challengers Bengaluru,Rajasthan Royals
335993,6,Chennai,2008/04/26,Indian Premier League,male,T20,2007/08,bat,Kolkata Knight Riders,"""MA Chidambaram Stadium, Chepauk""",Chennai Super Kings,Chennai Super Kings,Kolkata Knight Riders
335994,6,Mumbai,2008/04/27,Indian Premier League,male,T20,2007/08,field,Deccan Chargers,Dr DY Patil Sports Academy,Deccan Chargers,Mumbai Indians,Deccan Chargers
335995,6,Chandigarh,2008/04/27,Indian Premier League,male,T20,2007/08,bat,Delhi Daredevils,"""Punjab Cricket Association Stadium, Mohali""",Punjab Kings,Punjab Kings,Delhi Capitals
335996,6,Bangalore,2008/04/28,Indian Premier League,male,T20,2007/08,bat,Chennai Super Kings,M Chinnaswamy Stadium,Chennai Super Kings,Royal Challengers Bengaluru,Chennai Super Kings
335997,6,Kolkata,2008/04/29,Indian Premier League,male,T20,2007/08,bat,Kolkata Knight Riders,Eden Gardens,Mumbai Indians,Kolkata Knight Riders,Mumbai Indians
335998,6,Delhi,2008/04/30,Indian Premier League,male,T20,2007/08,field,Royal Challengers Bangalore,Feroz Shah Kotla,Delhi Capitals,Delhi Capitals,Royal Challengers Bengaluru
335999,6,Hyderabad,2008/05/01,Indian Premier League,male,T20,2007/08,field,Kings XI Punjab,"""Rajiv Gandhi International Stadium, Uppal""",Punjab Kings,Deccan Chargers,Punjab Kings
336000,6,Jaipur,2008/05/01,Indian Premier League,male,T20,2007/08,bat,Rajasthan Royals,Sawai Mansingh Stadium,Rajasthan Royals,Rajasthan Royals,Kolkata Knight Riders
336001,6,Chennai,2008/05/02,Indian Premier League,male,T20,2007/08,bat,Chennai Super Kings,"""MA Chidambaram Stadium, Chepauk""",Delhi Capitals,Chennai Super Kings,Delhi Capitals
336002,6,Hyderabad,2008/05/25,Indian Premier League,male,T20,2007/08,bat,Deccan Chargers,"""Rajiv Gandhi International Stadium, Uppal""",Royal Challengers Bengaluru,Deccan Chargers,Royal Challengers Bengaluru
336003,6,Chandigarh,2008/05/03,Indian Premier League,male,T20,2007/08,bat,Kings XI Punjab,"""Punjab Cricket Association Stadium, Mohali""",Punjab Kings,Punjab Kings,Kolkata Knight Riders
336004,6,Mumbai,2008/05/04,Indian Premier League,male,T20,2007/08,field,Delhi Daredevils,Dr DY Patil Sports Academy,Mumbai Indians,Mumbai Indians,Delhi Capitals
336005,6,Jaipur,2008/05/04,Indian Premier League,male,T20,2007/08,bat,Chennai Super Kings,Sawai Mansingh Stadium,Rajasthan Royals,Rajasthan Royals,Chennai Super Kings
336006,6,Bangalore,2008/05/05,Indian Premier League,male,T20,2007/08,field,Kings XI Punjab,M Chinnaswamy Stadium,Punjab Kings,Royal Challengers Bengaluru,Punjab Kings
336007,6,Chennai,2008/05/06,Indian Premier League,male,T20,2007/08,field,Deccan Chargers,"""MA Chidambaram Stadium, Chepauk""",Deccan Chargers,Chennai Super Kings,Deccan Chargers
336008,6,Mumbai,2008/05/07,Indian Premier League,male,T20,2007/08,field,Mumbai Indians,Dr DY Patil Sports Academy,Mumbai Indians,Mumbai Indians,Rajasthan Royals
336009,6,Delhi,2008/05/08,Indian Premier League,male,T20,2007/08,field,Chennai Super Kings,Feroz Shah Kotla,Chennai Super Kings,Delhi Capitals,Chennai Super Kings
336010,6,Kolkata,2008/05/08,Indian Premier League,male,T20,2007/08,bat,Kolkata Knight Riders,Eden Gardens,Kolkata Knight Riders,Kolkata Knight Riders,Royal Challengers Bengaluru
336011,6,Jaipur,2008/05/09,Indian Premier League,male,T20,2007/08,field,Rajasthan Royals,Sawai Mansingh Stadium,Rajasthan Royals,Rajasthan Royals,Deccan Chargers
336012,6,Bangalore,2008/05/28,Indian Premier League,male,T20,2007/08,field,Mumbai Indians,M Chinnaswamy Stadium,Mumbai Indians,Royal Challengers Bengaluru,Mumbai Indians
336013,6,Chennai,2008/05/10,Indian Premier League,male,T20,2007/08,field,Kings XI Punjab,"""MA Chidambaram Stadium, Chepauk""",Chennai Super Kings,Chennai Super Kings,Punjab Kings
336014,6,Hyderabad,2008/05/11,Indian Premier League,male,T20,2007/08,bat,Kolkata Knight Riders,"""Rajiv Gandhi International Stadium, Uppal""",Kolkata Knight Riders,Deccan Chargers,Kolkata Knight Riders
336015,6,Jaipur,2008/05/11,Indian Premier League,male,T20,2007/08,field,Rajasthan Royals,Sawai Mansingh Stadium,Rajasthan Royals,Rajasthan Royals,Delhi Capitals
336016,6,Chandigarh,2008/05/12,Indian Premier League,male,T20,2007/08,bat,Royal Challengers Bangalore,"""Punjab Cricket Association Stadium, Mohali""",Punjab Kings,Punjab Kings,Royal Challengers Bengaluru
336017,6,Kolkata,2008/05/13,Indian Premier League,male,T20,2007/08,bat,Kolkata Knight Riders,Eden Gardens,Kolkata Knight Riders,Kolkata Knight Riders,Delhi Capitals
336018,6,Mumbai,2008/05/14,Indian Premier League,male,T20,2007/08,field,Mumbai Indians,Wankhede Stadium,Mumbai Indians,Mumbai Indians,Chennai Super Kings
336019,6,Chandigarh,2008/05/28,Indian Premier League,male,T20,2007/08,field,Rajasthan Royals,"""Punjab Cricket Association Stadium, Mohali""",Punjab Kings,Punjab Kings,Rajasthan Royals
336020,6,Delhi,2008/05/15,Indian Premier League,male,T20,2007/08,field,Deccan Chargers,Feroz Shah Kotla,Delhi Capitals,Delhi Capitals,Deccan Chargers
336021,6,Mumbai,2008/05/16,Indian Premier League,male,T20,2007/08,field,Mumbai Indians,Wankhede Stadium,Mumbai Indians,Mumbai Indians,Kolkata Knight Riders
336022,6,Delhi,2008/05/17,Indian Premier League,male,T20,2007/08,bat,Delhi Daredevils,Feroz Shah Kotla,Punjab Kings,Delhi Capitals,Punjab Kings
336023,6,Jaipur,2008/05/17,Indian Premier League,male,T20,2007/08,field,Royal Challengers Bangalore,Sawai Mansingh Stadium,Rajasthan Royals,Rajasthan Royals,Royal Challengers Bengaluru
336024,6,Hyderabad,2008/05/18,Indian Premier League,male,T20,2007/08,field,Deccan Chargers,"""Rajiv Gandhi International Stadium, Uppal""",Mumbai Indians,Deccan Chargers,Mumbai Indians
336025,6,Kolkata,2008/05/18,Indian Premier League,male,T20,2007/08,bat,Kolkata Knight Riders,Eden Gardens,Chennai Super Kings,Kolkata Knight Riders,Chennai Super Kings
336026,6,Bangalore,2008/05/19,Indian Premier League,male,T20,2007/08,field,Delhi Daredevils,M Chinnaswamy Stadium,Delhi Capitals,Royal Challengers Bengaluru,Delhi Capitals
336027,6,Kolkata,2008/05/20,Indian Premier League,male,T20,2007/08,field,Rajasthan Royals,Eden Gardens,Rajasthan Royals,Kolkata Knight Riders,Rajasthan Royals
336028,6,Mumbai,2008/05/21,Indian Premier League,male,T20,2007/08,field,Mumbai Indians,Wankhede Stadium,Punjab Kings,Mumbai Indians,Punjab Kings
336029,6,Chennai,2008/05/21,Indian Premier League,male,T20,2007/08,bat,Royal Challengers Bangalore,"""MA Chidambaram Stadium, Chepauk""",Royal Challengers Bengaluru,Chennai Super Kings,Royal Challengers Bengaluru
336031,6,Chandigarh,2008/05/23,Indian Premier League,male,T20,2007/08,field,Kings XI Punjab,"""Punjab Cricket Association Stadium, Mohali""",Punjab Kings,Punjab Kings,Deccan Chargers
336032,6,Delhi,2008/05/24,Indian Premier League,male,T20,2007/08,field,Delhi Daredevils,Feroz Shah Kotla,Delhi Capitals,Delhi Capitals,Mumbai Indians
336033,6,Chennai,2008/05/24,Indian Premier League,male,T20,2007/08,bat,Rajasthan Royals,"""MA Chidambaram Stadium, Chepauk""",Rajasthan Royals,Chennai Super Kings,Rajasthan Royals
336034,6,Bangalore,2008/05/03,Indian Premier League,male,T20,2007/08,field,Deccan Chargers,M Chinnaswamy Stadium,Royal Challengers Bengaluru,Royal Challengers Bengaluru,Deccan Chargers
336035,6,Kolkata,2008/05/25,Indian Premier League,male,T20,2007/08,bat,Kings XI Punjab,Eden Gardens,Kolkata Knight Riders,Kolkata Knight Riders,Punjab Kings
336036,6,Jaipur,2008/05/26,Indian Premier League,male,T20,2007/08,field,Rajasthan Royals,Sawai Mansingh Stadium,Rajasthan Royals,Rajasthan Royals,Mumbai Indians
336037,6,Hyderabad,2008/05/27,Indian Premier League,male,T20,2007/08,bat,Deccan Chargers,"""Rajiv Gandhi International Stadium, Uppal""",Chennai Super Kings,Deccan Chargers,Chennai Super Kings
336038,6,Mumbai,2008/05/30,Indian Premier League,male,T20,2007/08,field,Delhi Daredevils,Wankhede Stadium,Rajasthan Royals,Delhi Capitals,Rajasthan Royals
336039,6,Mumbai,2008/05/31,Indian Premier League,male,T20,2007/08,bat,Kings XI Punjab,Wankhede Stadium,Chennai Super Kings,Chennai Super Kings,Punjab Kings
336040,6,Mumbai,2008/06/01,Indian Premier League,male,T20,2007/08,field,Rajasthan Royals,Dr DY Patil Sports Academy,Rajasthan Royals,Chennai Super Kings,Rajasthan Royals
392181,6,Cape Town,2009/04/18,Indian Premier League,male,T20,2009,field,Chennai Super Kings,Newlands,Mumbai Indians,Chennai Super Kings,Mumbai Indians
392182,6,Cape Town,2009/04/18,Indian Premier League,male,T20,2009,bat,Royal Challengers Bangalore,Newlands,Royal Challengers Bengaluru,Royal Challengers Bengaluru,Rajasthan Royals
392183,6,Cape Town,2009/04/19,Indian Premier League,male,T20,2009,field,Delhi Daredevils,Newlands,Delhi Capitals,Delhi Capitals,Punjab Kings
392184,6,Cape Town,2009/04/19,Indian Premier League,male,T20,2009,bat,Kolkata Knight Riders,Newlands,Deccan Chargers,Deccan Chargers,Kolkata Knight Riders
392185,6,Port Elizabeth,2009/04/20,Indian Premier League,male,T20,2009,bat,Chennai Super Kings,St George's Park,Chennai Super Kings,Royal Challengers Bengaluru,Chennai Super Kings
392186,6,Durban,2009/04/21,Indian Premier League,male,T20,2009,field,Kolkata Knight Riders,Kingsmead,Kolkata Knight Riders,Punjab Kings,Kolkata Knight Riders
392188,6,Cape Town,2009/04/22,Indian Premier League,male,T20,2009,bat,Deccan Chargers,Newlands,Deccan Chargers,Royal Challengers Bengaluru,Deccan Chargers
392189,6,Durban,2009/04/23,Indian Premier League,male,T20,2009,bat,Delhi Daredevils,Kingsmead,Delhi Capitals,Chennai Super Kings,Delhi Capitals
392190,6,Cape Town,2009/04/23,Indian Premier League,male,T20,2009,field,Kolkata Knight Riders,Newlands,,Kolkata Knight Riders,Rajasthan Royals
392191,6,Durban,2009/04/24,Indian Premier League,male,T20,2009,bat,Royal Challengers Bangalore,Kingsmead,Punjab Kings,Royal Challengers Bengaluru,Punjab Kings
392192,6,Durban,2009/04/25,Indian Premier League,male,T20,2009,bat,Deccan Chargers,Kingsmead,Deccan Chargers,Deccan Chargers,Mumbai Indians
392194,6,Port Elizabeth,2009/04/26,Indian Premier League,male,T20,2009,bat,Royal Challengers Bangalore,St George's Park,Delhi Capitals,Royal Challengers Bengaluru,Delhi Capitals
392195,6,Cape Town,2009/04/26,Indian Premier League,male,T20,2009,bat,Kings XI Punjab,Newlands,Punjab Kings,Punjab Kings,Rajasthan Royals
392196,6,Durban,2009/04/27,Indian Premier League,male,T20,2009,field,Deccan Chargers,Kingsmead,Deccan Chargers,Chennai Super Kings,Deccan Chargers
392197,6,Port Elizabeth,2009/04/27,Indian Premier League,male,T20,2009,bat,Mumbai Indians,St George's Park,Mumbai Indians,Kolkata Knight Riders,Mumbai Indians
392198,6,Centurion,2009/04/28,Indian Premier League,male,T20,2009,bat,Delhi Daredevils,SuperSport Park,Rajasthan Royals,Delhi Capitals,Rajasthan Royals
392199,6,Durban,2009/04/29,Indian Premier League,male,T20,2009,bat,Kolkata Knight Riders,Kingsmead,Royal Challengers Bengaluru,Royal Challengers Bengaluru,Kolkata Knight Riders
392200,6,Durban,2009/04/29,Indian Premier League,male,T20,2009,bat,Kings XI Punjab,Kingsmead,Punjab Kings,Punjab Kings,Mumbai Indians
392201,6,Centurion,2009/04/30,Indian Premier League,male,T20,2009,field,Delhi Daredevils,SuperSport Park,Delhi Capitals,Deccan Chargers,Delhi Capitals
392202,6,Centurion,2009/04/30,Indian Premier League,male,T20,2009,field,Rajasthan Royals,SuperSport Park,Chennai Super Kings,Chennai Super Kings,Rajasthan Royals
392203,6,East London,2009/05/01,Indian Premier League,male,T20,2009,bat,Mumbai Indians,Buffalo Park,Mumbai Indians,Kolkata Knight Riders,Mumbai Indians
392204,6,Durban,2009/05/01,Indian Premier League,male,T20,2009,bat,Royal Challengers Bangalore,Kingsmead,Royal Challengers Bengaluru,Royal Challengers Bengaluru,Punjab Kings
392205,6,Port Elizabeth,2009/05/02,Indian Premier League,male,T20,2009,bat,Deccan Chargers,St George's Park,Rajasthan Royals,Deccan Chargers,Rajasthan Royals
392206,6,Johannesburg,2009/05/02,Indian Premier League,male,T20,2009,field,Delhi Daredevils,New Wanderers Stadium,Chennai Super Kings,Chennai Super Kings,Delhi Capitals
392207,6,Port Elizabeth,2009/05/03,Indian Premier League,male,T20,2009,bat,Kolkata Knight Riders,St George's Park,Punjab Kings,Punjab Kings,Kolkata Knight Riders
392208,6,Johannesburg,2009/05/03,Indian Premier League,male,T20,2009,bat,Mumbai Indians,New Wanderers Stadium,Royal Challengers Bengaluru,Royal Challengers Bengaluru,Mumbai Indians
392209,6,East London,2009/05/04,Indian Premier League,male,T20,2009,bat,Chennai Super Kings,Buffalo Park,Chennai Super Kings,Chennai Super Kings,Deccan Chargers
392210,6,Durban,2009/05/05,Indian Premier League,male,T20,2009,field,Kings XI Punjab,Kingsmead,Rajasthan Royals,Punjab Kings,Rajasthan Royals
392211,6,Durban,2009/05/05,Indian Premier League,male,T20,2009,bat,Kolkata Knight Riders,Kingsmead,Delhi Capitals,Delhi Capitals,Kolkata Knight Riders
392212,6,Centurion,2009/05/06,Indian Premier League,male,T20,2009,bat,Deccan Chargers,SuperSport Park,Deccan Chargers,Deccan Chargers,Mumbai Indians
392213,6,Centurion,2009/05/07,Indian Premier League,male,T20,2009,field,Rajasthan Royals,SuperSport Park,Rajasthan Royals,Royal Challengers Bengaluru,Rajasthan Royals
392214,6,Centurion,2009/05/07,Indian Premier League,male,T20,2009,bat,Chennai Super Kings,SuperSport Park,Chennai Super Kings,Chennai Super Kings,Punjab Kings
392215,6,East London,2009/05/08,Indian Premier League,male,T20,2009,bat,Mumbai Indians,Buffalo Park,Delhi Capitals,Delhi Capitals,Mumbai Indians
392216,6,Kimberley,2009/05/09,Indian Premier League,male,T20,2009,field,Kings XI Punjab,De Beers Diamond Oval,Punjab Kings,Deccan Chargers,Punjab Kings
392217,6,Kimberley,2009/05/09,Indian Premier League,male,T20,2009,bat,Rajasthan Royals,De Beers Diamond Oval,Chennai Super Kings,Chennai Super Kings,Rajasthan Royals
392218,6,Port Elizabeth,2009/05/10,Indian Premier League,male,T20,2009,bat,Mumbai Indians,St George's Park,Mumbai Indians,Royal Challengers Bengaluru,Mumbai Indians
392219,6,Johannesburg,2009/05/10,Indian Premier League,male,T20,2009,field,Delhi Daredevils,New Wanderers Stadium,Delhi Capitals,Delhi Capitals,Kolkata Knight Riders
392220,6,Kimberley,2009/05/11,Indian Premier League,male,T20,2009,bat,Deccan Chargers,De Beers Diamond Oval,Deccan Chargers,Deccan Chargers,Rajasthan Royals
392221,6,Centurion,2009/05/12,Indian Premier League,male,T20,2009,field,Royal Challengers Bangalore,SuperSport Park,Royal Challengers Bengaluru,Royal Challengers Bengaluru,Kolkata Knight Riders
392222,6,Centurion,2009/05/12,Indian Premier League,male,T20,2009,bat,Kings XI Punjab,SuperSport Park,Mumbai Indians,Punjab Kings,Mumbai Indians
392223,6,Durban,2009/05/13,Indian Premier League,male,T20,2009,field,Deccan Chargers,Kingsmead,Delhi Capitals,Deccan Chargers,Delhi Capitals
392224,6,Durban,2009/05/14,Indian Premier League,male,T20,2009,bat,Chennai Super Kings,Kingsmead,Royal Challengers Bengaluru,Royal Challengers Bengaluru,Chennai Super Kings
392225,6,Durban,2009/05/14,Indian Premier League,male,T20,2009,bat,Rajasthan Royals,Kingsmead,Rajasthan Royals,Mumbai Indians,Rajasthan Royals
392226,6,Bloemfontein,2009/05/15,Indian Premier League,male,T20,2009,field,Kings XI Punjab,OUTsurance Oval,Punjab Kings,Delhi Capitals,Punjab Kings
392227,6,Port Elizabeth,2009/05/16,Indian Premier League,male,T20,2009,bat,Mumbai Indians,St George's Park,Chennai Super Kings,Chennai Super Kings,Mumbai Indians
392228,6,Johannesburg,2009/05/16,Indian Premier League,male,T20,2009,field,Deccan Chargers,New Wanderers Stadium,Deccan Chargers,Deccan Chargers,Kolkata Knight Riders
392229,6,Johannesburg,2009/05/17,Indian Premier League,male,T20,2009,field,Deccan Chargers,New Wanderers Stadium,Punjab Kings,Deccan Chargers,Punjab Kings
392230,6,Bloemfontein,2009/05/17,Indian Premier League,male,T20,2009,bat,Delhi Daredevils,OUTsurance Oval,Delhi Capitals,Delhi Capitals,Rajasthan Royals
392231,6,Centurion,2009/05/18,Indian Premier League,male,T20,2009,bat,Chennai Super Kings,SuperSport Park,Kolkata Knight Riders,Chennai Super Kings,Kolkata Knight Riders
392232,6,Johannesburg,2009/05/19,Indian Premier League,male,T20,2009,bat,Delhi Daredevils,New Wanderers Stadium,Royal Challengers Bengaluru,Royal Challengers Bengaluru,Delhi Capitals
392233,6,Durban,2009/05/20,Indian Premier League,male,T20,2009,field,Kolkata Knight Riders,Kingsmead,Kolkata Knight Riders,Kolkata Knight Riders,Rajasthan Royals
392234,6,Durban,2009/05/20,Indian Premier League,male,T20,2009,bat,Chennai Super Kings,Kingsmead,Chennai Super Kings,Chennai Super Kings,Punjab Kings
392235,6,Centurion,2009/05/21,Indian Premier League,male,T20,2009,field,Delhi Daredevils,SuperSport Park,Delhi Capitals,Delhi Capitals,Mumbai Indians
392236,6,Centurion,2009/05/21,Indian Premier League,male,T20,2009,bat,Royal Challengers Bangalore,SuperSport Park,Royal Challengers Bengaluru,Royal Challengers Bengaluru,Deccan Chargers
392237,6,Centurion,2009/05/22,Indian Premier League,male,T20,2009,field,Deccan Chargers,SuperSport Park,Deccan Chargers,Delhi Capitals,Deccan Chargers
392238,6,Johannesburg,2009/05/23,Indian Premier League,male,T20,2009,field,Royal Challengers Bangalore,New Wanderers Stadium,Royal Challengers Bengaluru,Royal Challengers Bengaluru,Chennai Super Kings
392239,6,Johannesburg,2009/05/24,Indian Premier League,male,T20,2009,field,Royal Challengers Bangalore,New Wanderers Stadium,Deccan Chargers,Royal Challengers Bengaluru,Deccan Chargers
419106,6,Mumbai,2010/03/12,Indian Premier League,male,T20,2009/10,field,Deccan Chargers,Dr DY Patil Sports Academy,Kolkata Knight Riders,Deccan Chargers,Kolkata Knight Riders
419107,6,Mumbai,2010/03/13,Indian Premier League,male,T20,2009/10,bat,Mumbai Indians,Brabourne Stadium,Mumbai Indians,Mumbai Indians,Rajasthan Royals
419108,6,Chandigarh,2010/03/13,Indian Premier League,male,T20,2009/10,field,Delhi Daredevils,"""Punjab Cricket Association Stadium, Mohali""",Delhi Capitals,Punjab Kings,Delhi Capitals
419109,6,Kolkata,2010/03/14,Indian Premier League,male,T20,2009/10,field,Kolkata Knight Riders,Eden Gardens,Kolkata Knight Riders,Kolkata Knight Riders,Royal Challengers Bengaluru
419110,6,Chennai,2010/03/14,Indian Premier League,male,T20,2009/10,bat,Deccan Chargers,"""MA Chidambaram Stadium, Chepauk""",Deccan Chargers,Chennai Super Kings,Deccan Chargers
419111,6,Ahmedabad,2010/03/15,Indian Premier League,male,T20,2009/10,field,Delhi Daredevils,"""Sardar Patel Stadium, Motera""",Delhi Capitals,Rajasthan Royals,Delhi Capitals
419112,6,Bangalore,2010/03/16,Indian Premier League,male,T20,2009/10,bat,Kings XI Punjab,M Chinnaswamy Stadium,Royal Challengers Bengaluru,Royal Challengers Bengaluru,Punjab Kings
419113,6,Kolkata,2010/03/16,Indian Premier League,male,T20,2009/10,bat,Chennai Super Kings,Eden Gardens,Chennai Super Kings,Kolkata Knight Riders,Chennai Super Kings
419114,6,Delhi,2010/03/17,Indian Premier League,male,T20,2009/10,field,Delhi Daredevils,Feroz Shah Kotla,Mumbai Indians,Delhi Capitals,Mumbai Indians
419115,6,Bangalore,2010/03/18,Indian Premier League,male,T20,2009/10,field,Royal Challengers Bangalore,M Chinnaswamy Stadium,Royal Challengers Bengaluru,Royal Challengers Bengaluru,Rajasthan Royals
419116,6,Delhi,2010/03/19,Indian Premier League,male,T20,2009/10,bat,Delhi Daredevils,Feroz Shah Kotla,Chennai Super Kings,Delhi Capitals,Chennai Super Kings
419117,6,Cuttack,2010/03/19,Indian Premier League,male,T20,2009/10,field,Kings XI Punjab,Barabati Stadium,Deccan Chargers,Deccan Chargers,Punjab Kings
419118,6,Ahmedabad,2010/03/20,Indian Premier League,male,T20,2009/10,bat,Rajasthan Royals,"""Sardar Patel Stadium, Motera""",Rajasthan Royals,Rajasthan Royals,Kolkata Knight Riders
419119,6,Mumbai,2010/03/20,Indian Premier League,male,T20,2009/10,bat,Mumbai Indians,Brabourne Stadium,Royal Challengers Bengaluru,Mumbai Indians,Royal Challengers Bengaluru
419120,6,Cuttack,2010/03/21,Indian Premier League,male,T20,2009/10,bat,Deccan Chargers,Barabati Stadium,Deccan Chargers,Deccan Chargers,Delhi Capitals
419121,6,Chennai,2010/03/21,Indian Premier League,male,T20,2009/10,field,Chennai Super Kings,"""MA Chidambaram Stadium, Chepauk""",,Chennai Super Kings,Punjab Kings
419122,6,Mumbai,2010/03/22,Indian Premier League,male,T20,2009/10,bat,Kolkata Knight Riders,Brabourne Stadium,Mumbai Indians,Mumbai Indians,Kolkata Knight Riders
419123,6,Bangalore,2010/03/23,Indian Premier League,male,T20,2009/10,field,Chennai Super Kings,M Chinnaswamy Stadium,Royal Challengers Bengaluru,Royal Challengers Bengaluru,Chennai Super Kings
419124,6,Chandigarh,2010/03/24,Indian Premier League,male,T20,2009/10,field,Kings XI Punjab,"""Punjab Cricket Association Stadium, Mohali""",Rajasthan Royals,Punjab Kings,Rajasthan Royals
419125,6,Mumbai,2010/03/25,Indian Premier League,male,T20,2009/10,field,Mumbai Indians,"""Brabourne Stadium, Mumbai""",Mumbai Indians,Chennai Super Kings,Mumbai Indians
419126,6,Ahmedabad,2010/03/26,Indian Premier League,male,T20,2009/10,bat,Deccan Chargers,"""Sardar Patel Stadium, Motera""",Rajasthan Royals,Rajasthan Royals,Deccan Chargers
419127,6,Chandigarh,2010/03/27,Indian Premier League,male,T20,2009/10,bat,Kolkata Knight Riders,"""Punjab Cricket Association Stadium, Mohali""",Kolkata Knight Riders,Punjab Kings,Kolkata Knight Riders
419128,6,Bangalore,2010/03/25,Indian Premier League,male,T20,2009/10,field,Royal Challengers Bangalore,M Chinnaswamy Stadium,Delhi Capitals,Royal Challengers Bengaluru,Delhi Capitals
419129,6,Ahmedabad,2010/03/28,Indian Premier League,male,T20,2009/10,bat,Rajasthan Royals,"""Sardar Patel Stadium, Motera""",Rajasthan Royals,Rajasthan Royals,Chennai Super Kings
419130,6,Mumbai,2010/03/28,Indian Premier League,male,T20,2009/10,field,Deccan Chargers,Dr DY Patil Sports Academy,Mumbai Indians,Deccan Chargers,Mumbai Indians
419131,6,Delhi,2010/03/29,Indian Premier League,male,T20,2009/10,bat,Delhi Daredevils,Feroz Shah Kotla,Delhi Capitals,Delhi Capitals,Kolkata Knight Riders
419132,6,Mumbai,2010/03/30,Indian Premier League,male,T20,2009/10,field,Mumbai Indians,Brabourne Stadium,Mumbai Indians,Mumbai Indians,Punjab Kings
419133,6,Chennai,2010/03/31,Indian Premier League,male,T20,2009/10,bat,Royal Challengers Bangalore,"""MA Chidambaram Stadium, Chepauk""",Chennai Super Kings,Chennai Super Kings,Royal Challengers Bengaluru
419134,6,Delhi,2010/03/31,Indian Premier League,male,T20,2009/10,bat,Delhi Daredevils,Feroz Shah Kotla,Delhi Capitals,Delhi Capitals,Rajasthan Royals
419135,6,Kolkata,2010/04/01,Indian Premier League,male,T20,2009/10,bat,Kolkata Knight Riders,Eden Gardens,Kolkata Knight Riders,Kolkata Knight Riders,Deccan Chargers
419136,6,Chandigarh,2010/04/02,Indian Premier League,male,T20,2009/10,bat,Kings XI Punjab,"""Punjab Cricket Association Stadium, Mohali""",Royal Challengers Bengaluru,Punjab Kings,Royal Challengers Bengaluru
419137,6,Chennai,2010/04/03,Indian Premier League,male,T20,2009/10,bat,Chennai Super Kings,"""MA Chidambaram Stadium, Chepauk""",Chennai Super Kings,Chennai Super Kings,Rajasthan Royals
419138,6,Mumbai,2010/04/03,Indian Premier League,male,T20,2009/10,bat,Mumbai Indians,Brabourne Stadium,Mumbai Indians,Mumbai Indians,Deccan Chargers
419139,6,Kolkata,2010/04/04,Indian Premier League,male,T20,2009/10,bat,Kolkata Knight Riders,Eden Gardens,Punjab Kings,Kolkata Knight Riders,Punjab Kings
419140,6,Delhi,2010/04/04,Indian Premier League,male,T20,2009/10,bat,Delhi Daredevils,Feroz Shah Kotla,Delhi Capitals,Delhi Capitals,Royal Challengers Bengaluru
419141,6,Nagpur,2010/04/05,Indian Premier League,male,T20,2009/10,bat,Rajasthan Royals,"""Vidarbha Cricket Association Stadium, Jamtha""",Rajasthan Royals,Deccan Chargers,Rajasthan Royals
419142,6,Chennai,2010/04/06,Indian Premier League,male,T20,2009/10,bat,Chennai Super Kings,"""MA Chidambaram Stadium, Chepauk""",Chennai Super Kings,Chennai Super Kings,Mumbai Indians
419143,6,Jaipur,2010/04/07,Indian Premier League,male,T20,2009/10,bat,Kings XI Punjab,Sawai Mansingh Stadium,Rajasthan Royals,Rajasthan Royals,Punjab Kings
419144,6,Kolkata,2010/04/07,Indian Premier League,male,T20,2009/10,bat,Kolkata Knight Riders,Eden Gardens,Kolkata Knight Riders,Kolkata Knight Riders,Delhi Capitals
419145,6,Bangalore,2010/04/08,Indian Premier League,male,T20,2009/10,field,Deccan Chargers,M Chinnaswamy Stadium,Deccan Chargers,Royal Challengers Bengaluru,Deccan Chargers
419146,6,Chandigarh,2010/04/09,Indian Premier League,male,T20,2009/10,bat,Mumbai Indians,"""Punjab Cricket Association Stadium, Mohali""",Punjab Kings,Punjab Kings,Mumbai Indians
419147,6,Nagpur,2010/04/10,Indian Premier League,male,T20,2009/10,bat,Chennai Super Kings,"""Vidarbha Cricket Association Stadium, Jamtha""",Deccan Chargers,Deccan Chargers,Chennai Super Kings
419148,6,Bangalore,2010/04/10,Indian Premier League,male,T20,2009/10,field,Royal Challengers Bangalore,M Chinnaswamy Stadium,Royal Challengers Bengaluru,Royal Challengers Bengaluru,Kolkata Knight Riders
419149,6,Delhi,2010/04/11,Indian Premier League,male,T20,2009/10,bat,Delhi Daredevils,Feroz Shah Kotla,Punjab Kings,Delhi Capitals,Punjab Kings
419150,6,Jaipur,2010/04/11,Indian Premier League,male,T20,2009/10,field,Rajasthan Royals,Sawai Mansingh Stadium,Mumbai Indians,Rajasthan Royals,Mumbai Indians
419151,6,Nagpur,2010/04/12,Indian Premier League,male,T20,2009/10,field,Royal Challengers Bangalore,"""Vidarbha Cricket Association Stadium, Jamtha""",Deccan Chargers,Deccan Chargers,Royal Challengers Bengaluru
419152,6,Mumbai,2010/04/13,Indian Premier League,male,T20,2009/10,bat,Mumbai Indians,Brabourne Stadium,Mumbai Indians,Mumbai Indians,Delhi Capitals
419153,6,Chennai,2010/04/13,Indian Premier League,male,T20,2009/10,bat,Kolkata Knight Riders,"""MA Chidambaram Stadium, Chepauk""",Chennai Super Kings,Chennai Super Kings,Kolkata Knight Riders
419154,6,Jaipur,2010/04/14,Indian Premier League,male,T20,2009/10,bat,Rajasthan Royals,Sawai Mansingh Stadium,Royal Challengers Bengaluru,Rajasthan Royals,Royal Challengers Bengaluru
419155,6,Chennai,2010/04/15,Indian Premier League,male,T20,2009/10,bat,Chennai Super Kings,"""MA Chidambaram Stadium, Chepauk""",Delhi Capitals,Chennai Super Kings,Delhi Capitals
419156,6,Dharamsala,2010/04/16,Indian Premier League,male,T20,2009/10,field,Deccan Chargers,Himachal Pradesh Cricket Association Stadium,Deccan Chargers,Punjab Kings,Deccan Chargers
419157,6,Bangalore,2010/04/17,Indian Premier League,male,T20,2009/10,field,Royal Challengers Bangalore,M Chinnaswamy Stadium,Mumbai Indians,Royal Challengers Bengaluru,Mumbai Indians
419158,6,Kolkata,2010/04/17,Indian Premier League,male,T20,2009/10,bat,Rajasthan Royals,Eden Gardens,Kolkata Knight Riders,Kolkata Knight Riders,Rajasthan Royals
419159,6,Dharamsala,2010/04/18,Indian Premier League,male,T20,2009/10,field,Chennai Super Kings,Himachal Pradesh Cricket Association Stadium,Chennai Super Kings,Punjab Kings,Chennai Super Kings
419160,6,Delhi,2010/04/18,Indian Premier League,male,T20,2009/10,bat,Deccan Chargers,Feroz Shah Kotla,Deccan Chargers,Delhi Capitals,Deccan Chargers
419161,6,Kolkata,2010/04/19,Indian Premier League,male,T20,2009/10,bat,Mumbai Indians,Eden Gardens,Kolkata Knight Riders,Kolkata Knight Riders,Mumbai Indians
419162,6,Mumbai,2010/04/21,Indian Premier League,male,T20,2009/10,bat,Mumbai Indians,Dr DY Patil Sports Academy,Mumbai Indians,Royal Challengers Bengaluru,Mumbai Indians
419163,6,Mumbai,2010/04/22,Indian Premier League,male,T20,2009/10,bat,Chennai Super Kings,Dr DY Patil Sports Academy,Chennai Super Kings,Chennai Super Kings,Deccan Chargers
419164,6,Mumbai,2010/04/24,Indian Premier League,male,T20,2009/10,bat,Deccan Chargers,Dr DY Patil Sports Academy,Royal Challengers Bengaluru,Royal Challengers Bengaluru,Deccan Chargers
419165,6,Mumbai,2010/04/25,Indian Premier League,male,T20,2009/10,bat,Chennai Super Kings,Dr DY Patil Sports Academy,Chennai Super Kings,Chennai Super Kings,Mumbai Indians
501198,6,Chennai,2011/04/08,Indian Premier League,male,T20,2011,bat,Chennai Super Kings,"""MA Chidambaram Stadium, Chepauk""",Chennai Super Kings,Chennai Super Kings,Kolkata Knight Riders
501199,6,Hyderabad,2011/04/09,Indian Premier League,male,T20,2011,field,Rajasthan Royals,"""Rajiv Gandhi International Stadium, Uppal""",Rajasthan Royals,Deccan Chargers,Rajasthan Royals
501200,6,Kochi,2011/04/09,Indian Premier League,male,T20,2011,bat,Kochi Tuskers Kerala,Nehru Stadium,Royal Challengers Bengaluru,Kochi Tuskers Kerala,Royal Challengers Bengaluru
501201,6,Delhi,2011/04/10,Indian Premier League,male,T20,2011,bat,Delhi Daredevils,Feroz Shah Kotla,Mumbai Indians,Delhi Capitals,Mumbai Indians
501202,6,Mumbai,2011/04/10,Indian Premier League,male,T20,2011,bat,Kings XI Punjab,Dr DY Patil Sports Academy,Pune Warriors,Pune Warriors,Punjab Kings
501203,6,Kolkata,2011/04/11,Indian Premier League,male,T20,2011,bat,Kolkata Knight Riders,Eden Gardens,Kolkata Knight Riders,Kolkata Knight Riders,Deccan Chargers
501204,6,Jaipur,2011/04/12,Indian Premier League,male,T20,2011,bat,Delhi Daredevils,Sawai Mansingh Stadium,Rajasthan Royals,Rajasthan Royals,Delhi Capitals
501205,6,Bangalore,2011/04/12,Indian Premier League,male,T20,2011,field,Mumbai Indians,M Chinnaswamy Stadium,Mumbai Indians,Royal Challengers Bengaluru,Mumbai Indians
501206,6,Chandigarh,2011/04/13,Indian Premier League,male,T20,2011,field,Kings XI Punjab,"""Punjab Cricket Association Stadium, Mohali""",Punjab Kings,Punjab Kings,Chennai Super Kings
501207,6,Mumbai,2011/04/13,Indian Premier League,male,T20,2011,bat,Kochi Tuskers Kerala,Dr DY Patil Sports Academy,Pune Warriors,Pune Warriors,Kochi Tuskers Kerala
501208,6,Hyderabad,2011/04/14,Indian Premier League,male,T20,2011,field,Royal Challengers Bangalore,"""Rajiv Gandhi International Stadium, Uppal""",Deccan Chargers,Deccan Chargers,Royal Challengers Bengaluru
501209,6,Jaipur,2011/04/15,Indian Premier League,male,T20,2011,field,Kolkata Knight Riders,Sawai Mansingh Stadium,Kolkata Knight Riders,Rajasthan Royals,Kolkata Knight Riders
501210,6,Mumbai,2011/04/15,Indian Premier League,male,T20,2011,field,Kochi Tuskers Kerala,Wankhede Stadium,Kochi Tuskers Kerala,Mumbai Indians,Kochi Tuskers Kerala
501211,6,Chennai,2011/04/16,Indian Premier League,male,T20,2011,bat,Chennai Super Kings,"""MA Chidambaram Stadium, Chepauk""",Chennai Super Kings,Chennai Super Kings,Royal Challengers Bengaluru
501212,6,Hyderabad,2011/04/16,Indian Premier League,male,T20,2011,field,Kings XI Punjab,"""Rajiv Gandhi International Stadium, Uppal""",Punjab Kings,Deccan Chargers,Punjab Kings
501213,6,Mumbai,2011/04/17,Indian Premier League,male,T20,2011,field,Delhi Daredevils,Dr DY Patil Sports Academy,Delhi Capitals,Pune Warriors,Delhi Capitals
501214,6,Kolkata,2011/04/17,Indian Premier League,male,T20,2011,field,Kolkata Knight Riders,Eden Gardens,Kolkata Knight Riders,Kolkata Knight Riders,Rajasthan Royals
501215,6,Kochi,2011/04/18,Indian Premier League,male,T20,2011,field,Kochi Tuskers Kerala,Nehru Stadium,Kochi Tuskers Kerala,Kochi Tuskers Kerala,Chennai Super Kings
501216,6,Delhi,2011/04/19,Indian Premier League,male,T20,2011,bat,Deccan Chargers,Feroz Shah Kotla,Deccan Chargers,Delhi Capitals,Deccan Chargers
501218,6,Mumbai,2011/04/20,Indian Premier League,male,T20,2011,bat,Pune Warriors,Wankhede Stadium,Mumbai Indians,Mumbai Indians,Pune Warriors
501219,6,Kolkata,2011/04/20,Indian Premier League,male,T20,2011,field,Kolkata Knight Riders,Eden Gardens,Kochi Tuskers Kerala,Kolkata Knight Riders,Kochi Tuskers Kerala
501220,6,Chandigarh,2011/04/21,Indian Premier League,male,T20,2011,field,Rajasthan Royals,"""Punjab Cricket Association Stadium, Mohali""",Punjab Kings,Punjab Kings,Rajasthan Royals
501221,6,Mumbai,2011/04/22,Indian Premier League,male,T20,2011,field,Chennai Super Kings,Wankhede Stadium,Mumbai Indians,Mumbai Indians,Chennai Super Kings
501222,6,Kolkata,2011/04/22,Indian Premier League,male,T20,2011,field,Royal Challengers Bangalore,Eden Gardens,Royal Challengers Bengaluru,Kolkata Knight Riders,Royal Challengers Bengaluru
501223,6,Delhi,2011/04/23,Indian Premier League,male,T20,2011,field,Kings XI Punjab,Feroz Shah Kotla,Delhi Capitals,Delhi Capitals,Punjab Kings
501224,6,Hyderabad,2011/04/24,Indian Premier League,male,T20,2011,field,Deccan Chargers,"""Rajiv Gandhi International Stadium, Uppal""",Mumbai Indians,Deccan Chargers,Mumbai Indians
501225,6,Jaipur,2011/04/24,Indian Premier League,male,T20,2011,field,Rajasthan Royals,Sawai Mansingh Stadium,Rajasthan Royals,Rajasthan Royals,Kochi Tuskers Kerala
501226,6,Chennai,2011/04/25,Indian Premier League,male,T20,2011,field,Pune Warriors,"""MA Chidambaram Stadium, Chepauk""",Chennai Super Kings,Chennai Super Kings,Pune Warriors
501227,6,Delhi,2011/04/26,Indian Premier League,male,T20,2011,field,Royal Challengers Bangalore,Feroz Shah Kotla,Royal Challengers Bengaluru,Delhi Capitals,Royal Challengers Bengaluru
501228,6,Mumbai,2011/04/27,Indian Premier League,male,T20,2011,bat,Pune Warriors,Dr DY Patil Sports Academy,Chennai Super Kings,Pune Warriors,Chennai Super Kings
501229,6,Kochi,2011/04/27,Indian Premier League,male,T20,2011,field,Kochi Tuskers Kerala,Nehru Stadium,Deccan Chargers,Kochi Tuskers Kerala,Deccan Chargers
501230,6,Delhi,2011/04/28,Indian Premier League,male,T20,2011,field,Delhi Daredevils,Feroz Shah Kotla,Kolkata Knight Riders,Delhi Capitals,Kolkata Knight Riders
501231,6,Jaipur,2011/04/29,Indian Premier League,male,T20,2011,field,Rajasthan Royals,Sawai Mansingh Stadium,Rajasthan Royals,Rajasthan Royals,Mumbai Indians
501232,6,Bangalore,2011/04/29,Indian Premier League,male,T20,2011,field,Pune Warriors,M Chinnaswamy Stadium,Royal Challengers Bengaluru,Royal Challengers Bengaluru,Pune Warriors
501233,6,Kochi,2011/04/30,Indian Premier League,male,T20,2011,bat,Delhi Daredevils,Nehru Stadium,Delhi Capitals,Kochi Tuskers Kerala,Delhi Capitals
501234,6,Kolkata,2011/04/30,Indian Premier League,male,T20,2011,field,Kolkata Knight Riders,Eden Gardens,Kolkata Knight Riders,Kolkata Knight Riders,Punjab Kings
501235,6,Jaipur,2011/05/01,Indian Premier League,male,T20,2011,field,Rajasthan Royals,Sawai Mansingh Stadium,Rajasthan Royals,Rajasthan Royals,Pune Warriors
501236,6,Chennai,2011/05/01,Indian Premier League,male,T20,2011,bat,Chennai Super Kings,"""MA Chidambaram Stadium, Chepauk""",Chennai Super Kings,Chennai Super Kings,Deccan Chargers
501237,6,Mumbai,2011/05/02,Indian Premier League,male,T20,2011,field,Kings XI Punjab,Wankhede Stadium,Mumbai Indians,Mumbai Indians,Punjab Kings
501238,6,Delhi,2011/05/02,Indian Premier League,male,T20,2011,field,Kochi Tuskers Kerala,Feroz Shah Kotla,Kochi Tuskers Kerala,Delhi Capitals,Kochi Tuskers Kerala
501239,6,Hyderabad,2011/05/03,Indian Premier League,male,T20,2011,field,Deccan Chargers,"""Rajiv Gandhi International Stadium, Uppal""",Kolkata Knight Riders,Deccan Chargers,Kolkata Knight Riders
501240,6,Chennai,2011/05/04,Indian Premier League,male,T20,2011,bat,Rajasthan Royals,"""MA Chidambaram Stadium, Chepauk""",Chennai Super Kings,Chennai Super Kings,Rajasthan Royals
501241,6,Mumbai,2011/05/04,Indian Premier League,male,T20,2011,field,Pune Warriors,Dr DY Patil Sports Academy,Mumbai Indians,Pune Warriors,Mumbai Indians
501242,6,Kochi,2011/05/05,Indian Premier League,male,T20,2011,field,Kolkata Knight Riders,Nehru Stadium,Kochi Tuskers Kerala,Kochi Tuskers Kerala,Kolkata Knight Riders
501243,6,Hyderabad,2011/05/05,Indian Premier League,male,T20,2011,field,Delhi Daredevils,"""Rajiv Gandhi International Stadium, Uppal""",Delhi Capitals,Deccan Chargers,Delhi Capitals
501244,6,Bangalore,2011/05/06,Indian Premier League,male,T20,2011,field,Kings XI Punjab,M Chinnaswamy Stadium,Royal Challengers Bengaluru,Royal Challengers Bengaluru,Punjab Kings
501245,6,Kolkata,2011/05/07,Indian Premier League,male,T20,2011,bat,Chennai Super Kings,Eden Gardens,Kolkata Knight Riders,Kolkata Knight Riders,Chennai Super Kings
501246,6,Mumbai,2011/05/07,Indian Premier League,male,T20,2011,field,Delhi Daredevils,Wankhede Stadium,Mumbai Indians,Mumbai Indians,Delhi Capitals
501247,6,Bangalore,2011/05/08,Indian Premier League,male,T20,2011,bat,Kochi Tuskers Kerala,M Chinnaswamy Stadium,Royal Challengers Bengaluru,Royal Challengers Bengaluru,Kochi Tuskers Kerala
501248,6,Chandigarh,2011/05/08,Indian Premier League,male,T20,2011,bat,Kings XI Punjab,"""Punjab Cricket Association Stadium, Mohali""",Pune Warriors,Punjab Kings,Pune Warriors
501249,6,Jaipur,2011/05/09,Indian Premier League,male,T20,2011,field,Rajasthan Royals,Sawai Mansingh Stadium,Chennai Super Kings,Rajasthan Royals,Chennai Super Kings
501250,6,Hyderabad,2011/05/10,Indian Premier League,male,T20,2011,bat,Deccan Chargers,"""Rajiv Gandhi International Stadium, Uppal""",Pune Warriors,Deccan Chargers,Pune Warriors
501251,6,Chandigarh,2011/05/10,Indian Premier League,male,T20,2011,field,Mumbai Indians,"""Punjab Cricket Association Stadium, Mohali""",Punjab Kings,Punjab Kings,Mumbai Indians
501252,6,Jaipur,2011/05/11,Indian Premier League,male,T20,2011,field,Royal Challengers Bangalore,Sawai Mansingh Stadium,Royal Challengers Bengaluru,Rajasthan Royals,Royal Challengers Bengaluru
501253,6,Chennai,2011/05/12,Indian Premier League,male,T20,2011,bat,Chennai Super Kings,"""MA Chidambaram Stadium, Chepauk""",Chennai Super Kings,Chennai Super Kings,Delhi Capitals
501254,6,Indore,2011/05/13,Indian Premier League,male,T20,2011,field,Kings XI Punjab,Holkar Cricket Stadium,Punjab Kings,Kochi Tuskers Kerala,Punjab Kings
501255,6,Bangalore,2011/05/14,Indian Premier League,male,T20,2011,field,Royal Challengers Bangalore,M Chinnaswamy Stadium,Royal Challengers Bengaluru,Royal Challengers Bengaluru,Kolkata Knight Riders
501256,6,Mumbai,2011/05/14,Indian Premier League,male,T20,2011,bat,Deccan Chargers,Wankhede Stadium,Deccan Chargers,Mumbai Indians,Deccan Chargers
501257,6,Dharamsala,2011/05/15,Indian Premier League,male,T20,2011,field,Delhi Daredevils,Himachal Pradesh Cricket Association Stadium,Punjab Kings,Punjab Kings,Delhi Capitals
501258,6,Indore,2011/05/15,Indian Premier League,male,T20,2011,field,Kochi Tuskers Kerala,Holkar Cricket Stadium,Kochi Tuskers Kerala,Kochi Tuskers Kerala,Rajasthan Royals
501259,6,Mumbai,2011/05/16,Indian Premier League,male,T20,2011,field,Deccan Chargers,Dr DY Patil Sports Academy,Deccan Chargers,Pune Warriors,Deccan Chargers
501260,6,Dharamsala,2011/05/17,Indian Premier League,male,T20,2011,bat,Kings XI Punjab,Himachal Pradesh Cricket Association Stadium,Punjab Kings,Punjab Kings,Royal Challengers Bengaluru
501261,6,Chennai,2011/05/18,Indian Premier League,male,T20,2011,bat,Chennai Super Kings,"""MA Chidambaram Stadium, Chepauk""",Chennai Super Kings,Chennai Super Kings,Kochi Tuskers Kerala
501262,6,Mumbai,2011/05/19,Indian Premier League,male,T20,2011,field,Kolkata Knight Riders,Dr DY Patil Sports Academy,Kolkata Knight Riders,Pune Warriors,Kolkata Knight Riders
501263,6,Mumbai,2011/05/20,Indian Premier League,male,T20,2011,bat,Mumbai Indians,Wankhede Stadium,Rajasthan Royals,Mumbai Indians,Rajasthan Royals
501264,6,Dharamsala,2011/05/21,Indian Premier League,male,T20,2011,field,Kings XI Punjab,Himachal Pradesh Cricket Association Stadium,Deccan Chargers,Punjab Kings,Deccan Chargers
501265,6,Delhi,2011/05/21,Indian Premier League,male,T20,2011,bat,Delhi Daredevils,Feroz Shah Kotla,,Delhi Capitals,Pune Warriors
501266,6,Bangalore,2011/05/22,Indian Premier League,male,T20,2011,field,Royal Challengers Bangalore,M Chinnaswamy Stadium,Royal Challengers Bengaluru,Royal Challengers Bengaluru,Chennai Super Kings
501267,6,Kolkata,2011/05/22,Indian Premier League,male,T20,2011,field,Mumbai Indians,Eden Gardens,Mumbai Indians,Kolkata Knight Riders,Mumbai Indians
501268,6,Mumbai,2011/05/24,Indian Premier League,male,T20,2011,field,Chennai Super Kings,Wankhede Stadium,Chennai Super Kings,Royal Challengers Bengaluru,Chennai Super Kings
501269,6,Mumbai,2011/05/25,Indian Premier League,male,T20,2011,field,Mumbai Indians,Wankhede Stadium,Mumbai Indians,Mumbai Indians,Kolkata Knight Riders
501270,6,Chennai,2011/05/27,Indian Premier League,male,T20,2011,field,Mumbai Indians,"""MA Chidambaram Stadium, Chepauk""",Royal Challengers Bengaluru,Royal Challengers Bengaluru,Mumbai Indians
501271,6,Chennai,2011/05/28,Indian Premier League,male,T20,2011,bat,Chennai Super Kings,"""MA Chidambaram Stadium, Chepauk""",Chennai Super Kings,Chennai Super Kings,Royal Challengers Bengaluru
548306,6,Chennai,2012/04/04,Indian Premier League,male,T20,2012,field,Mumbai Indians,"""MA Chidambaram Stadium, Chepauk""",Mumbai Indians,Chennai Super Kings,Mumbai Indians
548307,6,Kolkata,2012/04/05,Indian Premier League,male,T20,2012,field,Delhi Daredevils,Eden Gardens,Delhi Capitals,Kolkata Knight Riders,Delhi Capitals
548308,6,Mumbai,2012/04/06,Indian Premier League,male,T20,2012,field,Mumbai Indians,Wankhede Stadium,Pune Warriors,Mumbai Indians,Pune Warriors
548309,6,Jaipur,2012/04/06,Indian Premier League,male,T20,2012,field,Kings XI Punjab,Sawai Mansingh Stadium,Rajasthan Royals,Rajasthan Royals,Punjab Kings
548310,6,Bangalore,2012/04/07,Indian Premier League,male,T20,2012,field,Delhi Daredevils,M Chinnaswamy Stadium,Royal Challengers Bengaluru,Royal Challengers Bengaluru,Delhi Capitals
548311,6,Visakhapatnam,2012/04/07,Indian Premier League,male,T20,2012,field,Deccan Chargers,Dr. Y.S. Rajasekhara Reddy ACA-VDCA Cricket Stadium,Chennai Super Kings,Deccan Chargers,Chennai Super Kings
548312,6,Jaipur,2012/04/08,Indian Premier League,male,T20,2012,field,Kolkata Knight Riders,Sawai Mansingh Stadium,Rajasthan Royals,Rajasthan Royals,Kolkata Knight Riders
548313,6,Pune,2012/04/08,Indian Premier League,male,T20,2012,bat,Pune Warriors,Subrata Roy Sahara Stadium,Pune Warriors,Pune Warriors,Punjab Kings
548314,6,Visakhapatnam,2012/04/09,Indian Premier League,male,T20,2012,bat,Deccan Chargers,Dr. Y.S. Rajasekhara Reddy ACA-VDCA Cricket Stadium,Mumbai Indians,Deccan Chargers,Mumbai Indians
548315,6,Bangalore,2012/04/10,Indian Premier League,male,T20,2012,field,Royal Challengers Bangalore,M Chinnaswamy Stadium,Kolkata Knight Riders,Royal Challengers Bengaluru,Kolkata Knight Riders
548316,6,Delhi,2012/04/10,Indian Premier League,male,T20,2012,field,Delhi Daredevils,Feroz Shah Kotla,Delhi Capitals,Delhi Capitals,Chennai Super Kings
548317,6,Mumbai,2012/04/11,Indian Premier League,male,T20,2012,field,Rajasthan Royals,Wankhede Stadium,Mumbai Indians,Mumbai Indians,Rajasthan Royals
548318,6,Chennai,2012/04/12,Indian Premier League,male,T20,2012,bat,Royal Challengers Bangalore,"""MA Chidambaram Stadium, Chepauk""",Chennai Super Kings,Chennai Super Kings,Royal Challengers Bengaluru
548319,6,Chandigarh,2012/04/12,Indian Premier League,male,T20,2012,field,Kings XI Punjab,"""Punjab Cricket Association Stadium, Mohali""",Punjab Kings,Punjab Kings,Pune Warriors
548320,6,Kolkata,2012/04/13,Indian Premier League,male,T20,2012,bat,Rajasthan Royals,Eden Gardens,Kolkata Knight Riders,Kolkata Knight Riders,Rajasthan Royals
548321,6,Delhi,2012/04/19,Indian Premier League,male,T20,2012,bat,Deccan Chargers,Feroz Shah Kotla,Delhi Capitals,Delhi Capitals,Deccan Chargers
548322,6,Pune,2012/04/14,Indian Premier League,male,T20,2012,bat,Chennai Super Kings,Subrata Roy Sahara Stadium,Pune Warriors,Pune Warriors,Chennai Super Kings
548323,6,Kolkata,2012/04/15,Indian Premier League,male,T20,2012,field,Kolkata Knight Riders,Eden Gardens,Punjab Kings,Kolkata Knight Riders,Punjab Kings
548324,6,Bangalore,2012/04/15,Indian Premier League,male,T20,2012,bat,Rajasthan Royals,M Chinnaswamy Stadium,Rajasthan Royals,Royal Challengers Bengaluru,Rajasthan Royals
548325,6,Mumbai,2012/04/16,Indian Premier League,male,T20,2012,field,Delhi Daredevils,Wankhede Stadium,Delhi Capitals,Mumbai Indians,Delhi Capitals
548326,6,Jaipur,2012/04/17,Indian Premier League,male,T20,2012,bat,Deccan Chargers,Sawai Mansingh Stadium,Rajasthan Royals,Rajasthan Royals,Deccan Chargers
548327,6,Bangalore,2012/04/17,Indian Premier League,male,T20,2012,bat,Pune Warriors,M Chinnaswamy Stadium,Royal Challengers Bengaluru,Royal Challengers Bengaluru,Pune Warriors
548328,6,Chandigarh,2012/04/18,Indian Premier League,male,T20,2012,bat,Kings XI Punjab,"""Punjab Cricket Association Stadium, Mohali""",Kolkata Knight Riders,Punjab Kings,Kolkata Knight Riders
548329,6,Hyderabad,2012/05/10,Indian Premier League,male,T20,2012,bat,Deccan Chargers,"""Rajiv Gandhi International Stadium, Uppal""",Delhi Capitals,Deccan Chargers,Delhi Capitals
548330,6,Chennai,2012/04/19,Indian Premier League,male,T20,2012,field,Pune Warriors,"""MA Chidambaram Stadium, Chepauk""",Chennai Super Kings,Chennai Super Kings,Pune Warriors
548331,6,Chandigarh,2012/04/20,Indian Premier League,male,T20,2012,field,Royal Challengers Bangalore,"""Punjab Cricket Association Stadium, Mohali""",Royal Challengers Bengaluru,Punjab Kings,Royal Challengers Bengaluru
548332,6,Chennai,2012/04/21,Indian Premier League,male,T20,2012,bat,Rajasthan Royals,"""MA Chidambaram Stadium, Chepauk""",Chennai Super Kings,Chennai Super Kings,Rajasthan Royals
548333,6,Delhi,2012/04/21,Indian Premier League,male,T20,2012,field,Delhi Daredevils,Feroz Shah Kotla,Pune Warriors,Delhi Capitals,Pune Warriors
548334,6,Mumbai,2012/04/22,Indian Premier League,male,T20,2012,bat,Mumbai Indians,Wankhede Stadium,Punjab Kings,Mumbai Indians,Punjab Kings
548335,6,Cuttack,2012/04/22,Indian Premier League,male,T20,2012,field,Kolkata Knight Riders,Barabati Stadium,Kolkata Knight Riders,Deccan Chargers,Kolkata Knight Riders
548336,6,Jaipur,2012/04/23,Indian Premier League,male,T20,2012,field,Rajasthan Royals,Sawai Mansingh Stadium,Royal Challengers Bengaluru,Rajasthan Royals,Royal Challengers Bengaluru
548337,6,Pune,2012/04/24,Indian Premier League,male,T20,2012,bat,Pune Warriors,Subrata Roy Sahara Stadium,Delhi Capitals,Pune Warriors,Delhi Capitals
548339,6,Chandigarh,2012/04/25,Indian Premier League,male,T20,2012,bat,Kings XI Punjab,"""Punjab Cricket Association Stadium, Mohali""",Mumbai Indians,Punjab Kings,Mumbai Indians
548341,6,Pune,2012/04/26,Indian Premier League,male,T20,2012,bat,Deccan Chargers,Subrata Roy Sahara Stadium,Deccan Chargers,Pune Warriors,Deccan Chargers
548342,6,Delhi,2012/04/27,Indian Premier League,male,T20,2012,field,Mumbai Indians,Feroz Shah Kotla,Delhi Capitals,Delhi Capitals,Mumbai Indians
548343,6,Chennai,2012/04/28,Indian Premier League,male,T20,2012,bat,Kings XI Punjab,"""MA Chidambaram Stadium, Chepauk""",Punjab Kings,Chennai Super Kings,Punjab Kings
548344,6,Kolkata,2012/04/28,Indian Premier League,male,T20,2012,bat,Kolkata Knight Riders,Eden Gardens,Kolkata Knight Riders,Kolkata Knight Riders,Royal Challengers Bengaluru
548345,6,Delhi,2012/04/29,Indian Premier League,male,T20,2012,bat,Delhi Daredevils,Feroz Shah Kotla,Delhi Capitals,Delhi Capitals,Rajasthan Royals
548346,6,Mumbai,2012/04/29,Indian Premier League,male,T20,2012,field,Mumbai Indians,Wankhede Stadium,Mumbai Indians,Mumbai Indians,Deccan Chargers
548347,6,Chennai,2012/04/30,Indian Premier League,male,T20,2012,bat,Chennai Super Kings,"""MA Chidambaram Stadium, Chepauk""",Kolkata Knight Riders,Chennai Super Kings,Kolkata Knight Riders
548348,6,Cuttack,2012/05/01,Indian Premier League,male,T20,2012,bat,Deccan Chargers,Barabati Stadium,Deccan Chargers,Deccan Chargers,Pune Warriors
548349,6,Jaipur,2012/05/01,Indian Premier League,male,T20,2012,bat,Rajasthan Royals,Sawai Mansingh Stadium,Delhi Capitals,Rajasthan Royals,Delhi Capitals
548350,6,Bangalore,2012/05/02,Indian Premier League,male,T20,2012,field,Kings XI Punjab,M Chinnaswamy Stadium,Punjab Kings,Royal Challengers Bengaluru,Punjab Kings
548351,6,Pune,2012/05/03,Indian Premier League,male,T20,2012,bat,Mumbai Indians,Subrata Roy Sahara Stadium,Mumbai Indians,Pune Warriors,Mumbai Indians
548352,6,Chennai,2012/05/04,Indian Premier League,male,T20,2012,bat,Chennai Super Kings,"""MA Chidambaram Stadium, Chepauk""",Chennai Super Kings,Chennai Super Kings,Deccan Chargers
548353,6,Kolkata,2012/05/05,Indian Premier League,male,T20,2012,bat,Kolkata Knight Riders,Eden Gardens,Kolkata Knight Riders,Kolkata Knight Riders,Pune Warriors
548354,6,Chandigarh,2012/05/05,Indian Premier League,male,T20,2012,bat,Rajasthan Royals,"""Punjab Cricket Association Stadium, Mohali""",Rajasthan Royals,Punjab Kings,Rajasthan Royals
548355,6,Mumbai,2012/05/06,Indian Premier League,male,T20,2012,field,Mumbai Indians,Wankhede Stadium,Mumbai Indians,Mumbai Indians,Chennai Super Kings
548356,6,Bangalore,2012/05/06,Indian Premier League,male,T20,2012,field,Royal Challengers Bangalore,M Chinnaswamy Stadium,Royal Challengers Bengaluru,Royal Challengers Bengaluru,Deccan Chargers
548357,6,Delhi,2012/05/07,Indian Premier League,male,T20,2012,bat,Delhi Daredevils,Feroz Shah Kotla,Kolkata Knight Riders,Delhi Capitals,Kolkata Knight Riders
548358,6,Pune,2012/05/08,Indian Premier League,male,T20,2012,bat,Pune Warriors,Subrata Roy Sahara Stadium,Rajasthan Royals,Pune Warriors,Rajasthan Royals
548359,6,Hyderabad,2012/05/08,Indian Premier League,male,T20,2012,field,Deccan Chargers,"""Rajiv Gandhi International Stadium, Uppal""",Punjab Kings,Deccan Chargers,Punjab Kings
548360,6,Mumbai,2012/05/09,Indian Premier League,male,T20,2012,field,Royal Challengers Bangalore,Wankhede Stadium,Royal Challengers Bengaluru,Mumbai Indians,Royal Challengers Bengaluru
548361,6,Jaipur,2012/05/10,Indian Premier League,male,T20,2012,field,Chennai Super Kings,Sawai Mansingh Stadium,Chennai Super Kings,Rajasthan Royals,Chennai Super Kings
548362,6,Pune,2012/05/11,Indian Premier League,male,T20,2012,field,Pune Warriors,Subrata Roy Sahara Stadium,Royal Challengers Bengaluru,Pune Warriors,Royal Challengers Bengaluru
548363,6,Kolkata,2012/05/12,Indian Premier League,male,T20,2012,bat,Mumbai Indians,Eden Gardens,Mumbai Indians,Kolkata Knight Riders,Mumbai Indians
548364,6,Chennai,2012/05/12,Indian Premier League,male,T20,2012,field,Chennai Super Kings,"""MA Chidambaram Stadium, Chepauk""",Chennai Super Kings,Chennai Super Kings,Delhi Capitals
548365,6,Jaipur,2012/05/13,Indian Premier League,male,T20,2012,bat,Rajasthan Royals,Sawai Mansingh Stadium,Rajasthan Royals,Rajasthan Royals,Pune Warriors
548366,6,Chandigarh,2012/05/13,Indian Premier League,male,T20,2012,bat,Deccan Chargers,"""Punjab Cricket Association Stadium, Mohali""",Punjab Kings,Punjab Kings,Deccan Chargers
548367,6,Bangalore,2012/05/14,Indian Premier League,male,T20,2012,field,Mumbai Indians,M Chinnaswamy Stadium,Mumbai Indians,Royal Challengers Bengaluru,Mumbai Indians
548368,6,Kolkata,2012/05/14,Indian Premier League,male,T20,2012,field,Chennai Super Kings,Eden Gardens,Chennai Super Kings,Kolkata Knight Riders,Chennai Super Kings
548369,6,Delhi,2012/05/15,Indian Premier League,male,T20,2012,bat,Kings XI Punjab,Feroz Shah Kotla,Delhi Capitals,Delhi Capitals,Punjab Kings
548370,6,Mumbai,2012/05/16,Indian Premier League,male,T20,2012,field,Mumbai Indians,Wankhede Stadium,Kolkata Knight Riders,Mumbai Indians,Kolkata Knight Riders
548371,6,Dharamsala,2012/05/17,Indian Premier League,male,T20,2012,field,Kings XI Punjab,Himachal Pradesh Cricket Association Stadium,Punjab Kings,Punjab Kings,Chennai Super Kings
548372,6,Delhi,2012/05/17,Indian Premier League,male,T20,2012,field,Delhi Daredevils,Feroz Shah Kotla,Royal Challengers Bengaluru,Delhi Capitals,Royal Challengers Bengaluru
548373,6,Hyderabad,2012/05/18,Indian Premier League,male,T20,2012,bat,Rajasthan Royals,"""Rajiv Gandhi International Stadium, Uppal""",Deccan Chargers,Deccan Chargers,Rajasthan Royals
548374,6,Dharamsala,2012/05/19,Indian Premier League,male,T20,2012,field,Delhi Daredevils,Himachal Pradesh Cricket Association Stadium,Delhi Capitals,Punjab Kings,Delhi Capitals
548375,6,Pune,2012/05/19,Indian Premier League,male,T20,2012,bat,Kolkata Knight Riders,Subrata Roy Sahara Stadium,Kolkata Knight Riders,Pune Warriors,Kolkata Knight Riders
548376,6,Hyderabad,2012/05/20,Indian Premier League,male,T20,2012,field,Royal Challengers Bangalore,"""Rajiv Gandhi International Stadium, Uppal""",Deccan Chargers,Deccan Chargers,Royal Challengers Bengaluru
548377,6,Jaipur,2012/05/20,Indian Premier League,male,T20,2012,bat,Rajasthan Royals,Sawai Mansingh Stadium,Mumbai Indians,Rajasthan Royals,Mumbai Indians
548378,6,Pune,2012/05/22,Indian Premier League,male,T20,2012,bat,Kolkata Knight Riders,Subrata Roy Sahara Stadium,Kolkata Knight Riders,Delhi Capitals,Kolkata Knight Riders
548379,6,Bangalore,2012/05/23,Indian Premier League,male,T20,2012,field,Mumbai Indians,M Chinnaswamy Stadium,Chennai Super Kings,Chennai Super Kings,Mumbai Indians
548380,6,Chennai,2012/05/25,Indian Premier League,male,T20,2012,field,Delhi Daredevils,"""MA Chidambaram Stadium, Chepauk""",Chennai Super Kings,Delhi Capitals,Chennai Super Kings
548381,6,Chennai,2012/05/27,Indian Premier League,male,T20,2012,bat,Chennai Super Kings,"""MA Chidambaram Stadium, Chepauk""",Kolkata Knight Riders,Kolkata Knight Riders,Chennai Super Kings
597998,6,Kolkata,2013/04/03,Indian Premier League,male,T20,2013,field,Kolkata Knight Riders,Eden Gardens,Kolkata Knight Riders,Kolkata Knight Riders,Delhi Capitals
597999,6,Bangalore,2013/04/04,Indian Premier League,male,T20,2013,field,Mumbai Indians,M Chinnaswamy Stadium,Royal Challengers Bengaluru,Royal Challengers Bengaluru,Mumbai Indians
598000,6,Hyderabad,2013/04/05,Indian Premier League,male,T20,2013,field,Pune Warriors,"""Rajiv Gandhi International Stadium, Uppal""",Sunrisers Hyderabad,Sunrisers Hyderabad,Pune Warriors
598001,6,Delhi,2013/04/06,Indian Premier League,male,T20,2013,bat,Rajasthan Royals,Feroz Shah Kotla,Rajasthan Royals,Delhi Capitals,Rajasthan Royals
598002,6,Chennai,2013/04/06,Indian Premier League,male,T20,2013,bat,Mumbai Indians,"""MA Chidambaram Stadium, Chepauk""",Mumbai Indians,Chennai Super Kings,Mumbai Indians
598003,6,Pune,2013/04/07,Indian Premier League,male,T20,2013,bat,Pune Warriors,Subrata Roy Sahara Stadium,Punjab Kings,Pune Warriors,Punjab Kings
598004,6,Hyderabad,2013/04/07,Indian Premier League,male,T20,2013,bat,Royal Challengers Bangalore,"""Rajiv Gandhi International Stadium, Uppal""",,Sunrisers Hyderabad,Royal Challengers Bengaluru
598005,6,Jaipur,2013/04/08,Indian Premier League,male,T20,2013,field,Kolkata Knight Riders,Sawai Mansingh Stadium,Rajasthan Royals,Rajasthan Royals,Kolkata Knight Riders
598006,6,Mumbai,2013/04/09,Indian Premier League,male,T20,2013,bat,Mumbai Indians,Wankhede Stadium,Mumbai Indians,Mumbai Indians,Delhi Capitals
598007,6,Chandigarh,2013/04/10,Indian Premier League,male,T20,2013,field,Chennai Super Kings,"""Punjab Cricket Association Stadium, Mohali""",Chennai Super Kings,Punjab Kings,Chennai Super Kings
598008,6,Bangalore,2013/04/11,Indian Premier League,male,T20,2013,field,Royal Challengers Bangalore,M Chinnaswamy Stadium,Royal Challengers Bengaluru,Royal Challengers Bengaluru,Kolkata Knight Riders
598009,6,Pune,2013/04/11,Indian Premier League,male,T20,2013,bat,Rajasthan Royals,Subrata Roy Sahara Stadium,Pune Warriors,Pune Warriors,Rajasthan Royals
598010,6,Delhi,2013/04/12,Indian Premier League,male,T20,2013,bat,Delhi Daredevils,Feroz Shah Kotla,Sunrisers Hyderabad,Delhi Capitals,Sunrisers Hyderabad
598011,6,Mumbai,2013/04/13,Indian Premier League,male,T20,2013,bat,Mumbai Indians,Wankhede Stadium,Mumbai Indians,Mumbai Indians,Pune Warriors
598012,6,Chennai,2013/04/13,Indian Premier League,male,T20,2013,field,Chennai Super Kings,"""MA Chidambaram Stadium, Chepauk""",Chennai Super Kings,Chennai Super Kings,Royal Challengers Bengaluru
598013,6,Kolkata,2013/04/14,Indian Premier League,male,T20,2013,bat,Kolkata Knight Riders,Eden Gardens,Kolkata Knight Riders,Kolkata Knight Riders,Sunrisers Hyderabad
598014,6,Jaipur,2013/04/14,Indian Premier League,male,T20,2013,field,Rajasthan Royals,Sawai Mansingh Stadium,Rajasthan Royals,Rajasthan Royals,Punjab Kings
598015,6,Chennai,2013/04/15,Indian Premier League,male,T20,2013,bat,Pune Warriors,"""MA Chidambaram Stadium, Chepauk""",Pune Warriors,Chennai Super Kings,Pune Warriors
598016,6,Chandigarh,2013/04/16,Indian Premier League,male,T20,2013,field,Kolkata Knight Riders,"""Punjab Cricket Association Stadium, Mohali""",Punjab Kings,Punjab Kings,Kolkata Knight Riders
598017,6,Bangalore,2013/04/16,Indian Premier League,male,T20,2013,field,Royal Challengers Bangalore,M Chinnaswamy Stadium,,Royal Challengers Bengaluru,Delhi Capitals
598018,6,Pune,2013/04/17,Indian Premier League,male,T20,2013,field,Pune Warriors,Maharashtra Cricket Association Stadium,Sunrisers Hyderabad,Pune Warriors,Sunrisers Hyderabad
598019,6,Jaipur,2013/04/17,Indian Premier League,male,T20,2013,bat,Rajasthan Royals,Sawai Mansingh Stadium,Rajasthan Royals,Rajasthan Royals,Mumbai Indians
598020,6,Delhi,2013/04/18,Indian Premier League,male,T20,2013,bat,Chennai Super Kings,Feroz Shah Kotla,Chennai Super Kings,Delhi Capitals,Chennai Super Kings
598021,6,Hyderabad,2013/04/19,Indian Premier League,male,T20,2013,bat,Kings XI Punjab,"""Rajiv Gandhi International Stadium, Uppal""",Sunrisers Hyderabad,Sunrisers Hyderabad,Punjab Kings
598022,6,Kolkata,2013/04/20,Indian Premier League,male,T20,2013,bat,Kolkata Knight Riders,Eden Gardens,Chennai Super Kings,Kolkata Knight Riders,Chennai Super Kings
598023,6,Bangalore,2013/04/20,Indian Premier League,male,T20,2013,field,Royal Challengers Bangalore,M Chinnaswamy Stadium,Royal Challengers Bengaluru,Royal Challengers Bengaluru,Rajasthan Royals
598024,6,Delhi,2013/04/21,Indian Premier League,male,T20,2013,bat,Mumbai Indians,Feroz Shah Kotla,Delhi Capitals,Delhi Capitals,Mumbai Indians
598025,6,Chandigarh,2013/04/21,Indian Premier League,male,T20,2013,field,Kings XI Punjab,"""Punjab Cricket Association Stadium, Mohali""",Punjab Kings,Punjab Kings,Pune Warriors
598026,6,Chennai,2013/04/22,Indian Premier League,male,T20,2013,bat,Rajasthan Royals,"""MA Chidambaram Stadium, Chepauk""",Chennai Super Kings,Chennai Super Kings,Rajasthan Royals
598027,6,Bangalore,2013/04/23,Indian Premier League,male,T20,2013,field,Pune Warriors,M Chinnaswamy Stadium,Royal Challengers Bengaluru,Royal Challengers Bengaluru,Pune Warriors
598028,6,Dharamsala,2013/05/16,Indian Premier League,male,T20,2013,field,Delhi Daredevils,Himachal Pradesh Cricket Association Stadium,Punjab Kings,Punjab Kings,Delhi Capitals
598029,6,Kolkata,2013/04/24,Indian Premier League,male,T20,2013,bat,Kolkata Knight Riders,Eden Gardens,Mumbai Indians,Kolkata Knight Riders,Mumbai Indians
598030,6,Chennai,2013/04/25,Indian Premier League,male,T20,2013,bat,Sunrisers Hyderabad,"""MA Chidambaram Stadium, Chepauk""",Chennai Super Kings,Chennai Super Kings,Sunrisers Hyderabad
598031,6,Kolkata,2013/04/26,Indian Premier League,male,T20,2013,bat,Kings XI Punjab,Eden Gardens,Kolkata Knight Riders,Kolkata Knight Riders,Punjab Kings
598032,6,Jaipur,2013/04/27,Indian Premier League,male,T20,2013,bat,Sunrisers Hyderabad,Sawai Mansingh Stadium,Rajasthan Royals,Rajasthan Royals,Sunrisers Hyderabad
598033,6,Mumbai,2013/04/27,Indian Premier League,male,T20,2013,bat,Mumbai Indians,Wankhede Stadium,Mumbai Indians,Mumbai Indians,Royal Challengers Bengaluru
598034,6,Chennai,2013/04/28,Indian Premier League,male,T20,2013,field,Kolkata Knight Riders,"""MA Chidambaram Stadium, Chepauk""",Chennai Super Kings,Chennai Super Kings,Kolkata Knight Riders
598035,6,Raipur,2013/04/28,Indian Premier League,male,T20,2013,field,Pune Warriors,Shaheed Veer Narayan Singh International Stadium,Delhi Capitals,Delhi Capitals,Pune Warriors
598036,6,Jaipur,2013/04/29,Indian Premier League,male,T20,2013,field,Rajasthan Royals,Sawai Mansingh Stadium,Rajasthan Royals,Rajasthan Royals,Royal Challengers Bengaluru
598037,6,Mumbai,2013/04/29,Indian Premier League,male,T20,2013,bat,Mumbai Indians,Wankhede Stadium,Mumbai Indians,Mumbai Indians,Punjab Kings
598038,6,Pune,2013/04/30,Indian Premier League,male,T20,2013,bat,Chennai Super Kings,Subrata Roy Sahara Stadium,Chennai Super Kings,Pune Warriors,Chennai Super Kings
598039,6,Hyderabad,2013/05/01,Indian Premier League,male,T20,2013,bat,Mumbai Indians,"""Rajiv Gandhi International Stadium, Uppal""",Sunrisers Hyderabad,Sunrisers Hyderabad,Mumbai Indians
598040,6,Raipur,2013/05/01,Indian Premier League,male,T20,2013,bat,Kolkata Knight Riders,Shaheed Veer Narayan Singh International Stadium,Delhi Capitals,Delhi Capitals,Kolkata Knight Riders
598041,6,Chennai,2013/05/02,Indian Premier League,male,T20,2013,bat,Chennai Super Kings,"""MA Chidambaram Stadium, Chepauk""",Chennai Super Kings,Chennai Super Kings,Punjab Kings
598042,6,Pune,2013/05/02,Indian Premier League,male,T20,2013,bat,Royal Challengers Bangalore,Subrata Roy Sahara Stadium,Royal Challengers Bengaluru,Pune Warriors,Royal Challengers Bengaluru
598043,6,Kolkata,2013/05/03,Indian Premier League,male,T20,2013,bat,Rajasthan Royals,Eden Gardens,Kolkata Knight Riders,Kolkata Knight Riders,Rajasthan Royals
598044,6,Hyderabad,2013/05/04,Indian Premier League,male,T20,2013,bat,Delhi Daredevils,"""Rajiv Gandhi International Stadium, Uppal""",Sunrisers Hyderabad,Sunrisers Hyderabad,Delhi Capitals
598045,6,Bangalore,2013/05/14,Indian Premier League,male,T20,2013,field,Kings XI Punjab,M Chinnaswamy Stadium,Punjab Kings,Royal Challengers Bengaluru,Punjab Kings
598046,6,Mumbai,2013/05/05,Indian Premier League,male,T20,2013,bat,Mumbai Indians,Wankhede Stadium,Mumbai Indians,Mumbai Indians,Chennai Super Kings
598047,6,Jaipur,2013/05/05,Indian Premier League,male,T20,2013,bat,Pune Warriors,Sawai Mansingh Stadium,Rajasthan Royals,Rajasthan Royals,Pune Warriors
598048,6,Bangalore,2013/04/09,Indian Premier League,male,T20,2013,bat,Sunrisers Hyderabad,M Chinnaswamy Stadium,Royal Challengers Bengaluru,Royal Challengers Bengaluru,Sunrisers Hyderabad
598049,6,Jaipur,2013/05/07,Indian Premier League,male,T20,2013,bat,Delhi Daredevils,Sawai Mansingh Stadium,Rajasthan Royals,Rajasthan Royals,Delhi Capitals
598050,6,Mumbai,2013/05/07,Indian Premier League,male,T20,2013,bat,Mumbai Indians,Wankhede Stadium,Mumbai Indians,Mumbai Indians,Kolkata Knight Riders
598051,6,Hyderabad,2013/05/08,Indian Premier League,male,T20,2013,field,Sunrisers Hyderabad,"""Rajiv Gandhi International Stadium, Uppal""",Chennai Super Kings,Sunrisers Hyderabad,Chennai Super Kings
598052,6,Chandigarh,2013/05/09,Indian Premier League,male,T20,2013,field,Rajasthan Royals,"""Punjab Cricket Association Stadium, Mohali""",Rajasthan Royals,Punjab Kings,Rajasthan Royals
598053,6,Pune,2013/05/09,Indian Premier League,male,T20,2013,bat,Kolkata Knight Riders,Subrata Roy Sahara Stadium,Kolkata Knight Riders,Pune Warriors,Kolkata Knight Riders
598054,6,Delhi,2013/05/10,Indian Premier League,male,T20,2013,field,Delhi Daredevils,Feroz Shah Kotla,Royal Challengers Bengaluru,Delhi Capitals,Royal Challengers Bengaluru
598055,6,Pune,2013/05/11,Indian Premier League,male,T20,2013,bat,Pune Warriors,Subrata Roy Sahara Stadium,Mumbai Indians,Pune Warriors,Mumbai Indians
598056,6,Chandigarh,2013/05/11,Indian Premier League,male,T20,2013,field,Kings XI Punjab,"""Punjab Cricket Association Stadium, Mohali""",Sunrisers Hyderabad,Punjab Kings,Sunrisers Hyderabad
598057,6,Ranchi,2013/05/12,Indian Premier League,male,T20,2013,field,Kolkata Knight Riders,JSCA International Stadium Complex,Kolkata Knight Riders,Kolkata Knight Riders,Royal Challengers Bengaluru
598058,6,Jaipur,2013/05/12,Indian Premier League,male,T20,2013,field,Rajasthan Royals,Sawai Mansingh Stadium,Rajasthan Royals,Rajasthan Royals,Chennai Super Kings
598059,6,Delhi,2013/04/23,Indian Premier League,male,T20,2013,field,Kings XI Punjab,Feroz Shah Kotla,Punjab Kings,Delhi Capitals,Punjab Kings
598060,6,Mumbai,2013/05/13,Indian Premier League,male,T20,2013,bat,Sunrisers Hyderabad,Wankhede Stadium,Mumbai Indians,Mumbai Indians,Sunrisers Hyderabad
598061,6,Ranchi,2013/05/15,Indian Premier League,male,T20,2013,field,Kolkata Knight Riders,JSCA International Stadium Complex,Pune Warriors,Kolkata Knight Riders,Pune Warriors
598062,6,Chennai,2013/05/14,Indian Premier League,male,T20,2013,bat,Chennai Super Kings,"""MA Chidambaram Stadium, Chepauk""",Chennai Super Kings,Chennai Super Kings,Delhi Capitals
598063,6,Mumbai,2013/05/15,Indian Premier League,male,T20,2013,field,Rajasthan Royals,Wankhede Stadium,Mumbai Indians,Mumbai Indians,Rajasthan Royals
598064,6,Chandigarh,2013/05/06,Indian Premier League,male,T20,2013,field,Kings XI Punjab,"""Punjab Cricket Association Stadium, Mohali""",Punjab Kings,Punjab Kings,Royal Challengers Bengaluru
598065,6,Hyderabad,2013/05/17,Indian Premier League,male,T20,2013,bat,Sunrisers Hyderabad,"""Rajiv Gandhi International Stadium, Uppal""",Sunrisers Hyderabad,Sunrisers Hyderabad,Rajasthan Royals
598066,6,Dharamsala,2013/05/18,Indian Premier League,male,T20,2013,field,Mumbai Indians,Himachal Pradesh Cricket Association Stadium,Punjab Kings,Punjab Kings,Mumbai Indians
598067,6,Pune,2013/05/19,Indian Premier League,male,T20,2013,bat,Pune Warriors,Subrata Roy Sahara Stadium,Pune Warriors,Pune Warriors,Delhi Capitals
598068,6,Bangalore,2013/05/18,Indian Premier League,male,T20,2013,field,Chennai Super Kings,M Chinnaswamy Stadium,Royal Challengers Bengaluru,Royal Challengers Bengaluru,Chennai Super Kings
598069,6,Hyderabad,2013/05/19,Indian Premier League,male,T20,2013,bat,Kolkata Knight Riders,"""Rajiv Gandhi International Stadium, Uppal""",Sunrisers Hyderabad,Sunrisers Hyderabad,Kolkata Knight Riders
598070,6,Delhi,2013/05/21,Indian Premier League,male,T20,2013,bat,Chennai Super Kings,Feroz Shah Kotla,Chennai Super Kings,Chennai Super Kings,Mumbai Indians
598071,6,Delhi,2013/05/22,Indian Premier League,male,T20,2013,bat,Sunrisers Hyderabad,Feroz Shah Kotla,Rajasthan Royals,Rajasthan Royals,Sunrisers Hyderabad
598072,6,Kolkata,2013/05/24,Indian Premier League,male,T20,2013,bat,Rajasthan Royals,Eden Gardens,Mumbai Indians,Mumbai Indians,Rajasthan Royals
598073,6,Kolkata,2013/05/26,Indian Premier League,male,T20,2013,bat,Mumbai Indians,Eden Gardens,Mumbai Indians,Chennai Super Kings,Mumbai Indians
729279,6,Abu Dhabi,2014/04/16,Indian Premier League,male,T20,2014,bat,Kolkata Knight Riders,Sheikh Zayed Stadium,Kolkata Knight Riders,Mumbai Indians,Kolkata Knight Riders
729281,6,,2014/04/17,Indian Premier League,male,T20,2014,field,Royal Challengers Bangalore,Sharjah Cricket Stadium,Royal Challengers Bengaluru,Delhi Capitals,Royal Challengers Bengaluru
729283,6,Abu Dhabi,2014/04/18,Indian Premier League,male,T20,2014,bat,Chennai Super Kings,Sheikh Zayed Stadium,Punjab Kings,Chennai Super Kings,Punjab Kings
729285,6,Abu Dhabi,2014/04/18,Indian Premier League,male,T20,2014,field,Rajasthan Royals,Sheikh Zayed Stadium,Rajasthan Royals,Sunrisers Hyderabad,Rajasthan Royals
729287,6,,2014/04/19,Indian Premier League,male,T20,2014,field,Royal Challengers Bangalore,Dubai International Cricket Stadium,Royal Challengers Bengaluru,Royal Challengers Bengaluru,Mumbai Indians
729289,6,,2014/04/19,Indian Premier League,male,T20,2014,bat,Kolkata Knight Riders,Dubai International Cricket Stadium,Delhi Capitals,Kolkata Knight Riders,Delhi Capitals
729291,6,,2014/04/20,Indian Premier League,male,T20,2014,field,Kings XI Punjab,Sharjah Cricket Stadium,Punjab Kings,Rajasthan Royals,Punjab Kings
729293,6,Abu Dhabi,2014/04/21,Indian Premier League,male,T20,2014,bat,Chennai Super Kings,Sheikh Zayed Stadium,Chennai Super Kings,Chennai Super Kings,Delhi Capitals
729295,6,,2014/04/22,Indian Premier League,male,T20,2014,field,Sunrisers Hyderabad,Sharjah Cricket Stadium,Punjab Kings,Punjab Kings,Sunrisers Hyderabad
729297,6,,2014/04/23,Indian Premier League,male,T20,2014,field,Rajasthan Royals,Dubai International Cricket Stadium,Chennai Super Kings,Rajasthan Royals,Chennai Super Kings
729299,6,,2014/04/24,Indian Premier League,male,T20,2014,field,Royal Challengers Bangalore,Sharjah Cricket Stadium,Kolkata Knight Riders,Royal Challengers Bengaluru,Kolkata Knight Riders
729301,6,,2014/04/25,Indian Premier League,male,T20,2014,bat,Sunrisers Hyderabad,Dubai International Cricket Stadium,Sunrisers Hyderabad,Sunrisers Hyderabad,Delhi Capitals
729303,6,,2014/04/25,Indian Premier League,male,T20,2014,bat,Mumbai Indians,Dubai International Cricket Stadium,Chennai Super Kings,Chennai Super Kings,Mumbai Indians
729305,6,Abu Dhabi,2014/04/26,Indian Premier League,male,T20,2014,field,Rajasthan Royals,Sheikh Zayed Stadium,Rajasthan Royals,Rajasthan Royals,Royal Challengers Bengaluru
729307,6,Abu Dhabi,2014/04/26,Indian Premier League,male,T20,2014,field,Kolkata Knight Riders,Sheikh Zayed Stadium,Punjab Kings,Kolkata Knight Riders,Punjab Kings
729309,6,,2014/04/27,Indian Premier League,male,T20,2014,bat,Mumbai Indians,Sharjah Cricket Stadium,Delhi Capitals,Delhi Capitals,Mumbai Indians
729311,6,,2014/04/27,Indian Premier League,male,T20,2014,bat,Sunrisers Hyderabad,Sharjah Cricket Stadium,Chennai Super Kings,Sunrisers Hyderabad,Chennai Super Kings
729313,6,,2014/04/28,Indian Premier League,male,T20,2014,field,Kings XI Punjab,Dubai International Cricket Stadium,Punjab Kings,Punjab Kings,Royal Challengers Bengaluru
729315,6,Abu Dhabi,2014/04/29,Indian Premier League,male,T20,2014,bat,Rajasthan Royals,Sheikh Zayed Stadium,,Kolkata Knight Riders,Rajasthan Royals
729317,6,,2014/04/30,Indian Premier League,male,T20,2014,field,Mumbai Indians,Dubai International Cricket Stadium,Sunrisers Hyderabad,Mumbai Indians,Sunrisers Hyderabad
733971,6,Ranchi,2014/05/02,Indian Premier League,male,T20,2014,bat,Chennai Super Kings,JSCA International Stadium Complex,Chennai Super Kings,Chennai Super Kings,Kolkata Knight Riders
733973,6,Mumbai,2014/05/03,Indian Premier League,male,T20,2014,bat,Kings XI Punjab,Wankhede Stadium,Mumbai Indians,Mumbai Indians,Punjab Kings
733975,6,Delhi,2014/05/03,Indian Premier League,male,T20,2014,field,Rajasthan Royals,Feroz Shah Kotla,Rajasthan Royals,Delhi Capitals,Rajasthan Royals
733977,6,Bangalore,2014/05/04,Indian Premier League,male,T20,2014,field,Royal Challengers Bangalore,M Chinnaswamy Stadium,Royal Challengers Bengaluru,Royal Challengers Bengaluru,Sunrisers Hyderabad
733979,6,Ahmedabad,2014/05/05,Indian Premier League,male,T20,2014,field,Kolkata Knight Riders,"""Sardar Patel Stadium, Motera""",Rajasthan Royals,Rajasthan Royals,Kolkata Knight Riders
733981,6,Delhi,2014/05/05,Indian Premier League,male,T20,2014,field,Chennai Super Kings,Feroz Shah Kotla,Chennai Super Kings,Delhi Capitals,Chennai Super Kings
733983,6,Mumbai,2014/05/06,Indian Premier League,male,T20,2014,field,Royal Challengers Bangalore,Wankhede Stadium,Mumbai Indians,Mumbai Indians,Royal Challengers Bengaluru
733985,6,Delhi,2014/05/07,Indian Premier League,male,T20,2014,bat,Delhi Daredevils,Feroz Shah Kotla,Kolkata Knight Riders,Delhi Capitals,Kolkata Knight Riders
733987,6,Cuttack,2014/05/07,Indian Premier League,male,T20,2014,field,Chennai Super Kings,Barabati Stadium,Punjab Kings,Punjab Kings,Chennai Super Kings
733989,6,Ahmedabad,2014/05/08,Indian Premier League,male,T20,2014,field,Rajasthan Royals,"""Sardar Patel Stadium, Motera""",Sunrisers Hyderabad,Rajasthan Royals,Sunrisers Hyderabad
733991,6,Bangalore,2014/05/09,Indian Premier League,male,T20,2014,field,Royal Challengers Bangalore,M Chinnaswamy Stadium,Punjab Kings,Royal Challengers Bengaluru,Punjab Kings
733993,6,Delhi,2014/05/10,Indian Premier League,male,T20,2014,field,Sunrisers Hyderabad,Feroz Shah Kotla,Sunrisers Hyderabad,Delhi Capitals,Sunrisers Hyderabad
733995,6,Mumbai,2014/05/10,Indian Premier League,male,T20,2014,field,Chennai Super Kings,Wankhede Stadium,Chennai Super Kings,Mumbai Indians,Chennai Super Kings
733997,6,Cuttack,2014/05/11,Indian Premier League,male,T20,2014,field,Kolkata Knight Riders,Barabati Stadium,Kolkata Knight Riders,Punjab Kings,Kolkata Knight Riders
733999,6,Bangalore,2014/05/11,Indian Premier League,male,T20,2014,bat,Royal Challengers Bangalore,M Chinnaswamy Stadium,Rajasthan Royals,Royal Challengers Bengaluru,Rajasthan Royals
734001,6,Hyderabad,2014/05/12,Indian Premier League,male,T20,2014,bat,Sunrisers Hyderabad,"""Rajiv Gandhi International Stadium, Uppal""",Mumbai Indians,Sunrisers Hyderabad,Mumbai Indians
734003,6,Ranchi,2014/05/13,Indian Premier League,male,T20,2014,bat,Rajasthan Royals,JSCA International Stadium Complex,Chennai Super Kings,Chennai Super Kings,Rajasthan Royals
734005,6,Bangalore,2014/05/13,Indian Premier League,male,T20,2014,field,Delhi Daredevils,M Chinnaswamy Stadium,Royal Challengers Bengaluru,Royal Challengers Bengaluru,Delhi Capitals
734007,6,Hyderabad,2014/05/14,Indian Premier League,male,T20,2014,field,Kings XI Punjab,"""Rajiv Gandhi International Stadium, Uppal""",Punjab Kings,Sunrisers Hyderabad,Punjab Kings
734009,6,Cuttack,2014/05/14,Indian Premier League,male,T20,2014,field,Kolkata Knight Riders,Barabati Stadium,Kolkata Knight Riders,Kolkata Knight Riders,Mumbai Indians
734011,6,Ahmedabad,2014/05/15,Indian Premier League,male,T20,2014,field,Delhi Daredevils,"""Sardar Patel Stadium, Motera""",Rajasthan Royals,Rajasthan Royals,Delhi Capitals
734013,6,Ranchi,2014/05/18,Indian Premier League,male,T20,2014,bat,Chennai Super Kings,JSCA International Stadium Complex,Royal Challengers Bengaluru,Chennai Super Kings,Royal Challengers Bengaluru
734015,6,Hyderabad,2014/05/18,Indian Premier League,male,T20,2014,bat,Sunrisers Hyderabad,"""Rajiv Gandhi International Stadium, Uppal""",Kolkata Knight Riders,Sunrisers Hyderabad,Kolkata Knight Riders
734017,6,Ahmedabad,2014/05/19,Indian Premier League,male,T20,2014,bat,Mumbai Indians,"""Sardar Patel Stadium, Motera""",Mumbai Indians,Rajasthan Royals,Mumbai Indians
734019,6,Delhi,2014/05/19,Indian Premier League,male,T20,2014,field,Kings XI Punjab,Feroz Shah Kotla,Punjab Kings,Delhi Capitals,Punjab Kings
734021,6,Hyderabad,2014/05/20,Indian Premier League,male,T20,2014,bat,Royal Challengers Bangalore,"""Rajiv Gandhi International Stadium, Uppal""",Sunrisers Hyderabad,Sunrisers Hyderabad,Royal Challengers Bengaluru
734023,6,Kolkata,2014/05/20,Indian Premier League,male,T20,2014,field,Kolkata Knight Riders,Eden Gardens,Kolkata Knight Riders,Kolkata Knight Riders,Chennai Super Kings
734025,6,Chandigarh,2014/05/21,Indian Premier League,male,T20,2014,field,Mumbai Indians,"""Punjab Cricket Association Stadium, Mohali""",Mumbai Indians,Punjab Kings,Mumbai Indians
734027,6,Kolkata,2014/05/22,Indian Premier League,male,T20,2014,field,Royal Challengers Bangalore,Eden Gardens,Kolkata Knight Riders,Kolkata Knight Riders,Royal Challengers Bengaluru
734029,6,Ranchi,2014/05/22,Indian Premier League,male,T20,2014,field,Sunrisers Hyderabad,JSCA International Stadium Complex,Sunrisers Hyderabad,Chennai Super Kings,Sunrisers Hyderabad
734031,6,Mumbai,2014/05/23,Indian Premier League,male,T20,2014,field,Delhi Daredevils,Wankhede Stadium,Mumbai Indians,Mumbai Indians,Delhi Capitals
734033,6,Chandigarh,2014/05/23,Indian Premier League,male,T20,2014,field,Rajasthan Royals,"""Punjab Cricket Association Stadium, Mohali""",Punjab Kings,Punjab Kings,Rajasthan Royals
734035,6,Bangalore,2014/05/24,Indian Premier League,male,T20,2014,field,Chennai Super Kings,M Chinnaswamy Stadium,Chennai Super Kings,Royal Challengers Bengaluru,Chennai Super Kings
734037,6,Kolkata,2014/05/24,Indian Premier League,male,T20,2014,field,Kolkata Knight Riders,Eden Gardens,Kolkata Knight Riders,Kolkata Knight Riders,Sunrisers Hyderabad
734039,6,Chandigarh,2014/05/25,Indian Premier League,male,T20,2014,field,Kings XI Punjab,"""Punjab Cricket Association Stadium, Mohali""",Punjab Kings,Punjab Kings,Delhi Capitals
734041,6,Mumbai,2014/05/25,Indian Premier League,male,T20,2014,field,Mumbai Indians,Wankhede Stadium,Mumbai Indians,Mumbai Indians,Rajasthan Royals
734043,6,Kolkata,2014/05/27,Indian Premier League,male,T20,2014,field,Kings XI Punjab,Eden Gardens,Kolkata Knight Riders,Punjab Kings,Kolkata Knight Riders
734045,6,Mumbai,2014/05/28,Indian Premier League,male,T20,2014,field,Chennai Super Kings,Brabourne Stadium,Chennai Super Kings,Chennai Super Kings,Mumbai Indians
734047,6,Mumbai,2014/05/30,Indian Premier League,male,T20,2014,field,Chennai Super Kings,Wankhede Stadium,Punjab Kings,Chennai Super Kings,Punjab Kings
734049,6,Bangalore,2014/06/01,Indian Premier League,male,T20,2014,field,Kolkata Knight Riders,M Chinnaswamy Stadium,Kolkata Knight Riders,Kolkata Knight Riders,Punjab Kings
829705,6,Kolkata,2015/04/08,Indian Premier League,male,T20,2015,field,Kolkata Knight Riders,Eden Gardens,Kolkata Knight Riders,Kolkata Knight Riders,Mumbai Indians
829707,6,Chennai,2015/04/09,Indian Premier League,male,T20,2015,field,Delhi Daredevils,"""MA Chidambaram Stadium, Chepauk""",Chennai Super Kings,Chennai Super Kings,Delhi Capitals
829709,6,Pune,2015/04/10,Indian Premier League,male,T20,2015,field,Kings XI Punjab,Maharashtra Cricket Association Stadium,Rajasthan Royals,Punjab Kings,Rajasthan Royals
829711,6,Chennai,2015/04/11,Indian Premier League,male,T20,2015,bat,Chennai Super Kings,"""MA Chidambaram Stadium, Chepauk""",Chennai Super Kings,Chennai Super Kings,Sunrisers Hyderabad
829713,6,Kolkata,2015/04/11,Indian Premier League,male,T20,2015,field,Royal Challengers Bangalore,Eden Gardens,Royal Challengers Bengaluru,Kolkata Knight Riders,Royal Challengers Bengaluru
829715,6,Delhi,2015/04/12,Indian Premier League,male,T20,2015,field,Rajasthan Royals,Feroz Shah Kotla,Rajasthan Royals,Delhi Capitals,Rajasthan Royals
829717,6,Mumbai,2015/04/12,Indian Premier League,male,T20,2015,field,Mumbai Indians,Wankhede Stadium,Punjab Kings,Mumbai Indians,Punjab Kings
829719,6,Bangalore,2015/04/13,Indian Premier League,male,T20,2015,field,Sunrisers Hyderabad,M Chinnaswamy Stadium,Sunrisers Hyderabad,Royal Challengers Bengaluru,Sunrisers Hyderabad
829721,6,Ahmedabad,2015/04/14,Indian Premier League,male,T20,2015,bat,Mumbai Indians,"""Sardar Patel Stadium, Motera""",Rajasthan Royals,Rajasthan Royals,Mumbai Indians
829723,6,Kolkata,2015/04/30,Indian Premier League,male,T20,2015,field,Kolkata Knight Riders,Eden Gardens,Kolkata Knight Riders,Kolkata Knight Riders,Chennai Super Kings
829725,6,Pune,2015/04/15,Indian Premier League,male,T20,2015,bat,Kings XI Punjab,Maharashtra Cricket Association Stadium,Delhi Capitals,Punjab Kings,Delhi Capitals
829727,6,Visakhapatnam,2015/04/16,Indian Premier League,male,T20,2015,field,Rajasthan Royals,Dr. Y.S. Rajasekhara Reddy ACA-VDCA Cricket Stadium,Rajasthan Royals,Sunrisers Hyderabad,Rajasthan Royals
829729,6,Mumbai,2015/04/17,Indian Premier League,male,T20,2015,bat,Mumbai Indians,Wankhede Stadium,Chennai Super Kings,Mumbai Indians,Chennai Super Kings
829731,6,Visakhapatnam,2015/04/18,Indian Premier League,male,T20,2015,bat,Delhi Daredevils,Dr. Y.S. Rajasekhara Reddy ACA-VDCA Cricket Stadium,Delhi Capitals,Sunrisers Hyderabad,Delhi Capitals
829733,6,Pune,2015/04/18,Indian Premier League,male,T20,2015,field,Kolkata Knight Riders,Maharashtra Cricket Association Stadium,Kolkata Knight Riders,Punjab Kings,Kolkata Knight Riders
829735,6,Ahmedabad,2015/04/19,Indian Premier League,male,T20,2015,bat,Chennai Super Kings,"""Sardar Patel Stadium, Motera""",Rajasthan Royals,Rajasthan Royals,Chennai Super Kings
829737,6,Bangalore,2015/04/19,Indian Premier League,male,T20,2015,field,Royal Challengers Bangalore,M Chinnaswamy Stadium,Mumbai Indians,Royal Challengers Bengaluru,Mumbai Indians
829739,6,Delhi,2015/04/20,Indian Premier League,male,T20,2015,field,Kolkata Knight Riders,Feroz Shah Kotla,Kolkata Knight Riders,Delhi Capitals,Kolkata Knight Riders
829741,6,Ahmedabad,2015/04/21,Indian Premier League,male,T20,2015,field,Kings XI Punjab,"""Sardar Patel Stadium, Motera""",,Rajasthan Royals,Punjab Kings
829743,6,Visakhapatnam,2015/04/22,Indian Premier League,male,T20,2015,field,Kolkata Knight Riders,Dr. Y.S. Rajasekhara Reddy ACA-VDCA Cricket Stadium,Sunrisers Hyderabad,Sunrisers Hyderabad,Kolkata Knight Riders
829745,6,Bangalore,2015/04/22,Indian Premier League,male,T20,2015,field,Royal Challengers Bangalore,M Chinnaswamy Stadium,Chennai Super Kings,Royal Challengers Bengaluru,Chennai Super Kings
829747,6,Delhi,2015/04/23,Indian Premier League,male,T20,2015,field,Mumbai Indians,Feroz Shah Kotla,Delhi Capitals,Delhi Capitals,Mumbai Indians
829749,6,Ahmedabad,2015/04/24,Indian Premier League,male,T20,2015,field,Royal Challengers Bangalore,"""Sardar Patel Stadium, Motera""",Royal Challengers Bengaluru,Rajasthan Royals,Royal Challengers Bengaluru
829751,6,Mumbai,2015/04/25,Indian Premier League,male,T20,2015,bat,Mumbai Indians,Wankhede Stadium,Mumbai Indians,Mumbai Indians,Sunrisers Hyderabad
829753,6,Chennai,2015/04/25,Indian Premier League,male,T20,2015,bat,Chennai Super Kings,"""MA Chidambaram Stadium, Chepauk""",Chennai Super Kings,Chennai Super Kings,Punjab Kings
829757,6,Delhi,2015/04/26,Indian Premier League,male,T20,2015,field,Royal Challengers Bangalore,Feroz Shah Kotla,Royal Challengers Bengaluru,Delhi Capitals,Royal Challengers Bengaluru
829759,6,Chandigarh,2015/04/27,Indian Premier League,male,T20,2015,field,Kings XI Punjab,"""Punjab Cricket Association Stadium, Mohali""",Sunrisers Hyderabad,Punjab Kings,Sunrisers Hyderabad
829761,6,Kolkata,2015/05/07,Indian Premier League,male,T20,2015,bat,Kolkata Knight Riders,Eden Gardens,Kolkata Knight Riders,Kolkata Knight Riders,Delhi Capitals
829763,6,Bangalore,2015/04/29,Indian Premier League,male,T20,2015,field,Rajasthan Royals,M Chinnaswamy Stadium,,Royal Challengers Bengaluru,Rajasthan Royals
829765,6,Chennai,2015/04/28,Indian Premier League,male,T20,2015,field,Kolkata Knight Riders,"""MA Chidambaram Stadium, Chepauk""",Chennai Super Kings,Chennai Super Kings,Kolkata Knight Riders
829767,6,Delhi,2015/05/01,Indian Premier League,male,T20,2015,field,Delhi Daredevils,Feroz Shah Kotla,Delhi Capitals,Delhi Capitals,Punjab Kings
829769,6,Mumbai,2015/05/01,Indian Premier League,male,T20,2015,field,Rajasthan Royals,Wankhede Stadium,Mumbai Indians,Mumbai Indians,Rajasthan Royals
829771,6,Bangalore,2015/05/02,Indian Premier League,male,T20,2015,field,Royal Challengers Bangalore,M Chinnaswamy Stadium,Royal Challengers Bengaluru,Royal Challengers Bengaluru,Kolkata Knight Riders
829773,6,Hyderabad,2015/05/02,Indian Premier League,male,T20,2015,field,Chennai Super Kings,"""Rajiv Gandhi International Stadium, Uppal""",Sunrisers Hyderabad,Sunrisers Hyderabad,Chennai Super Kings
829775,6,Chandigarh,2015/05/03,Indian Premier League,male,T20,2015,bat,Mumbai Indians,"""Punjab Cricket Association Stadium, Mohali""",Mumbai Indians,Punjab Kings,Mumbai Indians
829777,6,Mumbai,2015/05/03,Indian Premier League,male,T20,2015,field,Delhi Daredevils,Brabourne Stadium,Rajasthan Royals,Rajasthan Royals,Delhi Capitals
829779,6,Chennai,2015/05/04,Indian Premier League,male,T20,2015,bat,Chennai Super Kings,"""MA Chidambaram Stadium, Chepauk""",Chennai Super Kings,Chennai Super Kings,Royal Challengers Bengaluru
829781,6,Kolkata,2015/05/04,Indian Premier League,male,T20,2015,field,Sunrisers Hyderabad,Eden Gardens,Kolkata Knight Riders,Kolkata Knight Riders,Sunrisers Hyderabad
829783,6,Mumbai,2015/05/05,Indian Premier League,male,T20,2015,bat,Delhi Daredevils,Wankhede Stadium,Mumbai Indians,Mumbai Indians,Delhi Capitals
829785,6,Bangalore,2015/05/06,Indian Premier League,male,T20,2015,field,Kings XI Punjab,M Chinnaswamy Stadium,Royal Challengers Bengaluru,Royal Challengers Bengaluru,Punjab Kings
829787,6,Mumbai,2015/05/07,Indian Premier League,male,T20,2015,field,Rajasthan Royals,Brabourne Stadium,Sunrisers Hyderabad,Rajasthan Royals,Sunrisers Hyderabad
829789,6,Chennai,2015/05/08,Indian Premier League,male,T20,2015,bat,Chennai Super Kings,"""MA Chidambaram Stadium, Chepauk""",Mumbai Indians,Chennai Super Kings,Mumbai Indians
829791,6,Kolkata,2015/05/09,Indian Premier League,male,T20,2015,bat,Kings XI Punjab,Eden Gardens,Kolkata Knight Riders,Kolkata Knight Riders,Punjab Kings
829793,6,Raipur,2015/05/09,Indian Premier League,male,T20,2015,bat,Sunrisers Hyderabad,Shaheed Veer Narayan Singh International Stadium,Sunrisers Hyderabad,Delhi Capitals,Sunrisers Hyderabad
829795,6,Mumbai,2015/05/10,Indian Premier League,male,T20,2015,bat,Royal Challengers Bangalore,Wankhede Stadium,Royal Challengers Bengaluru,Mumbai Indians,Royal Challengers Bengaluru
829797,6,Chennai,2015/05/10,Indian Premier League,male,T20,2015,bat,Chennai Super Kings,"""MA Chidambaram Stadium, Chepauk""",Chennai Super Kings,Chennai Super Kings,Rajasthan Royals
829799,6,Hyderabad,2015/05/11,Indian Premier League,male,T20,2015,bat,Sunrisers Hyderabad,"""Rajiv Gandhi International Stadium, Uppal""",Sunrisers Hyderabad,Sunrisers Hyderabad,Punjab Kings
829801,6,Raipur,2015/05/12,Indian Premier League,male,T20,2015,bat,Chennai Super Kings,Shaheed Veer Narayan Singh International Stadium,Delhi Capitals,Delhi Capitals,Chennai Super Kings
829803,6,Chandigarh,2015/05/13,Indian Premier League,male,T20,2015,field,Royal Challengers Bangalore,"""Punjab Cricket Association Stadium, Mohali""",Punjab Kings,Punjab Kings,Royal Challengers Bengaluru
829805,6,Mumbai,2015/05/14,Indian Premier League,male,T20,2015,field,Kolkata Knight Riders,Wankhede Stadium,Mumbai Indians,Mumbai Indians,Kolkata Knight Riders
829807,6,Hyderabad,2015/05/15,Indian Premier League,male,T20,2015,bat,Sunrisers Hyderabad,"""Rajiv Gandhi International Stadium, Uppal""",Royal Challengers Bengaluru,Sunrisers Hyderabad,Royal Challengers Bengaluru
829809,6,Chandigarh,2015/05/16,Indian Premier League,male,T20,2015,bat,Kings XI Punjab,"""Punjab Cricket Association Stadium, Mohali""",Chennai Super Kings,Punjab Kings,Chennai Super Kings
829811,6,Mumbai,2015/05/16,Indian Premier League,male,T20,2015,bat,Rajasthan Royals,Brabourne Stadium,Rajasthan Royals,Rajasthan Royals,Kolkata Knight Riders
829813,6,Bangalore,2015/05/17,Indian Premier League,male,T20,2015,field,Royal Challengers Bangalore,M Chinnaswamy Stadium,,Royal Challengers Bengaluru,Delhi Capitals
829815,6,Hyderabad,2015/05/17,Indian Premier League,male,T20,2015,bat,Sunrisers Hyderabad,"""Rajiv Gandhi International Stadium, Uppal""",Mumbai Indians,Sunrisers Hyderabad,Mumbai Indians
829817,6,Mumbai,2015/05/19,Indian Premier League,male,T20,2015,bat,Mumbai Indians,Wankhede Stadium,Mumbai Indians,Chennai Super Kings,Mumbai Indians
829819,6,Pune,2015/05/20,Indian Premier League,male,T20,2015,bat,Royal Challengers Bangalore,Maharashtra Cricket Association Stadium,Royal Challengers Bengaluru,Royal Challengers Bengaluru,Rajasthan Royals
829821,6,Ranchi,2015/05/22,Indian Premier League,male,T20,2015,field,Chennai Super Kings,JSCA International Stadium Complex,Chennai Super Kings,Chennai Super Kings,Royal Challengers Bengaluru
829823,6,Kolkata,2015/05/24,Indian Premier League,male,T20,2015,field,Chennai Super Kings,Eden Gardens,Mumbai Indians,Mumbai Indians,Chennai Super Kings
980901,6,Mumbai,2016/04/09,Indian Premier League,male,T20,2016,bat,Mumbai Indians,Wankhede Stadium,Rising Pune Supergiants,Mumbai Indians,Rising Pune Supergiants
980903,6,Kolkata,2016/04/10,Indian Premier League,male,T20,2016,field,Kolkata Knight Riders,Eden Gardens,Kolkata Knight Riders,Kolkata Knight Riders,Delhi Capitals
980905,6,Chandigarh,2016/04/11,Indian Premier League,male,T20,2016,field,Gujarat Lions,"""Punjab Cricket Association IS Bindra Stadium, Mohali""",Gujarat Lions,Punjab Kings,Gujarat Lions
980907,6,Bangalore,2016/04/12,Indian Premier League,male,T20,2016,field,Sunrisers Hyderabad,M Chinnaswamy Stadium,Royal Challengers Bengaluru,Royal Challengers Bengaluru,Sunrisers Hyderabad
980909,6,Kolkata,2016/04/13,Indian Premier League,male,T20,2016,field,Mumbai Indians,Eden Gardens,Mumbai Indians,Kolkata Knight Riders,Mumbai Indians
980911,6,Rajkot,2016/04/14,Indian Premier League,male,T20,2016,bat,Rising Pune Supergiants,Saurashtra Cricket Association Stadium,Gujarat Lions,Gujarat Lions,Rising Pune Supergiants
980913,6,Delhi,2016/04/15,Indian Premier League,male,T20,2016,field,Delhi Daredevils,Feroz Shah Kotla,Delhi Capitals,Delhi Capitals,Punjab Kings
980915,6,Hyderabad,2016/04/16,Indian Premier League,male,T20,2016,bat,Sunrisers Hyderabad,"""Rajiv Gandhi International Stadium, Uppal""",Kolkata Knight Riders,Sunrisers Hyderabad,Kolkata Knight Riders
980917,6,Mumbai,2016/04/16,Indian Premier League,male,T20,2016,field,Gujarat Lions,Wankhede Stadium,Gujarat Lions,Mumbai Indians,Gujarat Lions
980919,6,Chandigarh,2016/04/17,Indian Premier League,male,T20,2016,bat,Rising Pune Supergiants,"""Punjab Cricket Association IS Bindra Stadium, Mohali""",Punjab Kings,Punjab Kings,Rising Pune Supergiants
980921,6,Bangalore,2016/04/17,Indian Premier League,male,T20,2016,field,Delhi Daredevils,M Chinnaswamy Stadium,Delhi Capitals,Royal Challengers Bengaluru,Delhi Capitals
980923,6,Hyderabad,2016/04/18,Indian Premier League,male,T20,2016,field,Sunrisers Hyderabad,"""Rajiv Gandhi International Stadium, Uppal""",Sunrisers Hyderabad,Sunrisers Hyderabad,Mumbai Indians
980925,6,Chandigarh,2016/04/19,Indian Premier League,male,T20,2016,field,Kolkata Knight Riders,"""Punjab Cricket Association IS Bindra Stadium, Mohali""",Kolkata Knight Riders,Punjab Kings,Kolkata Knight Riders
980927,6,Mumbai,2016/04/20,Indian Premier League,male,T20,2016,field,Mumbai Indians,Wankhede Stadium,Mumbai Indians,Mumbai Indians,Royal Challengers Bengaluru
980929,6,Rajkot,2016/04/21,Indian Premier League,male,T20,2016,field,Sunrisers Hyderabad,Saurashtra Cricket Association Stadium,Sunrisers Hyderabad,Gujarat Lions,Sunrisers Hyderabad
980931,6,Pune,2016/04/22,Indian Premier League,male,T20,2016,field,Rising Pune Supergiants,Maharashtra Cricket Association Stadium,Royal Challengers Bengaluru,Rising Pune Supergiants,Royal Challengers Bengaluru
980933,6,Delhi,2016/04/23,Indian Premier League,male,T20,2016,field,Mumbai Indians,Feroz Shah Kotla,Delhi Capitals,Delhi Capitals,Mumbai Indians
980935,6,Hyderabad,2016/04/23,Indian Premier League,male,T20,2016,field,Sunrisers Hyderabad,"""Rajiv Gandhi International Stadium, Uppal""",Sunrisers Hyderabad,Sunrisers Hyderabad,Punjab Kings
980937,6,Rajkot,2016/04/24,Indian Premier League,male,T20,2016,bat,Royal Challengers Bangalore,Saurashtra Cricket Association Stadium,Gujarat Lions,Gujarat Lions,Royal Challengers Bengaluru
980939,6,Pune,2016/04/24,Indian Premier League,male,T20,2016,field,Kolkata Knight Riders,Maharashtra Cricket Association Stadium,Kolkata Knight Riders,Rising Pune Supergiants,Kolkata Knight Riders
980941,6,Chandigarh,2016/04/25,Indian Premier League,male,T20,2016,field,Kings XI Punjab,"""Punjab Cricket Association IS Bindra Stadium, Mohali""",Mumbai Indians,Punjab Kings,Mumbai Indians
980943,6,Hyderabad,2016/04/26,Indian Premier League,male,T20,2016,field,Rising Pune Supergiants,"""Rajiv Gandhi International Stadium, Uppal""",Rising Pune Supergiants,Sunrisers Hyderabad,Rising Pune Supergiants
980945,6,Delhi,2016/04/27,Indian Premier League,male,T20,2016,field,Delhi Daredevils,Feroz Shah Kotla,Gujarat Lions,Delhi Capitals,Gujarat Lions
980947,6,Mumbai,2016/04/28,Indian Premier League,male,T20,2016,field,Mumbai Indians,Wankhede Stadium,Mumbai Indians,Mumbai Indians,Kolkata Knight Riders
980949,6,Pune,2016/04/29,Indian Premier League,male,T20,2016,field,Gujarat Lions,Maharashtra Cricket Association Stadium,Gujarat Lions,Rising Pune Supergiants,Gujarat Lions
980951,6,Delhi,2016/04/30,Indian Premier League,male,T20,2016,field,Kolkata Knight Riders,Feroz Shah Kotla,Delhi Capitals,Delhi Capitals,Kolkata Knight Riders
980953,6,Hyderabad,2016/04/30,Indian Premier League,male,T20,2016,field,Royal Challengers Bangalore,"""Rajiv Gandhi International Stadium, Uppal""",Sunrisers Hyderabad,Sunrisers Hyderabad,Royal Challengers Bengaluru
980955,6,Rajkot,2016/05/01,Indian Premier League,male,T20,2016,field,Gujarat Lions,Saurashtra Cricket Association Stadium,Punjab Kings,Gujarat Lions,Punjab Kings
980957,6,Pune,2016/05/01,Indian Premier League,male,T20,2016,field,Mumbai Indians,Maharashtra Cricket Association Stadium,Mumbai Indians,Rising Pune Supergiants,Mumbai Indians
980959,6,Bangalore,2016/05/02,Indian Premier League,male,T20,2016,field,Kolkata Knight Riders,M Chinnaswamy Stadium,Kolkata Knight Riders,Royal Challengers Bengaluru,Kolkata Knight Riders
980961,6,Rajkot,2016/05/03,Indian Premier League,male,T20,2016,field,Delhi Daredevils,Saurashtra Cricket Association Stadium,Delhi Capitals,Gujarat Lions,Delhi Capitals
980963,6,Kolkata,2016/05/04,Indian Premier League,male,T20,2016,field,Kings XI Punjab,Eden Gardens,Kolkata Knight Riders,Kolkata Knight Riders,Punjab Kings
980965,6,Delhi,2016/05/05,Indian Premier League,male,T20,2016,field,Rising Pune Supergiants,Feroz Shah Kotla,Rising Pune Supergiants,Delhi Capitals,Rising Pune Supergiants
980967,6,Hyderabad,2016/05/06,Indian Premier League,male,T20,2016,field,Sunrisers Hyderabad,"""Rajiv Gandhi International Stadium, Uppal""",Sunrisers Hyderabad,Sunrisers Hyderabad,Gujarat Lions
980969,6,Bangalore,2016/05/07,Indian Premier League,male,T20,2016,field,Royal Challengers Bangalore,M Chinnaswamy Stadium,Royal Challengers Bengaluru,Royal Challengers Bengaluru,Rising Pune Supergiants
980971,6,Chandigarh,2016/05/07,Indian Premier League,male,T20,2016,field,Delhi Daredevils,"""Punjab Cricket Association IS Bindra Stadium, Mohali""",Punjab Kings,Punjab Kings,Delhi Capitals
980973,6,Visakhapatnam,2016/05/08,Indian Premier League,male,T20,2016,field,Mumbai Indians,Dr. Y.S. Rajasekhara Reddy ACA-VDCA Cricket Stadium,Sunrisers Hyderabad,Mumbai Indians,Sunrisers Hyderabad
980975,6,Kolkata,2016/05/08,Indian Premier League,male,T20,2016,field,Gujarat Lions,Eden Gardens,Gujarat Lions,Kolkata Knight Riders,Gujarat Lions
980977,6,Chandigarh,2016/05/09,Indian Premier League,male,T20,2016,field,Kings XI Punjab,"""Punjab Cricket Association IS Bindra Stadium, Mohali""",Royal Challengers Bengaluru,Punjab Kings,Royal Challengers Bengaluru
980979,6,Visakhapatnam,2016/05/10,Indian Premier League,male,T20,2016,bat,Sunrisers Hyderabad,Dr. Y.S. Rajasekhara Reddy ACA-VDCA Cricket Stadium,Sunrisers Hyderabad,Rising Pune Supergiants,Sunrisers Hyderabad
980981,6,Bangalore,2016/05/11,Indian Premier League,male,T20,2016,field,Mumbai Indians,M Chinnaswamy Stadium,Mumbai Indians,Royal Challengers Bengaluru,Mumbai Indians
980983,6,Hyderabad,2016/05/12,Indian Premier League,male,T20,2016,field,Delhi Daredevils,"""Rajiv Gandhi International Stadium, Uppal""",Delhi Capitals,Sunrisers Hyderabad,Delhi Capitals
980985,6,Visakhapatnam,2016/05/13,Indian Premier League,male,T20,2016,bat,Mumbai Indians,Dr. Y.S. Rajasekhara Reddy ACA-VDCA Cricket Stadium,Punjab Kings,Mumbai Indians,Punjab Kings
980987,6,Bangalore,2016/05/14,Indian Premier League,male,T20,2016,field,Gujarat Lions,M Chinnaswamy Stadium,Royal Challengers Bengaluru,Royal Challengers Bengaluru,Gujarat Lions
980989,6,Kolkata,2016/05/14,Indian Premier League,male,T20,2016,bat,Rising Pune Supergiants,Eden Gardens,Kolkata Knight Riders,Kolkata Knight Riders,Rising Pune Supergiants
980991,6,Chandigarh,2016/05/15,Indian Premier League,male,T20,2016,bat,Kings XI Punjab,"""Punjab Cricket Association IS Bindra Stadium, Mohali""",Sunrisers Hyderabad,Punjab Kings,Sunrisers Hyderabad
980993,6,Visakhapatnam,2016/05/15,Indian Premier League,male,T20,2016,field,Delhi Daredevils,Dr. Y.S. Rajasekhara Reddy ACA-VDCA Cricket Stadium,Mumbai Indians,Mumbai Indians,Delhi Capitals
980995,6,Kolkata,2016/05/16,Indian Premier League,male,T20,2016,field,Royal Challengers Bangalore,Eden Gardens,Royal Challengers Bengaluru,Kolkata Knight Riders,Royal Challengers Bengaluru
980997,6,Visakhapatnam,2016/05/17,Indian Premier League,male,T20,2016,field,Rising Pune Supergiants,Dr. Y.S. Rajasekhara Reddy ACA-VDCA Cricket Stadium,Rising Pune Supergiants,Rising Pune Supergiants,Delhi Capitals
980999,6,Bangalore,2016/05/18,Indian Premier League,male,T20,2016,field,Kings XI Punjab,M Chinnaswamy Stadium,Royal Challengers Bengaluru,Royal Challengers Bengaluru,Punjab Kings
981001,6,Kanpur,2016/05/19,Indian Premier League,male,T20,2016,field,Gujarat Lions,Green Park,Gujarat Lions,Gujarat Lions,Kolkata Knight Riders
981003,6,Raipur,2016/05/20,Indian Premier League,male,T20,2016,field,Delhi Daredevils,Shaheed Veer Narayan Singh International Stadium,Delhi Capitals,Delhi Capitals,Sunrisers Hyderabad
981005,6,Visakhapatnam,2016/05/21,Indian Premier League,male,T20,2016,bat,Kings XI Punjab,Dr. Y.S. Rajasekhara Reddy ACA-VDCA Cricket Stadium,Rising Pune Supergiants,Rising Pune Supergiants,Punjab Kings
981007,6,Kanpur,2016/05/21,Indian Premier League,male,T20,2016,field,Gujarat Lions,Green Park,Gujarat Lions,Gujarat Lions,Mumbai Indians
981009,6,Kolkata,2016/05/22,Indian Premier League,male,T20,2016,field,Sunrisers Hyderabad,Eden Gardens,Kolkata Knight Riders,Kolkata Knight Riders,Sunrisers Hyderabad
981011,6,Raipur,2016/05/22,Indian Premier League,male,T20,2016,field,Royal Challengers Bangalore,Shaheed Veer Narayan Singh International Stadium,Royal Challengers Bengaluru,Delhi Capitals,Royal Challengers Bengaluru
981013,6,Bangalore,2016/05/24,Indian Premier League,male,T20,2016,field,Royal Challengers Bangalore,M Chinnaswamy Stadium,Royal Challengers Bengaluru,Gujarat Lions,Royal Challengers Bengaluru
981015,6,Delhi,2016/05/25,Indian Premier League,male,T20,2016,field,Kolkata Knight Riders,Feroz Shah Kotla,Sunrisers Hyderabad,Sunrisers Hyderabad,Kolkata Knight Riders
981017,6,Delhi,2016/05/27,Indian Premier League,male,T20,2016,field,Sunrisers Hyderabad,Feroz Shah Kotla,Sunrisers Hyderabad,Gujarat Lions,Sunrisers Hyderabad
981019,6,Bangalore,2016/05/29,Indian Premier League,male,T20,2016,bat,Sunrisers Hyderabad,M Chinnaswamy Stadium,Sunrisers Hyderabad,Royal Challengers Bengaluru,Sunrisers Hyderabad
